{
  "variants": {
    "facing=east": [
      { "model": "block/carved_pumpkin", "y": 90, "weight": 50  },
      { "model": "block/carved_pumpkin_happy", "y": 90, "weight": 50  },
      { "model": "block/carved_pumpkin_silly", "y": 90, "weight": 7  },
      { "model": "block/carved_pumpkin_sad", "y": 90, "weight": 50  }
    ],

    "facing=north": [
      { "model": "block/carved_pumpkin", "weight": 50  },
      { "model": "block/carved_pumpkin_happy", "weight": 50  },
      { "model": "block/carved_pumpkin_silly", "weight": 7  },
      { "model": "block/carved_pumpkin_sad", "weight": 50  }
    ],

    "facing=south": [
      { "model": "block/carved_pumpkin", "y": 180, "weight": 50 },
      { "model": "block/carved_pumpkin_happy", "y": 180, "weight": 50  },
      { "model": "block/carved_pumpkin_silly", "y": 180, "weight": 7  },
      { "model": "block/carved_pumpkin_sad", "y": 180, "weight": 50  }
    ],

    "facing=west": [
      { "model": "block/carved_pumpkin", "y": 270, "weight": 50  },
      { "model": "block/carved_pumpkin_happy", "y": 270, "weight": 50  },
      { "model": "block/carved_pumpkin_silly", "y": 270, "weight": 7  },
      { "model": "block/carved_pumpkin_sad", "y": 270, "weight": 50  }
    ]
  }
}