{
	"format_version": "1.21.6",
	"credit": "Made with Blockbench",
	"ambientocclusion": false,
	"textures": {
		"5": "block/redstone_torch_off",
		"slab": "block/smooth_stone",
		"particle": "block/comparator",
		"top": "block/comparator",
		"lit": "block/redstone_torch_hand"
	},
	"elements": [
		{
			"from": [0, 0, 0],
			"to": [16, 2, 16],
			"faces": {
				"north": {"uv": [0, 14, 16, 16], "texture": "#slab", "cullface": "north"},
				"east": {"uv": [0, 14, 16, 16], "texture": "#slab", "cullface": "east"},
				"south": {"uv": [0, 14, 16, 16], "texture": "#slab", "cullface": "south"},
				"west": {"uv": [0, 14, 16, 16], "texture": "#slab", "cullface": "west"},
				"up": {"uv": [0, 0, 16, 16], "texture": "#top"},
				"down": {"uv": [0, 0, 16, 16], "texture": "#slab", "cullface": "down"}
			}
		},
		{
			"from": [4, 2, 11],
			"to": [6, 7, 13],
			"faces": {
				"north": {"uv": [6, 6, 8, 11], "texture": "#5"},
				"east": {"uv": [1, 6, 3, 11], "texture": "#5"},
				"south": {"uv": [6, 6, 8, 11], "texture": "#5"},
				"west": {"uv": [1, 6, 3, 11], "texture": "#5"},
				"up": {"uv": [4, 6, 6, 8], "texture": "#5"}
			}
		},
		{
			"from": [10, 2, 11],
			"to": [12, 7, 13],
			"rotation": {"angle": 0, "axis": "y", "origin": [6, 0, 0]},
			"faces": {
				"north": {"uv": [6, 6, 8, 11], "texture": "#5"},
				"east": {"uv": [1, 6, 3, 11], "texture": "#5"},
				"south": {"uv": [6, 6, 8, 11], "texture": "#5"},
				"west": {"uv": [1, 6, 3, 11], "texture": "#5"},
				"up": {"uv": [4, 6, 6, 8], "texture": "#5"}
			}
		},
		{
			"from": [7, 2, 2],
			"to": [9, 5, 4],
			"shade": false,
			"faces": {
				"north": {"uv": [6, 6, 8, 9], "texture": "#lit"},
				"east": {"uv": [1, 6, 3, 9], "texture": "#lit"},
				"south": {"uv": [6, 6, 8, 9], "texture": "#lit"},
				"west": {"uv": [1, 6, 3, 9], "texture": "#lit"},
				"up": {"uv": [4, 6, 6, 8], "texture": "#lit"}
			}
		},
		{
			"from": [6.5, -0.5, 1.5],
			"to": [9.5, 2.5, 4.5],
			"shade": false,
			"faces": {
				"up": {"uv": [2, 5, 3, 6], "texture": "#lit"}
			}
		},
		{
			"from": [6.5, 5.5, 1.5],
			"to": [9.5, 8.5, 4.5],
			"shade": false,
			"faces": {
				"down": {"uv": [2, 5, 3, 6], "texture": "#lit"}
			}
		},
		{
			"from": [6.5, 2.5, -1.5],
			"to": [9.5, 5.5, 1.5],
			"shade": false,
			"faces": {
				"south": {"uv": [2, 5, 3, 6], "texture": "#lit"}
			}
		},
		{
			"from": [6.5, 2.5, 4.5],
			"to": [9.5, 5.5, 7.5],
			"shade": false,
			"faces": {
				"north": {"uv": [2, 5, 3, 6], "texture": "#lit"}
			}
		},
		{
			"from": [3.5, 2.5, 1.5],
			"to": [6.5, 5.5, 4.5],
			"shade": false,
			"faces": {
				"east": {"uv": [2, 5, 3, 6], "texture": "#lit"}
			}
		},
		{
			"from": [9.5, 2.5, 1.5],
			"to": [12.5, 5.5, 4.5],
			"shade": false,
			"faces": {
				"west": {"uv": [2, 5, 3, 6], "texture": "#lit"}
			}
		}
	]
}