{
	"credit": "Made with Blockbench",
	"ambientocclusion": false,
	"textures": {
		"2": "block/flower_pot",
		"bamboo": "block/bamboo_stalk",
		"leaf": "block/bamboo_singleleaf",
		"particle": "block/flower_pot",
		"dirt": "block/dirt_pot"
	},
	"elements": [
		{
			"from": [7, 0, 7],
			"to": [9, 16, 9],
			"faces": {
				"north": {"uv": [6, 0, 8, 16], "texture": "#bamboo"},
				"east": {"uv": [6, 0, 8, 16], "texture": "#bamboo"},
				"south": {"uv": [6, 0, 8, 16], "texture": "#bamboo"},
				"west": {"uv": [6, 0, 8, 16], "texture": "#bamboo"},
				"up": {"uv": [13, 0, 15, 2], "texture": "#bamboo", "cullface": "up"}
			}
		},
		{
			"from": [0, 2, 8],
			"to": [16, 18, 8],
			"shade": false,
			"faces": {
				"north": {"uv": [0, 0, 16, 16], "texture": "#leaf"},
				"south": {"uv": [16, 0, 0, 16], "texture": "#leaf"}
			}
		},
		{
			"from": [5, 1, 5],
			"to": [6, 1, 11],
			"faces": {
				"north": {"uv": [10, 15, 11, 15], "texture": "#2"},
				"east": {"uv": [5, 15, 11, 15], "texture": "#2"},
				"south": {"uv": [5, 15, 6, 15], "texture": "#2"},
				"west": {"uv": [5, 15, 11, 15], "texture": "#2"},
				"up": {"uv": [5, 5, 6, 11], "texture": "#2"},
				"down": {"uv": [5, 5, 6, 11], "texture": "#2", "cullface": "down"}
			}
		},
		{
			"from": [5, 1, 5],
			"to": [6, 6, 11],
			"faces": {
				"north": {"uv": [10, 10, 11, 15], "texture": "#2"},
				"east": {"uv": [5, 10, 11, 15], "texture": "#2"},
				"south": {"uv": [5, 10, 6, 15], "texture": "#2"},
				"west": {"uv": [5, 10, 11, 15], "texture": "#2"},
				"up": {"uv": [5, 5, 6, 11], "texture": "#2"},
				"down": {"uv": [5, 5, 6, 11], "texture": "#2", "cullface": "down"}
			}
		},
		{
			"from": [10, 1, 5],
			"to": [11, 6, 11],
			"faces": {
				"north": {"uv": [5, 10, 6, 15], "texture": "#2"},
				"east": {"uv": [5, 10, 11, 15], "texture": "#2"},
				"south": {"uv": [10, 10, 11, 15], "texture": "#2"},
				"west": {"uv": [5, 10, 11, 15], "texture": "#2"},
				"up": {"uv": [10, 5, 11, 11], "texture": "#2"},
				"down": {"uv": [10, 5, 11, 11], "texture": "#2", "cullface": "down"}
			}
		},
		{
			"from": [6, 1, 5],
			"to": [10, 6, 6],
			"faces": {
				"north": {"uv": [6, 10, 10, 15], "texture": "#2"},
				"south": {"uv": [6, 10, 10, 15], "texture": "#2"},
				"up": {"uv": [6, 5, 10, 6], "texture": "#2"},
				"down": {"uv": [6, 10, 10, 11], "texture": "#2", "cullface": "down"}
			}
		},
		{
			"from": [6, 1, 10],
			"to": [10, 6, 11],
			"faces": {
				"north": {"uv": [6, 10, 10, 15], "texture": "#2"},
				"south": {"uv": [6, 10, 10, 15], "texture": "#2"},
				"up": {"uv": [6, 10, 10, 11], "texture": "#2"},
				"down": {"uv": [6, 5, 10, 6], "texture": "#2", "cullface": "down"}
			}
		},
		{
			"from": [5.3, 0, 5.3],
			"to": [10.7, 1, 10.7],
			"rotation": {"angle": 0, "axis": "y", "origin": [6, 0, 6]},
			"faces": {
				"north": {"uv": [5, 15, 11, 16], "texture": "#2"},
				"east": {"uv": [5, 15, 11, 16], "texture": "#2"},
				"south": {"uv": [5, 15, 11, 16], "texture": "#2"},
				"west": {"uv": [5, 15, 11, 16], "texture": "#2"},
				"up": {"uv": [11, 12, 15, 16], "texture": "#2"},
				"down": {"uv": [11, 12, 15, 16], "texture": "#2"}
			}
		},
		{
			"from": [6, 4, 6],
			"to": [10, 4, 10],
			"rotation": {"angle": 0, "axis": "y", "origin": [6, 2, 5]},
			"faces": {
				"north": {"uv": [0, 0, 4, 0], "texture": "#dirt"},
				"east": {"uv": [0, 0, 5, 0], "texture": "#dirt"},
				"south": {"uv": [0, 0, 4, 0], "texture": "#dirt"},
				"west": {"uv": [0, 0, 5, 0], "texture": "#dirt"},
				"up": {"uv": [12, 5, 16, 9], "texture": "#dirt"},
				"down": {"uv": [12, 5, 16, 9], "texture": "#dirt"}
			}
		},
		{
			"from": [4.85, 4.775, 4.85],
			"to": [11.15, 6.025, 11.15],
			"rotation": {"angle": 0, "axis": "y", "origin": [3.8, 4.975, 4.85]},
			"faces": {
				"north": {"uv": [5, 10, 11, 11], "texture": "#2"},
				"east": {"uv": [5, 10, 11, 11], "texture": "#2"},
				"south": {"uv": [5, 10, 11, 11], "texture": "#2"},
				"west": {"uv": [5, 10, 11, 11], "texture": "#2"},
				"up": {"uv": [5, 5, 11, 11], "texture": "#2"},
				"down": {"uv": [12, 0, 16, 4], "texture": "#2"}
			}
		},
		{
			"name": "cube_outline",
			"from": [11.15, 6.025, 11.15],
			"to": [4.85, 4.775, 4.85],
			"rotation": {"angle": 0, "axis": "y", "origin": [3.8, 4.975, 4.85]},
			"faces": {
				"north": {"uv": [5, 10, 11, 11], "rotation": 180, "texture": "#2"},
				"east": {"uv": [5, 10, 11, 11], "rotation": 180, "texture": "#2"},
				"south": {"uv": [5, 10, 11, 11], "rotation": 180, "texture": "#2"},
				"west": {"uv": [5, 10, 11, 11], "rotation": 180, "texture": "#2"},
				"up": {"uv": [12, 0, 16, 4], "rotation": 180, "texture": "#2"},
				"down": {"uv": [5, 5, 11, 11], "rotation": 180, "texture": "#2"}
			}
		}
	],
	"display": {
		"thirdperson_righthand": {
			"translation": [-1.75, 3.25, 2],
			"scale": [0.61, 0.61, 0.61]
		},
		"thirdperson_lefthand": {
			"translation": [-1.75, 3.25, 2],
			"scale": [0.61, 0.61, 0.61]
		},
		"firstperson_righthand": {
			"rotation": [0.73, 114, -0.13],
			"translation": [-3.25, 6.25, 4.5],
			"scale": [0.35, 0.41, 0.35]
		},
		"firstperson_lefthand": {
			"rotation": [0.73, 114, -0.13],
			"translation": [-3.25, 6.25, 4.5],
			"scale": [0.35, 0.41, 0.35]
		}
	}
}