{
	"format_version": "1.21.6",
	"credit": "Made with Blockbench",
	"parent": "minecraft:block/template_redstone_torch",
	"textures": {
		"particle": "block/redstone_torch_hand",
		"torch": "block/redstone_torch_hand"
	},
	"elements": [
		{
			"from": [7, 0, 7],
			"to": [9, 10, 9],
			"shade": false,
			"faces": {
				"north": {"uv": [6, 6, 8, 16], "texture": "#torch"},
				"east": {"uv": [1, 6, 3, 16], "texture": "#torch"},
				"south": {"uv": [6, 6, 8, 16], "texture": "#torch"},
				"west": {"uv": [1, 6, 3, 16], "texture": "#torch"},
				"up": {"uv": [4, 6, 6, 8], "texture": "#torch"},
				"down": {"uv": [3, 9, 5, 11], "rotation": 90, "texture": "#torch", "cullface": "down"}
			}
		},
		{
			"from": [6.5, 7.5, 6.5],
			"to": [9.5, 7.5, 9.5],
			"shade": false,
			"faces": {
				"up": {"uv": [2, 5, 3, 6], "texture": "#torch"}
			}
		},
		{
			"from": [6.5, 10.5, 6.5],
			"to": [9.5, 10.5, 9.5],
			"shade": false,
			"faces": {
				"down": {"uv": [1, 5, 2, 6], "texture": "#torch", "cullface": "up"}
			}
		},
		{
			"from": [6.5, 7.5, 6.5],
			"to": [9.5, 10.5, 6.5],
			"shade": false,
			"faces": {
				"south": {"uv": [3, 6, 4, 7], "texture": "#torch"}
			}
		},
		{
			"from": [9.5, 7.5, 6.5],
			"to": [9.5, 10.5, 9.5],
			"shade": false,
			"faces": {
				"west": {"uv": [0, 7, 1, 8], "texture": "#torch"}
			}
		},
		{
			"from": [6.5, 7.5, 9.5],
			"to": [9.5, 10.5, 9.5],
			"shade": false,
			"faces": {
				"north": {"uv": [0, 6, 1, 7], "texture": "#torch"}
			}
		},
		{
			"from": [6.5, 7.5, 6.5],
			"to": [6.5, 10.5, 9.5],
			"shade": false,
			"faces": {
				"east": {"uv": [3, 7, 4, 8], "texture": "#torch"}
			}
		}
	],
	"display": {
		"thirdperson_righthand": {
			"translation": [-0.25, 3, 1.25],
			"scale": [0.8, 0.8, 0.8]
		},
		"thirdperson_lefthand": {
			"translation": [-0.25, 3, 1.25],
			"scale": [0.8, 0.8, 0.8]
		},
		"firstperson_righthand": {
			"rotation": [-1.1, 0.52, -0.29],
			"translation": [-1, 5.25, 3],
			"scale": [0.56, 0.56, 0.56]
		},
		"firstperson_lefthand": {
			"rotation": [-1.1, 0.52, -0.29],
			"translation": [-1, 5.25, 3],
			"scale": [0.56, 0.56, 0.56]
		}
	}
}