{
	"format_version": "1.21.6",
	"credit": "Made with Blockbench",
	"parent": "minecraft:block/template_torch_wall",
	"textures": {
		"0": "block/torch_hand",
		"1": "block/torch_gradient_flame",
		"particle": "block/torch_gradient_flame"
	},
	"elements": [
		{
			"from": [1.89795, 2.92359, 7],
			"to": [3.89795, 12.92359, 9],
			"shade": false,
			"light_emission": 13,
			"rotation": {"angle": -22.5, "axis": "z", "origin": [2.89789, 10.49629, 8.00772]},
			"faces": {
				"north": {"uv": [4, 0, 6, 10], "texture": "#0"},
				"east": {"uv": [0, 0, 2, 10], "texture": "#0"},
				"south": {"uv": [4, 0, 6, 10], "texture": "#0"},
				"west": {"uv": [0, 0, 2, 10], "texture": "#0"},
				"up": {"uv": [4, 2, 2, 0], "texture": "#0"},
				"down": {"uv": [4, 2, 2, 4], "texture": "#0", "cullface": "down"}
			}
		},
		{
			"from": [1.80551, 13.06899, 6.92227],
			"to": [3.99014, 13.06899, 9.10992],
			"shade": false,
			"rotation": {"angle": -22.5, "axis": "z", "origin": [2.89789, 10.49629, 8.00772]},
			"faces": {
				"north": {"uv": [0, 0, 4.2, 0], "texture": "#1"},
				"east": {"uv": [0, 0, 4.4375, 0], "texture": "#1"},
				"south": {"uv": [0, 0, 4.2, 0], "texture": "#1"},
				"west": {"uv": [0, 0, 4.4375, 0], "texture": "#1"},
				"up": {"uv": [5.4375, 0, 9.6375, 0.3125], "texture": "#1"},
				"down": {"uv": [0.0625, 0.01876, 4.375, 0.1], "texture": "#1"}
			}
		},
		{
			"from": [3.92612, 8.4099, 6.88071],
			"to": [3.92612, 13.09125, 9.11735],
			"shade": false,
			"rotation": {"angle": -23.75, "axis": "z", "origin": [2.89789, 10.49629, 8.00772]},
			"faces": {
				"north": {"uv": [0, 0, 0, 11], "texture": "#1"},
				"east": {"uv": [5, 0, 9.41874, 11], "texture": "#1"},
				"south": {"uv": [0, 0, 0, 11], "texture": "#1"},
				"west": {"uv": [0, 0, 4.41876, 11], "texture": "#1"},
				"up": {"uv": [4.3125, 0, 0, 0], "rotation": 90, "texture": "#1"},
				"down": {"uv": [4.3125, 0, 0, 0], "rotation": 270, "texture": "#1"}
			}
		},
		{
			"from": [1.7795, 8.41009, 6.92075],
			"to": [4.01615, 13.09144, 6.92075],
			"shade": false,
			"rotation": {"angle": -22.5, "axis": "z", "origin": [2.89789, 10.49629, 8.00772]},
			"faces": {
				"north": {"uv": [5, 0, 9.41874, 11], "texture": "#1"},
				"east": {"uv": [0, 0, 0, 11], "texture": "#1"},
				"south": {"uv": [0, 0, 4.41876, 11], "texture": "#1"},
				"west": {"uv": [0, 0, 0, 11], "texture": "#1"},
				"up": {"uv": [4.3125, 0, 0, 0], "texture": "#1"},
				"down": {"uv": [4.3125, 0, 0, 0], "texture": "#1"}
			}
		},
		{
			"from": [1.86966, 8.40989, 6.89809],
			"to": [1.86966, 13.09124, 9.13473],
			"shade": false,
			"rotation": {"angle": -21.25, "axis": "z", "origin": [2.89789, 10.49629, 8.00772]},
			"faces": {
				"north": {"uv": [0, 0, 0, 11], "texture": "#1"},
				"east": {"uv": [0, 0, 4.41876, 11], "texture": "#1"},
				"south": {"uv": [0, 0, 0, 11], "texture": "#1"},
				"west": {"uv": [5, 0, 9.41874, 11], "texture": "#1"},
				"up": {"uv": [4.3125, 0, 0, 0], "rotation": 270, "texture": "#1"},
				"down": {"uv": [4.3125, 0, 0, 0], "rotation": 90, "texture": "#1"}
			}
		},
		{
			"from": [1.77963, 8.41008, 9.0947],
			"to": [4.01627, 13.09143, 9.0947],
			"shade": false,
			"rotation": {"angle": -22.5, "axis": "z", "origin": [2.89789, 10.49629, 8.00772]},
			"faces": {
				"north": {"uv": [0, 0, 4.41876, 11], "texture": "#1"},
				"east": {"uv": [0, 0, 0, 11], "texture": "#1"},
				"south": {"uv": [5, 0, 9.41874, 11], "texture": "#1"},
				"west": {"uv": [0, 0, 0, 11], "texture": "#1"},
				"up": {"uv": [4.3125, 0, 0, 0], "rotation": 180, "texture": "#1"},
				"down": {"uv": [4.3125, 0, 0, 0], "rotation": 180, "texture": "#1"}
			}
		}
	],
	"display": {
		"thirdperson_righthand": {
			"translation": [-0.25, 3, 1.25],
			"scale": [0.8, 0.8, 0.8]
		},
		"thirdperson_lefthand": {
			"translation": [-0.25, 3, 1.25],
			"scale": [0.8, 0.8, 0.8]
		},
		"firstperson_righthand": {
			"rotation": [-1.1, 0.52, -0.29],
			"translation": [-1, 5.25, 3],
			"scale": [0.56, 0.56, 0.56]
		},
		"firstperson_lefthand": {
			"rotation": [-1.1, 0.52, -0.29],
			"translation": [-1, 5.25, 3],
			"scale": [0.56, 0.56, 0.56]
		}
	}
}