{
  "model": {
    "type": "minecraft:select",
    "property": "minecraft:display_context",
    "cases": [
      {
        "when": [
          "fixed"
        ],
        "model": {
          "type": "minecraft:select",
          "property": "minecraft:component",
          "component": "minecraft:custom_name",
          "cases": [
            {
              "when": [
                "Plate of Beetroot",
                "Plated Beetroot",
                "Beetroot on Plate",
                "Beetroot on a Plate",
                "Beetroot Plate",
                "Beetroot Plated"
              ],
              "model": {
                "type": "minecraft:model",
                "model": "minecraft:item/plated_foods/plated_beetroot_3d"
              }
            }
          ],
          "fallback": {
            "type": "minecraft:model",
            "model": "minecraft:item/beetroot"
          }
        }
      },
      {
        "when": [
          "firstperson_righthand",
          "firstperson_lefthand",
          "thirdperson_righthand",
          "thirdperson_lefthand",
          "head"
        ],
        "model": {
          "type": "minecraft:select",
          "property": "minecraft:component",
          "component": "minecraft:custom_name",
          "cases": [
            {
              "when": [
                "Plate of Beetroot",
                "Plated Beetroot",
                "Beetroot on Plate",
                "Beetroot on a Plate",
                "Beetroot Plate",
                "Beetroot Plated"
              ],
              "model": {
                "type": "minecraft:model",
                "model": "minecraft:item/plated_foods/plated_beetroot_3d"
              }
            }
          ],
          "fallback": {
            "type": "minecraft:condition",
            "property": "minecraft:using_item",
            "on_true": {
              "type": "minecraft:range_dispatch",
              "property": "minecraft:use_duration",
              "entries": [
                {
                  "threshold": 0,
                  "model": {
                    "type": "minecraft:model",
                    "model": "item/eatinganimation/beetroot/beetroot_eat_0"
                  }
                },
                {
                  "threshold": 6.4,
                  "model": {
                    "type": "minecraft:model",
                    "model": "item/eatinganimation/beetroot/beetroot_eat_1"
                  }
                },
                {
                  "threshold": 12.8,
                  "model": {
                    "type": "minecraft:model",
                    "model": "item/eatinganimation/beetroot/beetroot_eat_2"
                  }
                },
                {
                  "threshold": 19.2,
                  "model": {
                    "type": "minecraft:model",
                    "model": "item/eatinganimation/beetroot/beetroot_eat_3"
                  }
                },
                {
                  "threshold": 25.6,
                  "model": {
                    "type": "minecraft:model",
                    "model": "item/eatinganimation/beetroot/beetroot_eat_4"
                  }
                },
                {
                  "threshold": 31.5,
                  "model": {
                    "type": "minecraft:model",
                    "model": "item/beetroot_3d"
                  }
                }
              ]
            },
            "on_false": {
              "type": "minecraft:model",
              "model": "minecraft:item/beetroot_3d"
            }
          }
        }
      },
      {
        "when": [
          "gui",
          "ground"
        ],
        "model": {
          "type": "minecraft:select",
          "property": "minecraft:component",
          "component": "minecraft:custom_name",
          "cases": [
            {
              "when": [
                "Plate of Beetroot",
                "Plated Beetroot",
                "Beetroot on Plate",
                "Beetroot on a Plate",
                "Beetroot Plate",
                "Beetroot Plated"
              ],
              "model": {
                "type": "minecraft:model",
                "model": "minecraft:item/plated_foods/plated_beetroot"
              }
            }
          ],
          "fallback": {
            "type": "minecraft:model",
            "model": "minecraft:item/beetroot"
          }
        }
      }
    ],
    "fallback": {
      "type": "minecraft:model",
      "model": "minecraft:item/beetroot"
    }
  }
}