{
	"format_version": "1.21.6",
	"credit": "Made with Blockbench",
	"textures": {
		"0": "item/eatinganimation/dried_kelp/dried_kelp_eat_1",
		"particle": "item/dried_kelp"
	},
	"elements": [
		{
			"name": "dried_kelp1",
			"from": [9, 4, 4],
			"to": [10, 4.1, 11],
			"rotation": {"angle": 0, "axis": "y", "origin": [9, 4, 4]},
			"faces": {
				"north": {"uv": [6, 11, 7, 12], "texture": "#0"},
				"east": {"uv": [4, 6, 11, 7], "texture": "#0"},
				"south": {"uv": [7, 11, 8, 12], "texture": "#0"},
				"west": {"uv": [4, 7, 11, 8], "texture": "#0"},
				"up": {"uv": [1, 16, 0, 9], "texture": "#0"},
				"down": {"uv": [2, 9, 1, 16], "texture": "#0"}
			}
		},
		{
			"name": "dried_kelp4",
			"from": [7, 4.1, 4],
			"to": [7, 4.2, 12],
			"rotation": {"angle": 0, "axis": "y", "origin": [6, 4, 4]},
			"faces": {
				"north": {"uv": [10, 11, 10, 12], "texture": "#0"},
				"east": {"uv": [8, 0, 16, 1], "texture": "#0"},
				"south": {"uv": [12, 11, 12, 12], "texture": "#0"},
				"west": {"uv": [8, 1, 16, 2], "texture": "#0"},
				"up": {"uv": [2, 16, 2, 8], "texture": "#0"}
			}
		},
		{
			"name": "dried_kelp4",
			"from": [8, 4.1, 5],
			"to": [10, 4.2, 11],
			"rotation": {"angle": 0, "axis": "y", "origin": [8, 4, 4]},
			"faces": {
				"north": {"uv": [6, 10, 8, 11], "texture": "#0"},
				"east": {"uv": [8, 5, 14, 6], "texture": "#0"},
				"south": {"uv": [8, 10, 10, 11], "texture": "#0"},
				"west": {"uv": [6, 9, 12, 10], "texture": "#0"},
				"up": {"uv": [6, 6, 4, 0], "texture": "#0"},
				"down": {"uv": [8, 0, 6, 6], "texture": "#0"}
			}
		},
		{
			"name": "dried_kelp6",
			"from": [7, 4, 4],
			"to": [8, 4.1, 12],
			"rotation": {"angle": 0, "axis": "y", "origin": [7, 4, 4]},
			"faces": {
				"north": {"uv": [10, 8, 11, 9], "texture": "#0"},
				"east": {"uv": [8, 2, 16, 3], "texture": "#0"},
				"south": {"uv": [11, 10, 12, 11], "texture": "#0"},
				"west": {"uv": [8, 3, 16, 4], "texture": "#0"},
				"up": {"uv": [1, 8, 0, 0], "texture": "#0"},
				"down": {"uv": [3, 0, 2, 8], "texture": "#0"}
			}
		}
	],
	"display": {
		"thirdperson_righthand": {
			"rotation": [0, 90, 0],
			"translation": [0.125, 3, 1.5],
			"scale": [0.75, 0.75, 0.75]
		},
		"thirdperson_lefthand": {
			"rotation": [0, -90, 0],
			"translation": [-0.125, 3, 1.5],
			"scale": [0.75, 0.75, 0.75]
		},
		"firstperson_righthand": {
			"rotation": [-7, 6, 0],
			"translation": [-0.75, 7.75, 0.75]
		},
		"firstperson_lefthand": {
			"rotation": [-7, -174, 0],
			"translation": [-0.75, 7.75, 0.75]
		},
		"ground": {
			"translation": [0, 2, 0]
		},
		"gui": {
			"rotation": [44, 45, 0],
			"translation": [0.75, 3.75, 0],
			"scale": [1.5, 1.5, 1.5]
		},
		"head": {
			"translation": [1, 10.5, 0]
		},
		"fixed": {
			"rotation": [90, 90, 0],
			"translation": [0, 0.25, 6.75],
			"scale": [1.5, 1.5, 1.5]
		}
	},
	"groups": [
		{
			"name": "dried_kelp",
			"origin": [7, 4, 4],
			"color": 0,
			"children": [0, 1, 2, 3]
		}
	]
}