{
	"texture_size": [64, 64],
	"textures": {
		"1": "waystones_rp:custom_gui/waystone/button/previous_page"
	},
	"elements": [
		{
			"from": [-1, -1, 0],
			"to": [17, 17, 0],
			"faces": {
				"north": {"uv": [0, 0, 4.5, 4.5], "texture": "#1"},
				"east": {"uv": [0, 0, 0, 4.5], "texture": "#1"},
				"south": {"uv": [0, 4.5, 4.5, 9], "texture": "#1"},
				"west": {"uv": [0, 0, 0, 4.5], "texture": "#1"},
				"up": {"uv": [4.5, 0, 0, 0], "texture": "#1"},
				"down": {"uv": [4.5, 0, 0, 0], "texture": "#1"}
			}
		}
	],
	"gui_light": "front",
	"display": {}
}