{
	"credit": "Made with Blockbench by Zentheon",
	"textures": {
		"1": "block/acacia_sides",
		"particle": "block/acacia_door_bottom",
		"bottom": "block/acacia_door_bottom"
	},
	"elements": [
		{
			"from": [0, 15, 3],
			"to": [3, 16, 13],
			"faces": {
				"north": {"uv": [1, 0, 0, 1], "texture": "#bottom"},
				"east": {"uv": [13, 0, 3, 1], "texture": "#bottom"},
				"south": {"uv": [15, 0, 16, 1], "texture": "#bottom"},
				"west": {"uv": [3, 0, 13, 1], "texture": "#bottom", "cullface": "west"},
				"down": {"uv": [9, 5, 12, 15], "texture": "#1"}
			}
		},
		{
			"from": [0, 0, 13],
			"to": [3, 16, 16],
			"faces": {
				"north": {"uv": [15, 0, 12, 16], "rotation": 180, "texture": "#1"},
				"east": {"uv": [16, 0, 13, 16], "texture": "#bottom"},
				"south": {"uv": [3, 0, 6, 16], "texture": "#1", "cullface": "south"},
				"west": {"uv": [13, 0, 16, 16], "texture": "#bottom", "cullface": "west"},
				"down": {"uv": [9, 0, 12, 3], "texture": "#1", "cullface": "down"}
			}
		},
		{
			"from": [0, 0, 0],
			"to": [3, 16, 3],
			"faces": {
				"north": {"uv": [0, 0, 3, 16], "texture": "#1", "cullface": "north"},
				"east": {"uv": [3, 0, 0, 16], "texture": "#bottom"},
				"south": {"uv": [12, 0, 9, 16], "rotation": 180, "texture": "#1"},
				"west": {"uv": [0, 0, 3, 16], "texture": "#bottom", "cullface": "west"},
				"down": {"uv": [9, 13, 12, 16], "texture": "#1", "cullface": "down"}
			}
		},
		{
			"from": [0, 0, 3],
			"to": [3, 3, 13],
			"faces": {
				"east": {"uv": [13, 13, 3, 16], "texture": "#bottom"},
				"west": {"uv": [13, 13, 3, 16], "texture": "#bottom", "cullface": "west"},
				"up": {"uv": [15, 3, 12, 13], "texture": "#1"},
				"down": {"uv": [9, 3, 12, 13], "texture": "#1", "cullface": "down"}
			}
		},
		{
			"from": [0, 3, 9],
			"to": [3, 15, 11],
			"faces": {
				"north": {"uv": [15, 2, 12, 14], "texture": "#1"},
				"east": {"uv": [11, 1, 9, 13], "texture": "#bottom"},
				"south": {"uv": [6, 4, 3, 16], "texture": "#1"},
				"west": {"uv": [9, 1, 11, 13], "texture": "#bottom", "cullface": "west"}
			}
		},
		{
			"from": [0, 3, 5],
			"to": [3, 15, 7],
			"faces": {
				"north": {"uv": [15, 1, 12, 13], "texture": "#1"},
				"east": {"uv": [7, 1, 5, 13], "texture": "#bottom"},
				"south": {"uv": [6, 0, 3, 12], "texture": "#1"},
				"west": {"uv": [5, 1, 7, 13], "texture": "#bottom", "cullface": "west"}
			}
		},
		{
			"from": [-0.5, 15, 14],
			"to": [3.5, 16, 15],
			"rotation": {"angle": 0, "axis": "y", "origin": [8, 23, 22]},
			"faces": {
				"north": {"uv": [14, 0, 15, 1], "texture": "#bottom"},
				"east": {"uv": [14, 0, 15, 1], "texture": "#bottom", "cullface": "east"},
				"south": {"uv": [14, 0, 15, 1], "texture": "#bottom"},
				"west": {"uv": [14, 0, 15, 1], "texture": "#bottom", "cullface": "west"},
				"down": {"uv": [14, 0, 15, 1], "texture": "#bottom"}
			}
		}
	]
}
