{
	"credit": "Made with Blockbench by Zentheon",
	"textures": {
		"1": "block/acacia_sides",
		"particle": "block/acacia_door_bottom",
		"bottom": "block/acacia_door_bottom"
	},
	"elements": [
		{
			"from": [0, 15, 3],
			"to": [3, 16, 13],
			"faces": {
				"north": {"uv": [16, 0, 15, 1], "texture": "#bottom"},
				"east": {"uv": [3, 0, 13, 1], "texture": "#bottom"},
				"south": {"uv": [0, 0, 1, 1], "texture": "#bottom"},
				"west": {"uv": [13, 0, 3, 1], "texture": "#bottom", "cullface": "west"},
				"down": {"uv": [9, 15, 12, 5], "texture": "#1"}
			}
		},
		{
			"from": [0, 0, 0],
			"to": [3, 16, 3],
			"faces": {
				"north": {"uv": [3, 0, 6, 16], "texture": "#1", "cullface": "north"},
				"east": {"uv": [13, 0, 16, 16], "texture": "#bottom"},
				"south": {"uv": [12, 0, 15, 16], "rotation": 180, "texture": "#1"},
				"west": {"uv": [16, 0, 13, 16], "texture": "#bottom", "cullface": "west"},
				"down": {"uv": [12, 3, 9, 0], "texture": "#1", "cullface": "down"}
			}
		},
		{
			"from": [0, 0, 13],
			"to": [3, 16, 16],
			"faces": {
				"north": {"uv": [9, 0, 12, 16], "rotation": 180, "texture": "#1"},
				"east": {"uv": [0, 0, 3, 16], "texture": "#bottom"},
				"south": {"uv": [0, 0, 3, 16], "texture": "#1", "cullface": "south"},
				"west": {"uv": [3, 0, 0, 16], "texture": "#bottom", "cullface": "west"},
				"down": {"uv": [12, 16, 9, 13], "texture": "#1", "cullface": "down"}
			}
		},
		{
			"from": [0, 0, 3],
			"to": [3, 3, 13],
			"faces": {
				"east": {"uv": [3, 13, 13, 16], "texture": "#bottom"},
				"west": {"uv": [3, 13, 13, 16], "texture": "#bottom", "cullface": "west"},
				"up": {"uv": [15, 13, 12, 3], "texture": "#1"},
				"down": {"uv": [12, 13, 9, 3], "texture": "#1", "cullface": "down"}
			}
		},
		{
			"from": [0, 3, 5],
			"to": [3, 15, 7],
			"faces": {
				"north": {"uv": [3, 4, 6, 16], "texture": "#1"},
				"east": {"uv": [9, 1, 11, 13], "texture": "#bottom"},
				"south": {"uv": [12, 2, 15, 14], "texture": "#1"},
				"west": {"uv": [11, 1, 9, 13], "texture": "#bottom", "cullface": "west"}
			}
		},
		{
			"from": [0, 3, 9],
			"to": [3, 15, 11],
			"faces": {
				"north": {"uv": [3, 0, 6, 12], "texture": "#1"},
				"east": {"uv": [5, 1, 7, 13], "texture": "#bottom"},
				"south": {"uv": [12, 1, 15, 13], "texture": "#1"},
				"west": {"uv": [7, 1, 5, 13], "texture": "#bottom", "cullface": "west"}
			}
		},
		{
			"from": [-0.5, 15, 1],
			"to": [3.5, 16, 2],
			"rotation": {"angle": 0, "axis": "y", "origin": [8, 23, -6]},
			"faces": {
				"north": {"uv": [15, 0, 14, 1], "texture": "#bottom"},
				"east": {"uv": [15, 0, 14, 1], "texture": "#bottom", "cullface": "east"},
				"south": {"uv": [15, 0, 14, 1], "texture": "#bottom"},
				"west": {"uv": [15, 0, 14, 1], "texture": "#bottom", "cullface": "west"},
				"down": {"uv": [14, 1, 15, 0], "texture": "#bottom"}
			}
		}
	]
}
