{
	"credit": "Made with Blockbench by Zentheon",
	"textures": {
		"1": "block/acacia_handle",
		"2": "block/acacia_sides",
		"particle": "block/acacia_door_top",
		"top": "block/acacia_door_top"
	},
	"elements": [
		{
			"from": [0, 13, 3],
			"to": [3, 16, 13],
			"faces": {
				"east": {"uv": [3, 0, 13, 3], "texture": "#top"},
				"west": {"uv": [13, 0, 3, 3], "texture": "#top", "cullface": "west"},
				"up": {"uv": [15, 13, 12, 3], "texture": "#2"},
				"down": {"uv": [9, 13, 12, 3], "texture": "#2"}
			}
		},
		{
			"from": [0, 0, 0],
			"to": [3, 16, 3],
			"faces": {
				"north": {"uv": [9, 0, 12, 16], "texture": "#2", "cullface": "north"},
				"east": {"uv": [13, 0, 16, 16], "texture": "#top"},
				"south": {"uv": [12, 0, 15, 16], "rotation": 180, "texture": "#2"},
				"west": {"uv": [16, 0, 13, 16], "texture": "#top", "cullface": "west"},
				"up": {"uv": [15, 16, 12, 13], "texture": "#2"}
			}
		},
		{
			"from": [0, 0, 13],
			"to": [3, 16, 16],
			"faces": {
				"north": {"uv": [3, 0, 6, 16], "texture": "#2"},
				"east": {"uv": [0, 0, 3, 16], "texture": "#top"},
				"south": {"uv": [6, 0, 9, 16], "texture": "#2", "cullface": "south"},
				"west": {"uv": [3, 0, 0, 16], "texture": "#top", "cullface": "west"},
				"up": {"uv": [15, 3, 12, 0], "texture": "#2"}
			}
		},
		{
			"from": [0, 0, 3],
			"to": [3, 1, 13],
			"faces": {
				"north": {"uv": [16, 15, 15, 16], "texture": "#top"},
				"east": {"uv": [3, 15, 13, 16], "texture": "#top"},
				"south": {"uv": [0, 15, 1, 16], "texture": "#top"},
				"west": {"uv": [13, 15, 3, 16], "texture": "#top", "cullface": "west"},
				"up": {"uv": [12, 14, 15, 4], "texture": "#2"}
			}
		},
		{
			"from": [0, 1, 5],
			"to": [3, 13, 7],
			"faces": {
				"north": {"uv": [9, 4, 12, 16], "texture": "#2"},
				"east": {"uv": [9, 3, 11, 15], "texture": "#top"},
				"south": {"uv": [12, 1, 15, 13], "texture": "#2"},
				"west": {"uv": [11, 3, 9, 15], "texture": "#top", "cullface": "west"}
			}
		},
		{
			"from": [0, 1, 9],
			"to": [3, 13, 11],
			"faces": {
				"north": {"uv": [9, 2, 12, 14], "texture": "#2"},
				"east": {"uv": [5, 3, 7, 15], "texture": "#top"},
				"south": {"uv": [12, 0, 15, 12], "texture": "#2"},
				"west": {"uv": [7, 3, 5, 15], "texture": "#top", "cullface": "west"}
			}
		},
		{
			"from": [-0.5, 0, 1],
			"to": [3.5, 0.992, 4],
			"rotation": {"angle": 0, "axis": "y", "origin": [8, 8, -6]},
			"faces": {
				"north": {"uv": [9, 3, 8, 4], "texture": "#1"},
				"east": {"uv": [9, 3, 6, 4], "rotation": 180, "texture": "#1"},
				"south": {"uv": [7, 4, 6, 3], "texture": "#1"},
				"west": {"uv": [9, 3, 6, 4], "texture": "#1", "cullface": "west"},
				"up": {"uv": [9, 3, 6, 4], "rotation": 90, "texture": "#1"},
				"down": {"uv": [9, 3, 6, 4], "rotation": 270, "texture": "#1"}
			}
		}
	]
}
