{
	"credit": "Made with Blockbench by Zentheon",
	"textures": {
		"2": "block/acacia_handle",
		"side": "block/acacia_sides",
		"particle": "block/acacia_trapdoor",
		"main": "block/acacia_trapdoor"
	},
	"elements": [
		{
			"from": [2, 0, 13],
			"to": [14, 3, 16],
			"rotation": {"angle": 0, "axis": "y", "origin": [8, 8, 21]},
			"faces": {
				"north": {"uv": [2, 0, 14, 3], "rotation": 180, "texture": "#main"},
				"south": {"uv": [2, 0, 14, 3], "rotation": 180, "texture": "#main", "cullface": "south"},
				"up": {"uv": [2, 0, 14, 3], "texture": "#main"},
				"down": {"uv": [3, 2, 6, 14], "rotation": 90, "texture": "#side", "cullface": "down"}
			}
		},
		{
			"from": [0, 0, 13],
			"to": [2, 16, 16],
			"rotation": {"angle": 0, "axis": "y", "origin": [8, 8, 21]},
			"faces": {
				"north": {"uv": [0, 0, 2, 16], "rotation": 180, "texture": "#main"},
				"east": {"uv": [15, 11, 12, 1], "texture": "#side"},
				"south": {"uv": [14, 0, 16, 16], "rotation": 180, "texture": "#main", "cullface": "south"},
				"west": {"uv": [15, 16, 12, 0], "rotation": 180, "texture": "#side", "cullface": "west"},
				"up": {"uv": [12, 0, 15, 2], "rotation": 270, "texture": "#side", "cullface": "up"},
				"down": {"uv": [3, 14, 6, 16], "rotation": 90, "texture": "#side", "cullface": "down"}
			}
		},
		{
			"from": [14, 0, 13],
			"to": [16, 16, 16],
			"rotation": {"angle": 0, "axis": "y", "origin": [8, 8, 21]},
			"faces": {
				"north": {"uv": [14, 0, 16, 16], "rotation": 180, "texture": "#main"},
				"east": {"uv": [12, 16, 9, 0], "texture": "#side", "cullface": "east"},
				"south": {"uv": [0, 0, 2, 16], "rotation": 180, "texture": "#main", "cullface": "south"},
				"west": {"uv": [6, 16, 3, 0], "texture": "#side"},
				"up": {"uv": [12, 14, 15, 16], "rotation": 270, "texture": "#side", "cullface": "up"},
				"down": {"uv": [3, 0, 6, 2], "rotation": 90, "texture": "#side", "cullface": "down"}
			}
		},
		{
			"from": [2, 13, 13],
			"to": [14, 16, 16],
			"rotation": {"angle": 0, "axis": "y", "origin": [8, 8, 21]},
			"faces": {
				"north": {"uv": [2, 13, 14, 16], "rotation": 180, "texture": "#main"},
				"south": {"uv": [2, 13, 14, 16], "rotation": 180, "texture": "#main", "cullface": "south"},
				"up": {"uv": [12, 2, 15, 14], "rotation": 270, "texture": "#side", "cullface": "up"},
				"down": {"uv": [2, 0, 14, 3], "rotation": 180, "texture": "#main"}
			}
		},
		{
			"from": [4, 3, 13],
			"to": [7, 13, 16],
			"rotation": {"angle": 0, "axis": "y", "origin": [8, 8, 21]},
			"faces": {
				"north": {"uv": [4, 3, 7, 13], "rotation": 180, "texture": "#main"},
				"east": {"uv": [15, 10, 12, 0], "texture": "#side"},
				"south": {"uv": [9, 3, 12, 13], "rotation": 180, "texture": "#main", "cullface": "south"},
				"west": {"uv": [6, 16, 3, 6], "rotation": 180, "texture": "#side"}
			}
		},
		{
			"from": [9, 3, 13],
			"to": [12, 13, 16],
			"rotation": {"angle": 0, "axis": "y", "origin": [8, 8, 21]},
			"faces": {
				"north": {"uv": [9, 3, 12, 13], "rotation": 180, "texture": "#main"},
				"east": {"uv": [15, 14, 12, 4], "texture": "#side"},
				"south": {"uv": [4, 3, 7, 13], "rotation": 180, "texture": "#main", "cullface": "south"},
				"west": {"uv": [6, 13, 3, 3], "rotation": 180, "texture": "#side"}
			}
		},
		{
			"from": [5, 14, 12.5],
			"to": [11, 15.992, 16.5],
			"rotation": {"angle": 0, "axis": "y", "origin": [8, 8, 23]},
			"faces": {
				"north": {"uv": [6, 2, 12, 4], "texture": "#2"},
				"east": {"uv": [6, 4, 10, 6], "texture": "#2"},
				"south": {"uv": [6, 2, 12, 4], "texture": "#2", "cullface": "south"},
				"west": {"uv": [6, 4, 10, 6], "texture": "#2"},
				"up": {"uv": [6, 5, 0, 4], "texture": "#2"},
				"down": {"uv": [6, 4, 0, 5], "texture": "#2"}
			}
		}
	]
}
