{
	"credit": "Made with Blockbench by Zentheon",
	"ambientocclusion": false,
	"textures": {
		"particle": "block/bamboo_trapdoor",
		"main": "block/bamboo_trapdoor",
		"side": "block/bamboo_sides"
	},
	"elements": [
		{
			"from": [3, 13, 13],
			"to": [13, 16, 16],
			"rotation": {"angle": 0, "axis": "y", "origin": [5, 8, -7]},
			"faces": {
				"north": {"uv": [13, 16, 3, 13], "texture": "#main"},
				"south": {"uv": [3, 16, 13, 13], "texture": "#main", "cullface": "south"},
				"up": {"uv": [3, 3, 6, 13], "rotation": 270, "texture": "#side", "cullface": "up"},
				"down": {"uv": [12, 3, 15, 13], "rotation": 270, "texture": "#side"}
			}
		},
		{
			"from": [0, 0, 13],
			"to": [3, 16, 16],
			"rotation": {"angle": 0, "axis": "y", "origin": [16, 0, 0]},
			"faces": {
				"north": {"uv": [3, 16, 0, 0], "texture": "#main"},
				"east": {"uv": [3, 0, 6, 16], "rotation": 180, "texture": "#side"},
				"south": {"uv": [0, 16, 3, 0], "texture": "#main", "cullface": "south"},
				"west": {"uv": [9, 0, 12, 16], "texture": "#side", "cullface": "west"},
				"up": {"uv": [3, 0, 6, 3], "rotation": 270, "texture": "#side", "cullface": "up"},
				"down": {"uv": [9, 0, 12, 3], "rotation": 270, "texture": "#side", "cullface": "down"}
			}
		},
		{
			"from": [13, 0, 13],
			"to": [16, 16, 16],
			"rotation": {"angle": 0, "axis": "y", "origin": [8, 8, -5]},
			"faces": {
				"north": {"uv": [16, 16, 13, 0], "texture": "#main"},
				"east": {"uv": [6, 0, 3, 16], "rotation": 180, "texture": "#side", "cullface": "east"},
				"south": {"uv": [13, 16, 16, 0], "texture": "#main", "cullface": "south"},
				"west": {"uv": [12, 0, 15, 16], "texture": "#side"},
				"up": {"uv": [3, 13, 6, 16], "rotation": 270, "texture": "#side", "cullface": "up"},
				"down": {"uv": [9, 13, 12, 16], "rotation": 270, "texture": "#side", "cullface": "down"}
			}
		},
		{
			"from": [3, 0, 13],
			"to": [13, 3, 16],
			"rotation": {"angle": 0, "axis": "y", "origin": [5, -7, -5]},
			"faces": {
				"north": {"uv": [13, 3, 3, 0], "texture": "#main"},
				"south": {"uv": [3, 3, 13, 0], "texture": "#main", "cullface": "south"},
				"up": {"uv": [9, 6, 12, 16], "rotation": 90, "texture": "#side"},
				"down": {"uv": [9, 3, 12, 13], "rotation": 270, "texture": "#side", "cullface": "down"}
			}
		},
		{
			"from": [3, 3, 14],
			"to": [13, 13, 15],
			"rotation": {"angle": 0, "axis": "y", "origin": [15, 8, 8]},
			"faces": {
				"north": {"uv": [13, 13, 3, 3], "texture": "#main"},
				"south": {"uv": [3, 13, 13, 3], "texture": "#main", "cullface": "south"}
			}
		}
	],
	"display": {
		"thirdperson_righthand": {
			"rotation": [70, -45, 0],
			"translation": [0, 1.75, 2.25],
			"scale": [0.35, 0.35, 0.35]
		},
		"thirdperson_lefthand": {
			"rotation": [70, -45, 0],
			"translation": [0, 1.75, 2.25],
			"scale": [0.35, 0.35, 0.35]
		},
		"firstperson_righthand": {
			"rotation": [1, 43, 0],
			"translation": [3, 3.5, 0],
			"scale": [0.65, 0.65, 0.65]
		},
		"firstperson_lefthand": {
			"rotation": [1, 43, 0],
			"translation": [3, 3.5, 0],
			"scale": [0.65, 0.65, 0.65]
		},
		"ground": {
			"translation": [0, 3, 0],
			"scale": [0.23, 0.23, 0.23]
		},
		"gui": {
			"rotation": [35, 45, 0],
			"translation": [0, 0.5, 0],
			"scale": [0.65, 0.65, 0.65]
		},
		"head": {
			"translation": [0, 13, 0]
		},
		"fixed": {
			"rotation": [89.5, 0, 0],
			"translation": [0, 0, 5],
			"scale": [0.75, 0.75, 0.75]
		}
	}
}
