{
	"credit": "Made with Blockbench by Zentheon",
	"textures": {
		"1": "block/bamboo_sides",
		"particle": "block/bamboo_door_bottom",
		"bottom": "block/bamboo_door_bottom"
	},
	"elements": [
		{
			"from": [0, 0, 0],
			"to": [3, 16, 16],
			"faces": {
				"north": {"uv": [0, 0, 3, 16], "texture": "#1", "cullface": "north"},
				"east": {"uv": [16, 0, 0, 16], "texture": "#bottom"},
				"south": {"uv": [3, 0, 6, 16], "texture": "#1", "cullface": "south"},
				"west": {"uv": [0, 0, 16, 16], "texture": "#bottom", "cullface": "west"},
				"down": {"uv": [12, 16, 15, 0], "texture": "#1", "cullface": "down"}
			}
		},
		{
			"from": [-0.5, 15, 11],
			"to": [3.5, 16, 13],
			"faces": {
				"north": {"uv": [11, 0, 12, 1], "texture": "#bottom"},
				"east": {"uv": [13, 0, 11, 1], "texture": "#bottom"},
				"south": {"uv": [12, 0, 13, 1], "texture": "#bottom"},
				"west": {"uv": [11, 0, 13, 1], "texture": "#bottom", "cullface": "west"},
				"up": {"uv": [11, 0, 13, 1], "rotation": 90, "texture": "#bottom"},
				"down": {"uv": [11, 0, 13, 1], "rotation": 270, "texture": "#bottom"}
			}
		},
		{
			"from": [-0.5, 13, 10],
			"to": [3.5, 15, 11],
			"faces": {
				"north": {"uv": [10, 1, 11, 3], "texture": "#bottom"},
				"east": {"uv": [10, 1, 11, 3], "texture": "#bottom"},
				"south": {"uv": [10, 1, 11, 3], "texture": "#bottom"},
				"west": {"uv": [10, 1, 11, 3], "texture": "#bottom", "cullface": "west"},
				"up": {"uv": [10, 1, 11, 2], "texture": "#bottom"},
				"down": {"uv": [10, 2, 11, 3], "texture": "#bottom"}
			}
		},
		{
			"from": [-0.5, 13, 13],
			"to": [3.5, 15, 14],
			"faces": {
				"north": {"uv": [13, 1, 14, 3], "texture": "#bottom"},
				"east": {"uv": [13, 1, 14, 3], "texture": "#bottom"},
				"south": {"uv": [13, 1, 14, 3], "texture": "#bottom"},
				"west": {"uv": [13, 1, 14, 3], "texture": "#bottom", "cullface": "west"},
				"up": {"uv": [13, 1, 14, 2], "texture": "#bottom"},
				"down": {"uv": [13, 2, 14, 3], "texture": "#bottom"}
			}
		},
		{
			"from": [-0.5, 12, 11],
			"to": [3.5, 13, 13],
			"faces": {
				"north": {"uv": [11, 3, 12, 4], "texture": "#bottom"},
				"east": {"uv": [13, 3, 11, 4], "texture": "#bottom"},
				"south": {"uv": [12, 3, 13, 4], "texture": "#bottom"},
				"west": {"uv": [11, 3, 13, 4], "texture": "#bottom", "cullface": "west"},
				"up": {"uv": [11, 3, 13, 4], "rotation": 270, "texture": "#bottom"},
				"down": {"uv": [11, 3, 13, 4], "rotation": 90, "texture": "#bottom"}
			}
		}
	]
}
