{
	"credit": "Made with Blockbench by Zentheon",
	"textures": {
		"side": "block/birch_sides",
		"particle": "block/birch_door_top",
		"top": "block/birch_door_top"
	},
	"elements": [
		{
			"from": [0, 13, 3],
			"to": [3, 16, 13],
			"faces": {
				"east": {"uv": [3, 0, 13, 3], "texture": "#top"},
				"west": {"uv": [13, 0, 3, 3], "texture": "#top", "cullface": "west"},
				"up": {"uv": [15, 13, 12, 3], "texture": "#side", "cullface": "up"},
				"down": {"uv": [13, 2, 3, 3], "rotation": 90, "texture": "#top"}
			}
		},
		{
			"from": [0, 0, 0],
			"to": [3, 16, 3],
			"faces": {
				"north": {"uv": [9, 0, 12, 16], "texture": "#side", "cullface": "north"},
				"east": {"uv": [13, 0, 16, 16], "texture": "#top"},
				"south": {"uv": [14, 0, 13, 16], "texture": "#top"},
				"west": {"uv": [16, 0, 13, 16], "texture": "#top", "cullface": "west"},
				"up": {"uv": [15, 16, 12, 13], "texture": "#side", "cullface": "up"}
			}
		},
		{
			"from": [0, 0, 13],
			"to": [3, 16, 16],
			"faces": {
				"north": {"uv": [3, 0, 2, 16], "texture": "#top"},
				"east": {"uv": [0, 0, 3, 16], "texture": "#top"},
				"south": {"uv": [6, 0, 9, 16], "texture": "#side", "cullface": "south"},
				"west": {"uv": [3, 0, 0, 16], "texture": "#top", "cullface": "west"},
				"up": {"uv": [15, 3, 12, 0], "texture": "#side", "cullface": "up"}
			}
		},
		{
			"from": [1, 0, 3],
			"to": [2, 13, 13],
			"faces": {
				"east": {"uv": [3, 3, 13, 16], "texture": "#top"},
				"west": {"uv": [13, 3, 3, 16], "texture": "#top"}
			}
		},
		{
			"from": [-0.5, 0, 1],
			"to": [3.5, 2, 2],
			"rotation": {"angle": 0, "axis": "y", "origin": [11, 8, -6]},
			"faces": {
				"north": {"uv": [15, 14, 14, 16], "texture": "#top"},
				"east": {"uv": [15, 14, 14, 16], "texture": "#top"},
				"south": {"uv": [15, 14, 14, 16], "texture": "#top"},
				"west": {"uv": [15, 14, 14, 16], "texture": "#top", "cullface": "west"},
				"up": {"uv": [14, 15, 15, 14], "texture": "#top"},
				"down": {"uv": [14, 16, 15, 15], "texture": "#top"}
			}
		}
	]
}
