{
	"credit": "Made with Blockbench by Zentheon",
	"textures": {
		"2": "block/cherry_sides",
		"particle": "block/cherry_door_top",
		"top": "block/cherry_door_top"
	},
	"elements": [
		{
			"from": [0, 0, 0],
			"to": [3, 16, 4],
			"faces": {
				"north": {"uv": [6, 0, 9, 16], "texture": "#2", "cullface": "north"},
				"east": {"uv": [4, 0, 0, 16], "texture": "#top"},
				"south": {"uv": [12, 0, 9, 16], "texture": "#2"},
				"west": {"uv": [0, 0, 4, 16], "texture": "#top", "cullface": "west"},
				"up": {"uv": [12, 0, 15, 4], "texture": "#2"}
			}
		},
		{
			"from": [0, 12, 4],
			"to": [3, 16, 12],
			"faces": {
				"east": {"uv": [12, 0, 4, 4], "texture": "#top"},
				"west": {"uv": [4, 0, 12, 4], "texture": "#top", "cullface": "west"},
				"up": {"uv": [12, 4, 15, 12], "texture": "#2"},
				"down": {"uv": [9, 3, 12, 13], "texture": "#2"}
			}
		},
		{
			"from": [0, 0, 12],
			"to": [3, 16, 16],
			"faces": {
				"north": {"uv": [12, 0, 9, 16], "rotation": 180, "texture": "#2"},
				"east": {"uv": [16, 0, 12, 16], "texture": "#top"},
				"south": {"uv": [9, 0, 12, 16], "texture": "#2", "cullface": "south"},
				"west": {"uv": [12, 0, 16, 16], "texture": "#top", "cullface": "west"},
				"up": {"uv": [12, 12, 15, 16], "texture": "#2"}
			}
		},
		{
			"from": [1.5, 0, 4],
			"to": [1.5, 12, 12],
			"faces": {
				"east": {"uv": [12, 4, 4, 16], "texture": "#top"},
				"west": {"uv": [4, 4, 12, 16], "texture": "#top", "cullface": "west"}
			}
		},
		{
			"from": [2, 0, 4],
			"to": [2, 12, 12],
			"faces": {
				"east": {"uv": [12, 4, 4, 16], "texture": "#top"},
				"west": {"uv": [4, 4, 12, 16], "texture": "#top", "cullface": "west"}
			}
		},
		{
			"from": [1, 0, 4],
			"to": [1, 12, 12],
			"faces": {
				"east": {"uv": [12, 4, 4, 16], "texture": "#top"},
				"west": {"uv": [4, 4, 12, 16], "texture": "#top", "cullface": "west"}
			}
		}
	],
	"groups": [
		{
			"name": "Base",
			"origin": [0, 0, 0],
			"color": 0,
			"children": [0, 1, 2]
		},
		{
			"name": "Window",
			"origin": [0, 0, 0],
			"color": 0,
			"children": [3, 4, 5]
		}
	]
}
