{
	"credit": "Made with Blockbench by Zentheon",
	"textures": {
		"side": "block/cherry_sides",
		"particle": "block/cherry_trapdoor",
		"main": "block/cherry_trapdoor"
	},
	"elements": [
		{
			"from": [4, 0, 0],
			"to": [12, 3, 4],
			"faces": {
				"north": {"uv": [3, 4, 6, 12], "rotation": 90, "texture": "#side", "cullface": "north"},
				"south": {"uv": [3, 4, 6, 12], "rotation": 90, "texture": "#side"},
				"up": {"uv": [4, 12, 12, 16], "rotation": 180, "texture": "#main"},
				"down": {"uv": [4, 12, 12, 16], "texture": "#main", "cullface": "down"}
			}
		},
		{
			"from": [4, 0, 12],
			"to": [12, 3, 16],
			"faces": {
				"north": {"uv": [3, 7, 6, 15], "rotation": 90, "texture": "#side"},
				"south": {"uv": [3, 4, 6, 12], "rotation": 90, "texture": "#side", "cullface": "south"},
				"up": {"uv": [4, 0, 12, 4], "rotation": 180, "texture": "#main"},
				"down": {"uv": [4, 0, 12, 4], "texture": "#main", "cullface": "down"}
			}
		},
		{
			"from": [0, 0, 0],
			"to": [4, 3, 16],
			"faces": {
				"north": {"uv": [9, 0, 12, 4], "rotation": 90, "texture": "#side", "cullface": "north"},
				"east": {"uv": [12, 0, 15, 16], "rotation": 270, "texture": "#side"},
				"south": {"uv": [9, 0, 12, 4], "rotation": 270, "texture": "#side", "cullface": "south"},
				"west": {"uv": [9, 0, 12, 16], "rotation": 270, "texture": "#side", "cullface": "west"},
				"up": {"uv": [12, 0, 16, 16], "rotation": 180, "texture": "#main"},
				"down": {"uv": [0, 0, 4, 16], "texture": "#main", "cullface": "down"}
			}
		},
		{
			"from": [12, 0, 0],
			"to": [16, 3, 16],
			"faces": {
				"north": {"uv": [3, 12, 6, 16], "rotation": 90, "texture": "#side", "cullface": "north"},
				"east": {"uv": [12, 0, 15, 16], "rotation": 270, "texture": "#side", "cullface": "east"},
				"south": {"uv": [6, 0, 9, 4], "rotation": 90, "texture": "#side", "cullface": "south"},
				"west": {"uv": [9, 0, 12, 16], "rotation": 90, "texture": "#side"},
				"up": {"uv": [0, 0, 4, 16], "rotation": 180, "texture": "#main"},
				"down": {"uv": [12, 0, 16, 16], "texture": "#main", "cullface": "down"}
			}
		},
		{
			"from": [4, 2, 4],
			"to": [12, 2, 12],
			"faces": {
				"up": {"uv": [4, 4, 12, 12], "rotation": 180, "texture": "#main"},
				"down": {"uv": [4, 4, 12, 12], "texture": "#main", "cullface": "down"}
			}
		},
		{
			"from": [4, 1.5, 4],
			"to": [12, 1.5, 12],
			"faces": {
				"up": {"uv": [4, 4, 12, 12], "rotation": 180, "texture": "#main"},
				"down": {"uv": [4, 4, 12, 12], "texture": "#main", "cullface": "down"}
			}
		},
		{
			"from": [4, 1, 4],
			"to": [12, 1, 12],
			"faces": {
				"up": {"uv": [4, 4, 12, 12], "rotation": 180, "texture": "#main"},
				"down": {"uv": [4, 4, 12, 12], "texture": "#main", "cullface": "down"}
			}
		}
	],
	"display": {
		"thirdperson_righthand": {
			"rotation": [70, -45, 0],
			"translation": [0, 1.75, 2.25],
			"scale": [0.35, 0.35, 0.35]
		},
		"thirdperson_lefthand": {
			"rotation": [70, -45, 0],
			"translation": [0, 1.75, 2.25],
			"scale": [0.35, 0.35, 0.35]
		},
		"firstperson_righthand": {
			"rotation": [1, 43, 0],
			"translation": [3, 3.5, 0],
			"scale": [0.65, 0.65, 0.65]
		},
		"firstperson_lefthand": {
			"rotation": [1, 43, 0],
			"translation": [3, 3.5, 0],
			"scale": [0.65, 0.65, 0.65]
		},
		"ground": {
			"translation": [0, 3, 0],
			"scale": [0.23, 0.23, 0.23]
		},
		"gui": {
			"rotation": [35, -135, 0],
			"translation": [0, 0.5, 0],
			"scale": [0.65, 0.65, 0.65]
		},
		"head": {
			"translation": [0, 13, 0]
		},
		"fixed": {
			"rotation": [89.5, 0, 0],
			"translation": [0, 0, 5],
			"scale": [0.75, 0.75, 0.75]
		}
	},
	"groups": [
		{
			"name": "Base",
			"origin": [0, 0, 0],
			"color": 0,
			"children": [0, 1, 2, 3]
		},
		{
			"name": "Window",
			"origin": [0, 0, 0],
			"color": 0,
			"children": [4, 5, 6]
		}
	]
}