{
	"credit": "Made with Blockbench by Zentheon",
	"textures": {
		"side": "block/crimson_sides",
		"particle": "block/crimson_door_bottom",
		"bottom": "block/crimson_door_bottom"
	},
	"elements": [
		{
			"from": [0, 0, 0],
			"to": [3, 16, 16],
			"rotation": {"angle": 0, "axis": "y", "origin": [16, 0, 16]},
			"faces": {
				"north": {"uv": [3, 0, 6, 16], "texture": "#side", "cullface": "north"},
				"east": {"uv": [0, 0, 16, 16], "texture": "#bottom"},
				"south": {"uv": [0, 0, 3, 16], "texture": "#side", "cullface": "south"},
				"west": {"uv": [16, 0, 0, 16], "texture": "#bottom"},
				"down": {"uv": [12, 16, 9, 0], "texture": "#side", "cullface": "down"}
			}
		},
		{
			"from": [-0.5, 15, 2],
			"to": [3.5, 16, 5],
			"rotation": {"angle": 0, "axis": "y", "origin": [7.5, 8, 8]},
			"faces": {
				"north": {"uv": [13, 0, 14, 1], "texture": "#bottom"},
				"east": {"uv": [11, 0, 14, 1], "texture": "#bottom"},
				"south": {"uv": [11, 0, 12, 1], "texture": "#bottom"},
				"west": {"uv": [11, 0, 14, 1], "texture": "#bottom", "cullface": "west"},
				"up": {"uv": [14, 1, 11, 0], "rotation": 90, "texture": "#bottom"},
				"down": {"uv": [14, 1, 11, 0], "rotation": 90, "texture": "#bottom"}
			}
		}
	]
}
