{
	"credit": "Made with Blockbench by Zentheon",
	"textures": {
		"side": "block/crimson_sides",
		"particle": "block/crimson_door_top",
		"top": "block/crimson_door_top"
	},
	"elements": [
		{
			"from": [0, 0, 0],
			"to": [3, 16, 16],
			"rotation": {"angle": 0, "axis": "y", "origin": [16, 0, 16]},
			"faces": {
				"north": {"uv": [9, 0, 12, 16], "texture": "#side", "cullface": "north"},
				"east": {"uv": [0, 0, 16, 16], "texture": "#top"},
				"south": {"uv": [6, 0, 9, 16], "texture": "#side", "cullface": "south"},
				"west": {"uv": [16, 0, 0, 16], "texture": "#top", "cullface": "west"},
				"up": {"uv": [15, 16, 12, 0], "texture": "#side", "cullface": "up"}
			}
		},
		{
			"from": [-0.5, 0, 1],
			"to": [3.5, 2, 2],
			"rotation": {"angle": 0, "axis": "y", "origin": [11, -6, 5]},
			"faces": {
				"north": {"uv": [10, 14, 11, 16], "texture": "#top", "cullface": "south"},
				"east": {"uv": [10, 14, 11, 16], "texture": "#top"},
				"south": {"uv": [10, 14, 11, 16], "texture": "#top", "cullface": "north"},
				"west": {"uv": [14, 14, 15, 16], "texture": "#top", "cullface": "west"},
				"up": {"uv": [11, 15, 10, 14], "rotation": 90, "texture": "#top"},
				"down": {"uv": [11, 16, 10, 15], "rotation": 90, "texture": "#top", "cullface": "down"}
			}
		},
		{
			"from": [-0.5, 0, 5],
			"to": [3.5, 2, 6],
			"rotation": {"angle": 0, "axis": "y", "origin": [11, -6, 9]},
			"faces": {
				"north": {"uv": [10, 14, 11, 16], "texture": "#top", "cullface": "south"},
				"east": {"uv": [10, 14, 11, 16], "texture": "#top"},
				"south": {"uv": [10, 14, 11, 16], "texture": "#top", "cullface": "north"},
				"west": {"uv": [14, 14, 15, 16], "texture": "#top", "cullface": "west"},
				"up": {"uv": [11, 15, 10, 14], "rotation": 90, "texture": "#top"},
				"down": {"uv": [11, 16, 10, 15], "rotation": 90, "texture": "#top", "cullface": "down"}
			}
		}
	]
}
