{
	"credit": "Made with Blockbench by Zentheon",
	"textures": {
		"1": "block/dark_oak_sides",
		"particle": "block/dark_oak_door_top",
		"top": "block/dark_oak_door_top"
	},
	"elements": [
		{
			"from": [0, 0, 0],
			"to": [3, 16, 16],
			"faces": {
				"north": {"uv": [6, 0, 9, 16], "texture": "#1", "cullface": "north"},
				"east": {"uv": [16, 0, 0, 16], "texture": "#top"},
				"south": {"uv": [9, 0, 12, 16], "texture": "#1", "cullface": "south"},
				"west": {"uv": [0, 0, 16, 16], "texture": "#top", "cullface": "west"},
				"up": {"uv": [12, 0, 15, 16], "texture": "#1", "cullface": "up"}
			}
		},
		{
			"from": [-0.5, 0, 11],
			"to": [3.5, 1, 14],
			"rotation": {"angle": 0, "axis": "y", "origin": [8, 8, 21]},
			"faces": {
				"north": {"uv": [11, 15, 12, 16], "texture": "#top"},
				"east": {"uv": [11, 15, 14, 16], "rotation": 180, "texture": "#top"},
				"south": {"uv": [13, 15, 14, 16], "texture": "#top"},
				"west": {"uv": [11, 15, 14, 16], "texture": "#top", "cullface": "west"},
				"up": {"uv": [11, 15, 14, 16], "rotation": 90, "texture": "#top"},
				"down": {"uv": [14, 15, 11, 16], "rotation": 90, "texture": "#top"}
			}
		}
	]
}
