{
	"credit": "Made with Blockbench by Zentheon",
	"textures": {
		"1": "block/iron_sides",
		"particle": "block/iron_door_top",
		"top": "block/iron_door_top"
	},
	"elements": [
		{
			"from": [0, 13, 0],
			"to": [3, 16, 16],
			"rotation": {"angle": 0, "axis": "y", "origin": [8, 9, 16]},
			"faces": {
				"north": {"uv": [6, 0, 9, 3], "texture": "#1"},
				"east": {"uv": [16, 0, 0, 3], "texture": "#top"},
				"south": {"uv": [9, 0, 12, 3], "texture": "#1", "cullface": "south"},
				"west": {"uv": [0, 0, 16, 3], "texture": "#top", "cullface": "west"},
				"up": {"uv": [12, 0, 15, 16], "texture": "#1", "cullface": "up"},
				"down": {"uv": [6, 16, 3, 0], "texture": "#1"}
			}
		},
		{
			"from": [0, 0, 13],
			"to": [3, 13, 16],
			"rotation": {"angle": 0, "axis": "y", "origin": [8, 9, 21]},
			"faces": {
				"north": {"uv": [12, 3, 15, 16], "texture": "#1"},
				"east": {"uv": [16, 3, 13, 16], "texture": "#top"},
				"south": {"uv": [9, 3, 12, 16], "texture": "#1", "cullface": "south"},
				"west": {"uv": [13, 3, 16, 16], "texture": "#top", "cullface": "west"}
			}
		},
		{
			"from": [0, 0, 0],
			"to": [3, 13, 3],
			"rotation": {"angle": 0, "axis": "y", "origin": [8, 9, 8]},
			"faces": {
				"north": {"uv": [6, 3, 9, 16], "texture": "#1"},
				"east": {"uv": [3, 3, 0, 16], "texture": "#top"},
				"south": {"uv": [3, 1, 6, 14], "rotation": 180, "texture": "#1"},
				"west": {"uv": [0, 3, 3, 16], "texture": "#top", "cullface": "west"}
			}
		},
		{
			"from": [0, 7, 3],
			"to": [3, 9, 13],
			"rotation": {"angle": 0, "axis": "y", "origin": [9, 18, 11]},
			"faces": {
				"east": {"uv": [13, 7, 3, 9], "texture": "#top"},
				"west": {"uv": [3, 7, 13, 9], "texture": "#top", "cullface": "west"},
				"up": {"uv": [15, 12, 12, 2], "texture": "#1"},
				"down": {"uv": [6, 12, 3, 2], "rotation": 180, "texture": "#1"}
			}
		},
		{
			"from": [0, 2, 3],
			"to": [3, 4, 13],
			"rotation": {"angle": 0, "axis": "y", "origin": [9, 4, 17]},
			"faces": {
				"east": {"uv": [13, 12, 3, 14], "texture": "#top"},
				"west": {"uv": [3, 12, 13, 14], "texture": "#top", "cullface": "west"},
				"up": {"uv": [15, 12, 12, 2], "texture": "#1"},
				"down": {"uv": [6, 15, 3, 5], "texture": "#1"}
			}
		},
		{
			"from": [0, 0, 5],
			"to": [3, 13, 7],
			"rotation": {"angle": 0, "axis": "y", "origin": [8, 8, 13]},
			"faces": {
				"north": {"uv": [6, 2, 9, 15], "rotation": 180, "texture": "#1"},
				"east": {"uv": [7, 3, 5, 16], "texture": "#top"},
				"south": {"uv": [9, 3, 12, 16], "texture": "#1"},
				"west": {"uv": [5, 3, 7, 16], "texture": "#top", "cullface": "west"}
			}
		},
		{
			"from": [0, 0, 9],
			"to": [3, 13, 11],
			"rotation": {"angle": 0, "axis": "y", "origin": [8, 8, 17]},
			"faces": {
				"north": {"uv": [12, 1, 15, 14], "texture": "#1"},
				"east": {"uv": [11, 3, 9, 16], "texture": "#top"},
				"south": {"uv": [3, 3, 6, 16], "texture": "#1"},
				"west": {"uv": [9, 3, 11, 16], "texture": "#top", "cullface": "west"}
			}
		}
	]
}
