{
	"credit": "Made with Blockbench by Zentheon",
	"textures": {
		"side": "block/iron_sides",
		"particle": "block/iron_trapdoor",
		"main": "block/iron_trapdoor"
	},
	"elements": [
		{
			"from": [3, 0, 13],
			"to": [13, 3, 16],
			"faces": {
				"north": {"uv": [3, 0, 13, 3], "rotation": 180, "texture": "#main"},
				"south": {"uv": [3, 0, 13, 3], "rotation": 180, "texture": "#main", "cullface": "south"},
				"up": {"uv": [9, 4, 12, 14], "rotation": 270, "texture": "#side"},
				"down": {"uv": [3, 3, 6, 13], "rotation": 90, "texture": "#side", "cullface": "down"}
			}
		},
		{
			"from": [0, 0, 13],
			"to": [3, 16, 16],
			"faces": {
				"north": {"uv": [0, 0, 3, 16], "rotation": 180, "texture": "#main"},
				"east": {"uv": [12, 0, 15, 16], "rotation": 180, "texture": "#side"},
				"south": {"uv": [13, 0, 16, 16], "rotation": 180, "texture": "#main", "cullface": "south"},
				"west": {"uv": [3, 0, 6, 16], "texture": "#side", "cullface": "west"},
				"up": {"uv": [9, 0, 12, 3], "rotation": 270, "texture": "#side", "cullface": "up"},
				"down": {"uv": [3, 13, 6, 16], "rotation": 90, "texture": "#side", "cullface": "down"}
			}
		},
		{
			"from": [13, 0, 13],
			"to": [16, 16, 16],
			"faces": {
				"north": {"uv": [13, 0, 16, 16], "rotation": 180, "texture": "#main"},
				"east": {"uv": [9, 0, 12, 16], "rotation": 180, "texture": "#side", "cullface": "east"},
				"south": {"uv": [0, 0, 3, 16], "rotation": 180, "texture": "#main", "cullface": "south"},
				"west": {"uv": [3, 0, 6, 16], "rotation": 180, "texture": "#side"},
				"up": {"uv": [9, 13, 12, 16], "rotation": 270, "texture": "#side", "cullface": "up"},
				"down": {"uv": [3, 0, 6, 3], "rotation": 90, "texture": "#side", "cullface": "down"}
			}
		},
		{
			"from": [3, 13, 13],
			"to": [13, 16, 16],
			"faces": {
				"north": {"uv": [3, 13, 13, 16], "rotation": 180, "texture": "#main"},
				"south": {"uv": [3, 13, 13, 16], "rotation": 180, "texture": "#main", "cullface": "south"},
				"up": {"uv": [9, 3, 12, 13], "rotation": 270, "texture": "#side", "cullface": "up"},
				"down": {"uv": [12, 4, 15, 14], "rotation": 90, "texture": "#side"}
			}
		},
		{
			"from": [5, 3, 13],
			"to": [7, 13, 16],
			"faces": {
				"north": {"uv": [5, 3, 7, 13], "rotation": 180, "texture": "#main"},
				"east": {"uv": [12, 0, 15, 10], "rotation": 180, "texture": "#side"},
				"south": {"uv": [9, 3, 11, 13], "rotation": 180, "texture": "#main", "cullface": "south"},
				"west": {"uv": [3, 6, 6, 16], "texture": "#side"}
			}
		},
		{
			"from": [3, 7, 13],
			"to": [13, 9, 16],
			"faces": {
				"north": {"uv": [3, 7, 13, 9], "rotation": 180, "texture": "#main"},
				"south": {"uv": [3, 7, 13, 9], "rotation": 180, "texture": "#main", "cullface": "south"},
				"up": {"uv": [3, 4, 6, 14], "rotation": 270, "texture": "#side"},
				"down": {"uv": [12, 3, 15, 13], "rotation": 90, "texture": "#side"}
			}
		},
		{
			"from": [9, 3, 13],
			"to": [11, 13, 16],
			"faces": {
				"north": {"uv": [9, 3, 11, 13], "rotation": 180, "texture": "#main"},
				"east": {"uv": [12, 4, 15, 14], "rotation": 180, "texture": "#side"},
				"south": {"uv": [5, 3, 7, 13], "rotation": 180, "texture": "#main", "cullface": "south"},
				"west": {"uv": [3, 2, 6, 12], "texture": "#side"}
			}
		}
	]
}
