{
	"credit": "Made with Blockbench by Zentheon",
	"textures": {
		"side": "block/jungle_sides",
		"particle": "block/jungle_trapdoor",
		"main": "block/jungle_trapdoor"
	},
	"elements": [
		{
			"from": [3, 13, 13],
			"to": [13, 16, 16],
			"faces": {
				"north": {"uv": [3, 0, 13, 3], "texture": "#main"},
				"south": {"uv": [3, 0, 13, 3], "texture": "#main", "cullface": "south"},
				"up": {"uv": [9, 12, 12, 3], "rotation": 90, "texture": "#side", "cullface": "up"},
				"down": {"uv": [12, 2, 15, 12], "rotation": 270, "texture": "#side"}
			}
		},
		{
			"from": [0, 0, 13],
			"to": [3, 16, 16],
			"faces": {
				"north": {"uv": [13, 0, 16, 16], "texture": "#main"},
				"east": {"uv": [6, 0, 9, 16], "rotation": 180, "texture": "#side"},
				"south": {"uv": [0, 0, 3, 16], "texture": "#main", "cullface": "south"},
				"west": {"uv": [3, 0, 6, 16], "texture": "#side", "cullface": "west"},
				"up": {"uv": [9, 3, 12, 0], "rotation": 90, "texture": "#side", "cullface": "up"},
				"down": {"uv": [3, 16, 6, 13], "rotation": 270, "texture": "#side", "cullface": "down"}
			}
		},
		{
			"from": [13, 0, 13],
			"to": [16, 16, 16],
			"faces": {
				"north": {"uv": [0, 0, 3, 16], "texture": "#main"},
				"east": {"uv": [3, 0, 6, 16], "rotation": 180, "texture": "#side", "cullface": "east"},
				"south": {"uv": [13, 0, 16, 16], "texture": "#main", "cullface": "south"},
				"west": {"uv": [0, 0, 3, 16], "texture": "#side"},
				"up": {"uv": [9, 16, 12, 13], "rotation": 90, "texture": "#side", "cullface": "up"},
				"down": {"uv": [3, 3, 6, 0], "rotation": 270, "texture": "#side", "cullface": "down"}
			}
		},
		{
			"from": [3, 0, 13],
			"to": [13, 4, 16],
			"faces": {
				"north": {"uv": [3, 12, 13, 16], "texture": "#main"},
				"south": {"uv": [3, 12, 13, 16], "texture": "#main", "cullface": "south"},
				"up": {"uv": [0, 1, 3, 11], "rotation": 90, "texture": "#side"},
				"down": {"uv": [3, 13, 6, 3], "rotation": 270, "texture": "#side", "cullface": "down"}
			}
		},
		{
			"from": [3, 7, 13],
			"to": [13, 9, 16],
			"faces": {
				"north": {"uv": [3, 7, 13, 9], "rotation": 180, "texture": "#main"},
				"south": {"uv": [3, 7, 13, 9], "texture": "#main", "cullface": "south"},
				"up": {"uv": [4, 0, 14, 3], "texture": "#main"},
				"down": {"uv": [6, 5, 9, 15], "rotation": 270, "texture": "#side"}
			}
		},
		{
			"from": [6, 9, 13],
			"to": [7, 13, 16],
			"faces": {
				"north": {"uv": [9, 3, 10, 7], "texture": "#main"},
				"east": {"uv": [2, 11, 5, 15], "rotation": 180, "texture": "#main"},
				"south": {"uv": [6, 3, 7, 7], "texture": "#main", "cullface": "south"},
				"west": {"uv": [1, 8, 4, 12], "texture": "#main"}
			}
		},
		{
			"from": [9, 9, 13],
			"to": [10, 13, 16],
			"faces": {
				"north": {"uv": [6, 3, 7, 7], "texture": "#main"},
				"east": {"uv": [1, 8, 4, 15], "rotation": 180, "texture": "#main"},
				"south": {"uv": [9, 3, 10, 7], "texture": "#main", "cullface": "south"},
				"west": {"uv": [1, 8, 4, 12], "texture": "#main"}
			}
		},
		{
			"from": [6, 4, 13],
			"to": [7, 7, 16],
			"rotation": {"angle": 0, "axis": "y", "origin": [8, 3, 8]},
			"faces": {
				"north": {"uv": [9, 9, 10, 12], "texture": "#main"},
				"east": {"uv": [1, 8, 4, 11], "rotation": 180, "texture": "#main"},
				"south": {"uv": [6, 9, 7, 12], "texture": "#main", "cullface": "south"},
				"west": {"uv": [1, 8, 4, 11], "texture": "#main"}
			}
		},
		{
			"from": [9, 4, 13],
			"to": [10, 7, 16],
			"rotation": {"angle": 0, "axis": "y", "origin": [8, 3, 8]},
			"faces": {
				"north": {"uv": [6, 9, 7, 12], "texture": "#main"},
				"east": {"uv": [1, 8, 4, 11], "rotation": 180, "texture": "#main"},
				"south": {"uv": [9, 9, 10, 12], "texture": "#main", "cullface": "south"},
				"west": {"uv": [1, 8, 4, 11], "texture": "#main"}
			}
		},
		{
			"from": [3, 12, 13],
			"to": [5, 13, 16],
			"faces": {
				"north": {"uv": [11, 3, 13, 4], "texture": "#main"},
				"east": {"uv": [14, 2, 15, 5], "rotation": 90, "texture": "#main"},
				"south": {"uv": [3, 3, 5, 4], "texture": "#main", "cullface": "south"},
				"down": {"uv": [14, 2, 15, 5], "rotation": 180, "texture": "#main"}
			}
		},
		{
			"from": [3, 11, 13],
			"to": [4, 12, 16],
			"faces": {
				"north": {"uv": [12, 4, 13, 5], "texture": "#main"},
				"east": {"uv": [14, 2, 15, 5], "rotation": 90, "texture": "#main"},
				"south": {"uv": [3, 4, 4, 5], "texture": "#main", "cullface": "south"},
				"down": {"uv": [14, 2, 15, 5], "rotation": 180, "texture": "#main"}
			}
		},
		{
			"from": [11, 12, 13],
			"to": [13, 13, 16],
			"faces": {
				"north": {"uv": [3, 3, 5, 4], "texture": "#main"},
				"south": {"uv": [11, 3, 13, 4], "texture": "#main", "cullface": "south"},
				"west": {"uv": [14, 3, 15, 6], "rotation": 270, "texture": "#main"},
				"down": {"uv": [14, 2, 15, 5], "rotation": 180, "texture": "#main"}
			}
		},
		{
			"from": [12, 11, 13],
			"to": [13, 12, 16],
			"faces": {
				"north": {"uv": [3, 4, 4, 5], "texture": "#main"},
				"south": {"uv": [12, 4, 13, 5], "texture": "#main", "cullface": "south"},
				"west": {"uv": [14, 3, 15, 6], "rotation": 270, "texture": "#main"},
				"down": {"uv": [14, 2, 15, 5], "rotation": 180, "texture": "#main"}
			}
		},
		{
			"from": [3, 4, 13],
			"to": [4, 7, 16],
			"faces": {
				"north": {"uv": [12, 9, 13, 12], "texture": "#main"},
				"east": {"uv": [12, 1, 15, 4], "rotation": 90, "texture": "#main"},
				"south": {"uv": [3, 9, 4, 12], "texture": "#main", "cullface": "south"},
				"up": {"uv": [3, 13, 4, 16], "texture": "#main"}
			}
		},
		{
			"from": [4, 4, 13],
			"to": [5, 5, 16],
			"faces": {
				"north": {"uv": [11, 11, 12, 12], "texture": "#main"},
				"east": {"uv": [14, 8, 15, 11], "rotation": 90, "texture": "#main"},
				"south": {"uv": [4, 11, 5, 12], "texture": "#main", "cullface": "south"},
				"up": {"uv": [1, 9, 2, 12], "texture": "#main"}
			}
		},
		{
			"from": [12, 4, 13],
			"to": [13, 7, 16],
			"faces": {
				"north": {"uv": [3, 9, 4, 12], "texture": "#main"},
				"south": {"uv": [12, 9, 13, 12], "texture": "#main", "cullface": "south"},
				"west": {"uv": [1, 8, 4, 13], "rotation": 270, "texture": "#main"},
				"up": {"uv": [1, 7, 4, 8], "rotation": 90, "texture": "#main"}
			}
		},
		{
			"from": [11, 4, 13],
			"to": [12, 5, 16],
			"faces": {
				"north": {"uv": [4, 11, 5, 12], "texture": "#main"},
				"south": {"uv": [11, 11, 12, 12], "texture": "#main", "cullface": "south"},
				"west": {"uv": [14, 2, 15, 5], "rotation": 270, "texture": "#main"},
				"up": {"uv": [14, 8, 15, 11], "texture": "#main"}
			}
		},
		{
			"from": [5, 1, 12.4],
			"to": [11, 2, 16.6],
			"rotation": {"angle": 0, "axis": "y", "origin": [13, 9, 9]},
			"faces": {
				"north": {"uv": [5, 14, 11, 15], "texture": "#main"},
				"east": {"uv": [5, 14, 6, 15], "rotation": 270, "texture": "#main"},
				"south": {"uv": [5, 14, 11, 15], "rotation": 180, "texture": "#main", "cullface": "south"},
				"west": {"uv": [5, 14, 6, 15], "rotation": 90, "texture": "#main"},
				"up": {"uv": [5, 14, 11, 15], "rotation": 180, "texture": "#main"},
				"down": {"uv": [5, 14, 11, 15], "rotation": 180, "texture": "#main"}
			}
		}
	]
}
