{
	"credit": "Made with Blockbench by Zentheon",
	"textures": {
		"particle": "block/mangrove_door_top",
		"top": "block/mangrove_door_top",
		"side": "block/mangrove_sides"
	},
	"elements": [
		{
			"from": [0, 0, 0],
			"to": [3, 16, 16],
			"faces": {
				"north": {"uv": [6, 0, 9, 16], "texture": "#side", "cullface": "north"},
				"east": {"uv": [16, 0, 0, 16], "texture": "#top"},
				"south": {"uv": [9, 0, 12, 16], "texture": "#side", "cullface": "south"},
				"west": {"uv": [0, 0, 16, 16], "texture": "#top", "cullface": "west"},
				"up": {"uv": [12, 0, 15, 16], "texture": "#side", "cullface": "up"}
			}
		},
		{
			"from": [-0.5, 0, 13],
			"to": [3.5, 3, 14],
			"faces": {
				"north": {"uv": [13, 15, 14, 16], "texture": "#top"},
				"east": {"uv": [13, 15, 14, 16], "texture": "#top"},
				"south": {"uv": [13, 15, 14, 16], "texture": "#top"},
				"west": {"uv": [13, 15, 14, 16], "texture": "#top", "cullface": "west"},
				"up": {"uv": [13, 15, 14, 16], "texture": "#top"},
				"down": {"uv": [13, 15, 14, 16], "texture": "#top"}
			}
		},
		{
			"from": [-0.5, 2, 12],
			"to": [3.5, 3, 13],
			"faces": {
				"north": {"uv": [12, 13, 13, 14], "texture": "#top"},
				"east": {"uv": [12, 13, 13, 14], "texture": "#top"},
				"south": {"uv": [12, 13, 13, 14], "texture": "#top"},
				"west": {"uv": [12, 13, 13, 14], "texture": "#top", "cullface": "west"},
				"up": {"uv": [12, 13, 13, 14], "texture": "#top"},
				"down": {"uv": [12, 13, 13, 14], "texture": "#top"}
			}
		}
	]
}
