{
	"credit": "Made with Blockbench by Zentheon",
	"textures": {
		"particle": "block/mangrove_trapdoor",
		"main": "block/mangrove_trapdoor",
		"side": "block/mangrove_sides"
	},
	"elements": [
		{
			"from": [11, 5, 13],
			"to": [16, 11, 16],
			"rotation": {"angle": 0, "axis": "y", "origin": [0, 0, 16]},
			"faces": {
				"north": {"uv": [0, 11, 5, 5], "texture": "#main"},
				"east": {"uv": [6, 5, 3, 11], "texture": "#side", "cullface": "east"},
				"south": {"uv": [5, 11, 0, 5], "texture": "#main", "cullface": "south"},
				"west": {"uv": [6, 0, 3, 6], "rotation": 180, "texture": "#side"}
			}
		},
		{
			"from": [0, 5, 13],
			"to": [5, 11, 16],
			"rotation": {"angle": 0, "axis": "y", "origin": [0, 0, 16]},
			"faces": {
				"north": {"uv": [11, 11, 16, 5], "texture": "#main"},
				"east": {"uv": [6, 0, 3, 6], "texture": "#side"},
				"south": {"uv": [16, 11, 11, 5], "texture": "#main", "cullface": "south"},
				"west": {"uv": [6, 5, 3, 11], "rotation": 180, "texture": "#side", "cullface": "west"}
			}
		},
		{
			"from": [0, 11, 13],
			"to": [16, 16, 16],
			"rotation": {"angle": 0, "axis": "y", "origin": [0, 0, 16]},
			"faces": {
				"north": {"uv": [0, 16, 16, 11], "texture": "#main"},
				"east": {"uv": [6, 0, 3, 5], "texture": "#side", "cullface": "east"},
				"south": {"uv": [16, 16, 0, 11], "texture": "#main", "cullface": "south"},
				"west": {"uv": [6, 11, 3, 16], "rotation": 180, "texture": "#side", "cullface": "west"},
				"up": {"uv": [12, 0, 9, 16], "rotation": 270, "texture": "#side", "cullface": "up"},
				"down": {"uv": [12, 0, 9, 16], "rotation": 90, "texture": "#side"}
			}
		},
		{
			"from": [0, 0, 13],
			"to": [16, 5, 16],
			"rotation": {"angle": 0, "axis": "y", "origin": [0, 0, 16]},
			"faces": {
				"north": {"uv": [0, 5, 16, 0], "texture": "#main"},
				"east": {"uv": [6, 11, 3, 16], "texture": "#side", "cullface": "east"},
				"south": {"uv": [16, 5, 0, 0], "texture": "#main", "cullface": "south"},
				"west": {"uv": [6, 0, 3, 5], "rotation": 180, "texture": "#side"},
				"up": {"uv": [12, 0, 9, 16], "rotation": 270, "texture": "#side"},
				"down": {"uv": [12, 0, 9, 16], "rotation": 90, "texture": "#side", "cullface": "down"}
			}
		},
		{
			"from": [5, 5, 13],
			"to": [6, 6, 16],
			"rotation": {"angle": 0, "axis": "y", "origin": [0, 0, 16]},
			"faces": {
				"north": {"uv": [5, 6, 6, 5], "rotation": 180, "texture": "#main"},
				"east": {"uv": [9, 11, 12, 10], "texture": "#side"},
				"south": {"uv": [5, 11, 6, 10], "texture": "#main", "cullface": "south"},
				"up": {"uv": [3, 13, 6, 12], "rotation": 270, "texture": "#side"}
			}
		},
		{
			"from": [10, 5, 13],
			"to": [11, 6, 16],
			"rotation": {"angle": 0, "axis": "y", "origin": [0, 0, 16]},
			"faces": {
				"north": {"uv": [0, 1, 1, 0], "rotation": 180, "texture": "#main"},
				"south": {"uv": [0, 1, 1, 0], "texture": "#main", "cullface": "south"},
				"west": {"uv": [3, 7, 6, 6], "rotation": 180, "texture": "#side"},
				"up": {"uv": [3, 12, 6, 11], "rotation": 270, "texture": "#side"}
			}
		},
		{
			"from": [10, 10, 13],
			"to": [11, 11, 16],
			"rotation": {"angle": 0, "axis": "y", "origin": [0, 0, 16]},
			"faces": {
				"north": {"uv": [10, 6, 11, 5], "rotation": 180, "texture": "#main"},
				"south": {"uv": [0, 1, 1, 0], "texture": "#main", "cullface": "south"},
				"west": {"uv": [9, 8, 12, 7], "rotation": 180, "texture": "#side"},
				"down": {"uv": [3, 9, 6, 8], "rotation": 90, "texture": "#side"}
			}
		},
		{
			"from": [5, 10, 13],
			"to": [6, 11, 16],
			"rotation": {"angle": 0, "axis": "y", "origin": [0, 0, 16]},
			"faces": {
				"north": {"uv": [0, 1, 1, 0], "rotation": 180, "texture": "#main"},
				"east": {"uv": [3, 3, 6, 2], "texture": "#side"},
				"south": {"uv": [5, 6, 6, 5], "texture": "#main", "cullface": "south"},
				"up": {"uv": [1, 0, 0, 3], "rotation": 180, "texture": "#missing"},
				"down": {"uv": [9, 11, 12, 10], "rotation": 90, "texture": "#side"}
			}
		},
		{
			"from": [6, 14, 12.5],
			"to": [10, 15, 16.5],
			"rotation": {"angle": 0, "axis": "y", "origin": [0, 0, 16]},
			"faces": {
				"north": {"uv": [6, 15, 10, 14], "rotation": 180, "texture": "#main"},
				"east": {"uv": [10, 14, 9, 15], "rotation": 270, "texture": "#main"},
				"south": {"uv": [6, 15, 10, 14], "texture": "#main", "cullface": "south"},
				"west": {"uv": [7, 14, 6, 15], "rotation": 90, "texture": "#main"},
				"up": {"uv": [10, 14, 6, 15], "rotation": 180, "texture": "#main"},
				"down": {"uv": [10, 14, 6, 15], "texture": "#main"}
			}
		}
	]
}
