{
	"credit": "Made with Blockbench by Zentheon",
	"textures": {
		"particle": "block/mangrove_door_top",
		"top": "block/mangrove_door_top",
		"side": "block/mangrove_sides"
	},
	"elements": [
		{
			"from": [0, 0, 0],
			"to": [3, 16, 16],
			"rotation": {"angle": 0, "axis": "y", "origin": [16, 0, 16]},
			"faces": {
				"north": {"uv": [9, 0, 12, 16], "texture": "#side", "cullface": "north"},
				"east": {"uv": [0, 0, 16, 16], "texture": "#top"},
				"south": {"uv": [6, 0, 9, 16], "texture": "#side", "cullface": "south"},
				"west": {"uv": [16, 0, 0, 16], "texture": "#top"},
				"up": {"uv": [15, 16, 12, 0], "texture": "#side", "cullface": "up"}
			}
		},
		{
			"from": [-0.5, 0, 2],
			"to": [3.5, 3, 3],
			"rotation": {"angle": 0, "axis": "y", "origin": [16, 0, 16]},
			"faces": {
				"north": {"uv": [13, 15, 14, 16], "texture": "#top"},
				"east": {"uv": [13, 15, 14, 16], "texture": "#top"},
				"south": {"uv": [13, 15, 14, 16], "texture": "#top"},
				"west": {"uv": [13, 15, 14, 16], "texture": "#top", "cullface": "west"},
				"up": {"uv": [14, 16, 13, 15], "texture": "#top"},
				"down": {"uv": [14, 16, 13, 15], "texture": "#top"}
			}
		},
		{
			"from": [-0.5, 2, 3],
			"to": [3.5, 3, 4],
			"rotation": {"angle": 0, "axis": "y", "origin": [16, 0, 16]},
			"faces": {
				"north": {"uv": [12, 13, 13, 14], "texture": "#top"},
				"east": {"uv": [12, 13, 13, 14], "texture": "#top"},
				"south": {"uv": [12, 13, 13, 14], "texture": "#top"},
				"west": {"uv": [12, 13, 13, 14], "texture": "#top", "cullface": "west"},
				"up": {"uv": [13, 14, 12, 13], "texture": "#top"},
				"down": {"uv": [13, 14, 12, 13], "texture": "#top"}
			}
		}
	]
}
