{
	"credit": "Bray was here :)",
	"parent": "minecraft:item/books_3d/template_book_closed",
	"texture_size": [32, 32],
	"textures": {
		"0": "item/books_3d/flame_3d",
		"1": "item/books_3d/projectile_protection_arrow",
		"2": "item/books_3d/fire_aspect_effect",
		"particle": "item/books_3d/flame_3d"
	},
	"elements": [
		{
			"name": "paper",
			"from": [4.5, 7, 3.5],
			"to": [11, 9, 12.5],
			"rotation": {"angle": 0, "axis": "y", "origin": [9.625, 8, 8]},
			"faces": {
				"north": {"uv": [0, 13.5, 3, 14.5], "texture": "#0"},
				"south": {"uv": [0, 14.5, 3, 15.5], "texture": "#0"},
				"west": {"uv": [0, 12.5, 4.5, 13.5], "texture": "#0"}
			}
		},
		{
			"from": [4, 9, 3],
			"to": [12, 10, 13],
			"light_emission": 4,
			"rotation": {"angle": 0, "axis": "y", "origin": [10, 8, 11]},
			"faces": {
				"north": {"uv": [0, 10, 4, 10.5], "texture": "#0"},
				"east": {"uv": [5.5, 0, 6, 5], "rotation": 270, "texture": "#0"},
				"south": {"uv": [6, 10, 10, 10.5], "texture": "#0"},
				"west": {"uv": [10, 0, 10.5, 5], "rotation": 90, "texture": "#0"},
				"up": {"uv": [6, 0, 10, 5], "rotation": 180, "texture": "#0"},
				"down": {"uv": [6, 5, 10, 10], "texture": "#0"}
			}
		},
		{
			"from": [4, 6, 3],
			"to": [12, 7, 13],
			"light_emission": 4,
			"rotation": {"angle": 0, "axis": "y", "origin": [10, 5, 11]},
			"faces": {
				"north": {"uv": [0, 11.5, 4, 12], "texture": "#0"},
				"east": {"uv": [4, 0, 4.5, 5], "rotation": 270, "texture": "#0"},
				"south": {"uv": [6, 11.5, 10, 12], "texture": "#0"},
				"west": {"uv": [11.5, 0, 12, 5], "rotation": 90, "texture": "#0"},
				"up": {"uv": [0, 5, 4, 10], "texture": "#0"},
				"down": {"uv": [0, 0, 4, 5], "texture": "#0"}
			}
		},
		{
			"from": [11, 7, 3],
			"to": [12, 9, 13],
			"light_emission": 4,
			"rotation": {"angle": 0, "axis": "y", "origin": [10, 6, 11]},
			"faces": {
				"north": {"uv": [0, 10.5, 0.5, 11.5], "texture": "#0"},
				"east": {"uv": [4.5, 0, 5.5, 5], "rotation": 270, "texture": "#0"},
				"south": {"uv": [9.5, 10.5, 10, 11.5], "texture": "#0"},
				"west": {"uv": [10.5, 0, 11.5, 5], "rotation": 90, "texture": "#0"}
			}
		},
		{
			"from": [-2.51, 3.99, 5.49],
			"to": [6.51, 4.01, 10.51],
			"rotation": {"angle": 45, "axis": "z", "origin": [2, 8, 8]},
			"faces": {
				"up": {"uv": [6, 9, 1, 0], "rotation": 90, "texture": "#1"},
				"down": {"uv": [6, 9, 1, 0], "rotation": 90, "texture": "#1"}
			}
		},
		{
			"from": [-2.51, 1.49, 7.99],
			"to": [6.51, 6.51, 8.01],
			"rotation": {"angle": 45, "axis": "z", "origin": [2, 8, 8]},
			"faces": {
				"north": {"uv": [6, 9, 1, 0], "rotation": 270, "texture": "#1"},
				"south": {"uv": [6, 9, 1, 0], "rotation": 90, "texture": "#1"}
			}
		},
		{
			"from": [2.915, 2.09, 7.99],
			"to": [2.935, 5.11, 15.01],
			"rotation": {"angle": 0, "axis": "x", "origin": [12.925, 15.6, 8]},
			"faces": {
				"east": {"uv": [14, 0, 8, 14], "rotation": 270, "texture": "#2"},
				"west": {"uv": [8, 0, 14, 14], "rotation": 90, "texture": "#2"}
			}
		},
		{
			"from": [1.415, 3.59, 7.99],
			"to": [4.435, 3.61, 15.01],
			"rotation": {"angle": 0, "axis": "x", "origin": [12.925, 15.6, 8]},
			"faces": {
				"up": {"uv": [8, 0, 14, 12], "rotation": 180, "texture": "#2"},
				"down": {"uv": [14, 0, 8, 12], "texture": "#2"}
			}
		}
	],
	"groups": [
		{
			"name": "closed_book",
			"origin": [7.375, 8, 3],
			"color": 0,
			"children": [0, 1, 2, 3]
		},
		{
			"name": "arrow",
			"origin": [7, 11.25, 6],
			"color": 0,
			"children": [4, 5]
		},
		{
			"name": "fire",
			"origin": [12.925, 15.6, 8],
			"color": 0,
			"children": [6, 7]
		}
	]
}