{
	"credit": "Bray was here :)",
	"parent": "minecraft:item/books_3d/template_book_closed",
	"texture_size": [32, 32],
	"textures": {
		"0": "item/books_3d/lure_3d",
		"1": "item/books_3d/lure_fish",
		"2": "item/books_3d/lure_rod",
		"particle": "item/books_3d/lure_3d"
	},
	"elements": [
		{
			"name": "paper",
			"from": [4.5, 7, 3.5],
			"to": [11, 9, 12.5],
			"rotation": {"angle": 0, "axis": "y", "origin": [9.625, 8, 8]},
			"faces": {
				"north": {"uv": [0, 13.5, 3, 14.5], "texture": "#0"},
				"south": {"uv": [0, 14.5, 3, 15.5], "texture": "#0"},
				"west": {"uv": [0, 12.5, 4.5, 13.5], "texture": "#0"}
			}
		},
		{
			"from": [4, 9, 3],
			"to": [12, 10, 13],
			"rotation": {"angle": 0, "axis": "y", "origin": [10, 8, 11]},
			"faces": {
				"north": {"uv": [0, 10, 4, 10.5], "texture": "#0"},
				"east": {"uv": [5.5, 0, 6, 5], "rotation": 270, "texture": "#0"},
				"south": {"uv": [6, 10, 10, 10.5], "texture": "#0"},
				"west": {"uv": [10, 0, 10.5, 5], "rotation": 90, "texture": "#0"},
				"up": {"uv": [6, 0, 10, 5], "rotation": 180, "texture": "#0"},
				"down": {"uv": [6, 5, 10, 10], "texture": "#0"}
			}
		},
		{
			"from": [4, 6, 3],
			"to": [12, 7, 13],
			"rotation": {"angle": 0, "axis": "y", "origin": [10, 5, 11]},
			"faces": {
				"north": {"uv": [0, 11.5, 4, 12], "texture": "#0"},
				"east": {"uv": [4, 0, 4.5, 5], "rotation": 270, "texture": "#0"},
				"south": {"uv": [6, 11.5, 10, 12], "texture": "#0"},
				"west": {"uv": [11.5, 0, 12, 5], "rotation": 90, "texture": "#0"},
				"up": {"uv": [0, 5, 4, 10], "texture": "#0"},
				"down": {"uv": [0, 0, 4, 5], "texture": "#0"}
			}
		},
		{
			"from": [11, 7, 3],
			"to": [12, 9, 13],
			"rotation": {"angle": 0, "axis": "y", "origin": [10, 6, 11]},
			"faces": {
				"north": {"uv": [0, 10.5, 0.5, 11.5], "texture": "#0"},
				"east": {"uv": [4.5, 0, 5.5, 5], "rotation": 270, "texture": "#0"},
				"south": {"uv": [9.5, 10.5, 10, 11.5], "texture": "#0"},
				"west": {"uv": [10.5, 0, 11.5, 5], "rotation": 90, "texture": "#0"}
			}
		},
		{
			"from": [1.37791, 7.99, 4.42611],
			"to": [8.39791, 8.01, 14.44611],
			"rotation": {"angle": -22.5, "axis": "y", "origin": [4.88791, 8, 9.43611]},
			"faces": {
				"up": {"uv": [8, 0, 0, 10], "rotation": 180, "texture": "#1"},
				"down": {"uv": [0, 10, 8, 0], "rotation": 180, "texture": "#1"}
			}
		},
		{
			"from": [4.38791, 8, 0.43611],
			"to": [11.38791, 8, 10.43611],
			"rotation": {"angle": 0, "axis": "y", "origin": [7.88791, 8, 5.43611]},
			"faces": {
				"up": {"uv": [8, 0, 0, 10], "rotation": 180, "texture": "#1"},
				"down": {"uv": [0, 10, 8, 0], "rotation": 180, "texture": "#1"}
			}
		},
		{
			"from": [9.5, 10, 0.75],
			"to": [10.5, 11, 15.75],
			"rotation": {"angle": -22.5, "axis": "y", "origin": [9, 10.5, 8.75]},
			"faces": {
				"north": {"uv": [1, 14, 0, 15], "texture": "#2"},
				"east": {"uv": [2, 14, 3, 0], "rotation": 90, "texture": "#2"},
				"south": {"uv": [2, 14, 1, 15], "texture": "#2"},
				"west": {"uv": [0, 14, 1, 0], "rotation": 90, "texture": "#2"},
				"up": {"uv": [2, 0, 1, 14], "texture": "#2"},
				"down": {"uv": [4, 0, 3, 14], "texture": "#2"}
			}
		},
		{
			"from": [7, 10, 3.75],
			"to": [9.5, 10.75, 6.25],
			"rotation": {"angle": -22.5, "axis": "y", "origin": [9, 10.5, 8.75]},
			"faces": {
				"north": {"uv": [7, 0, 4, 1], "texture": "#2"},
				"east": {"uv": [8, 0, 6, 1], "texture": "#2"},
				"south": {"uv": [7, 2, 4, 3], "texture": "#2"},
				"west": {"uv": [6, 3, 7, 0], "rotation": 90, "texture": "#2"},
				"up": {"uv": [7, 0, 4, 3], "texture": "#2"},
				"down": {"uv": [7, 0, 4, 3], "texture": "#2"}
			}
		},
		{
			"from": [6.6971, 10, 7.04328],
			"to": [8.6971, 10.5, 9.04328],
			"rotation": {"angle": 22.5, "axis": "y", "origin": [7.6971, 10.25, 8.04328]},
			"faces": {
				"north": {"uv": [7, 3, 4, 4], "texture": "#2"},
				"east": {"uv": [6, 6, 7, 3], "rotation": 90, "texture": "#2"},
				"south": {"uv": [7, 3, 4, 4], "texture": "#2"},
				"west": {"uv": [4, 6, 5, 3], "rotation": 90, "texture": "#2"},
				"up": {"uv": [7, 3, 4, 6], "texture": "#2"},
				"down": {"uv": [7, 3, 4, 6], "texture": "#2"}
			}
		},
		{
			"from": [4.55637, 10.49, 12.98088],
			"to": [6.57637, 10.51, 16.00088],
			"rotation": {"angle": 45, "axis": "y", "origin": [5.81637, 10, 14.74088]},
			"faces": {
				"up": {"uv": [7, 0, 10, 4], "rotation": 180, "texture": "#2"},
				"down": {"uv": [7, 4, 10, 0], "rotation": 180, "texture": "#2"}
			}
		}
	],
	"groups": [
		{
			"name": "closed_book",
			"origin": [7.375, 8, 3],
			"color": 0,
			"children": [0, 1, 2, 3, 4, 5]
		},
		{
			"name": "Rod",
			"origin": [7.8029, 10.25, 7.29328],
			"color": 0,
			"children": [6, 7, 8]
		},
		9
	]
}