{
	"credit": "Bray + Cyberia were here :)",
	"texture_size": [32, 32],
	"elements": [
		{
			"name": "cover_left_rotation",
			"from": [8.06427, 3, 5.48283],
			"to": [15.56427, 13, 6.55783],
			"rotation": {"angle": -22.5, "axis": "y", "origin": [8.11192, 8, 7.91853]},
			"color": 4,
			"faces": {
				"north": {"uv": [0, 0, 4, 5], "texture": "#missing"},
				"east": {"uv": [11.5, 0, 12, 5], "texture": "#missing"},
				"south": {"uv": [10, 5, 6, 10], "texture": "#missing"},
				"up": {"uv": [10, 12, 6, 11.5], "texture": "#missing"},
				"down": {"uv": [4, 11.5, 0, 12], "texture": "#missing"}
			}
		},
		{
			"name": "cover_right_rotation",
			"from": [0.43763, 3, 5.4924],
			"to": [7.93763, 13, 6.5674],
			"rotation": {"angle": 22.5, "axis": "y", "origin": [7.86498, 8, 7.9281]},
			"color": 6,
			"faces": {
				"north": {"uv": [6, 0, 10, 5], "texture": "#missing"},
				"south": {"uv": [0, 5, 4, 10], "texture": "#missing"},
				"west": {"uv": [10, 0, 10.5, 5], "texture": "#missing"},
				"up": {"uv": [10, 10.5, 6, 10], "texture": "#missing"},
				"down": {"uv": [4, 10, 0, 10.5], "texture": "#missing"}
			}
		},
		{
			"name": "cover_right_rotation",
			"from": [0.43763, 3, 5.4924],
			"to": [7.93763, 13, 5.4924],
			"rotation": {"angle": 22.5, "axis": "y", "origin": [7.86498, 8, 7.9281]},
			"color": 8,
			"faces": {
				"north": {"uv": [12, 0, 16, 5], "texture": "#missing"}
			}
		},
		{
			"name": "spine_rotation",
			"from": [7.001, 3.001, 5.651],
			"to": [8.999, 12.999, 6.649],
			"rotation": {"angle": 0, "axis": "y", "origin": [8, 8, 8]},
			"color": 9,
			"faces": {
				"north": {"uv": [4.5, 0, 5.5, 5], "texture": "#missing"},
				"south": {"uv": [10.5, 0, 11.5, 5], "texture": "#missing"},
				"up": {"uv": [9.5, 10.5, 10, 11.5], "rotation": 270, "texture": "#missing"},
				"down": {"uv": [0, 10.5, 0.5, 11.5], "rotation": 270, "texture": "#missing"}
			}
		},
		{
			"name": "page_left_rotation",
			"from": [7.6528, 4, 6.157],
			"to": [14.5778, 12, 7.157],
			"rotation": {"angle": -22.5, "axis": "y", "origin": [8, 8, 8]},
			"color": 8,
			"faces": {
				"east": {"uv": [15.5, 12, 16, 16], "texture": "#missing"},
				"south": {"uv": [12.5, 12, 16, 16], "texture": "#missing"},
				"west": {"uv": [12.5, 12, 13, 16], "texture": "#missing"},
				"up": {"uv": [16, 12.5, 12.5, 12], "texture": "#missing"},
				"down": {"uv": [16, 15.5, 12.5, 16], "texture": "#missing"}
			}
		},
		{
			"name": "page_right_rotation",
			"from": [1.4222, 4, 6.157],
			"to": [8.3472, 12, 7.157],
			"rotation": {"angle": 22.5, "axis": "y", "origin": [8, 8, 8]},
			"color": 1,
			"faces": {
				"east": {"uv": [12, 12, 12.5, 16], "texture": "#missing"},
				"south": {"uv": [9, 12, 12.5, 16], "texture": "#missing"},
				"west": {"uv": [9, 12, 9.5, 16], "texture": "#missing"},
				"up": {"uv": [12.5, 12.5, 9, 12], "texture": "#missing"},
				"down": {"uv": [12.5, 15.5, 9, 16], "texture": "#missing"}
			}
		},
		{
			"name": "flip_left_rotation",
			"from": [7.70967, 4, 7.19707],
			"to": [14.70967, 12, 7.19707],
			"rotation": {"angle": -45, "axis": "y", "origin": [7.98825, 8, 7.49585]},
			"color": 9,
			"faces": {
				"north": {"uv": [9, 12, 12.5, 16], "texture": "#missing"},
				"south": {"uv": [9, 12, 12.5, 16], "texture": "#missing"}
			}
		},
		{
			"name": "flip_right_rotation",
			"from": [1.43176, 4, 7.13849],
			"to": [8.43176, 12, 7.13849],
			"rotation": {"angle": 45, "axis": "y", "origin": [8.15318, 8, 7.63729]},
			"color": 8,
			"faces": {
				"north": {"uv": [12.5, 12, 16, 16], "texture": "#missing"},
				"south": {"uv": [12.5, 12, 16, 16], "texture": "#missing"}
			}
		}
	],
	"display": {
		"thirdperson_righthand": {
			"rotation": [-5, 0, 0],
			"translation": [0, 3.25, 0.75],
			"scale": [0.75, 0.75, 0.75]
		},
		"thirdperson_lefthand": {
			"rotation": [-5, 0, 0],
			"translation": [0, 3.25, 0.75],
			"scale": [0.75, 0.75, 0.75]
		},
		"firstperson_righthand": {
			"rotation": [-60, -30, -15],
			"translation": [-1.75, 3, 0],
			"scale": [0.75, 0.75, 0.75]
		},
		"firstperson_lefthand": {
			"rotation": [-60, -30, -15],
			"translation": [-1.75, 3, 0],
			"scale": [0.75, 0.75, 0.75]
		},
		"ground": {
			"rotation": [-65, 0, 0],
			"translation": [0, 1.25, 0],
			"scale": [0.75, 0.75, 0.75]
		},
		"gui": {
			"rotation": [-39, -15, -36],
			"translation": [0.25, 0, 0],
			"scale": [0.85, 0.85, 0.85]
		},
		"head": {
			"rotation": [0, 180, 0],
			"translation": [0, 14, 0]
		},
		"fixed": {
			"rotation": [0, 180, 0],
			"translation": [0, 0, -0.5]
		}
	},
	"groups": [
		{
			"name": "open_book",
			"origin": [8.1625, 8, 5.53317],
			"color": 0,
			"children": [0, 1, 2, 3, 4, 5, 6, 7]
		}
	]
}