{
	"format_version": "1.21.6",
	"credit": "Made with Blockbench",
	"parent": "minecraft:block/orientable",
	"textures": {
		"3": "block/pumpkin_bottom",
		"front": "block/jack_o_lantern_sad",
		"side": "block/pumpkin_side",
		"top": "block/pumpkin_top",
		"particle": "block/pumpkin_bottom"
	},
	"elements": [
		{
			"from": [0, 0, 0],
			"to": [16, 16, 16],
			"faces": {
				"north": {"uv": [0, 0, 16, 16], "texture": "#front"},
				"east": {"uv": [0, 0, 16, 16], "texture": "#side"},
				"south": {"uv": [0, 0, 16, 16], "texture": "#side"},
				"west": {"uv": [0, 0, 16, 16], "texture": "#side"},
				"up": {"uv": [0, 0, 16, 16], "texture": "#top"},
				"down": {"uv": [16, 0, 0, 16], "texture": "#3"}
			}
		}
	]
}