{
	"format_version": "1.21.6",
	"credit": "Made with Blockbench by Infernalizard",
	"parent": "minecraft:block/cube_top",
	"textures": {
		"2": "block/jukebox_bottom",
		"side": "block/jukebox_side",
		"top": "block/jukebox_top",
		"particle": "block/jukebox_side"
	},
	"elements": [
		{
			"from": [0, 0, 0],
			"to": [16, 16, 16],
			"faces": {
				"north": {"uv": [0, 0, 16, 16], "texture": "#side"},
				"east": {"uv": [0, 0, 16, 16], "texture": "#side"},
				"south": {"uv": [0, 0, 16, 16], "texture": "#side"},
				"west": {"uv": [0, 0, 16, 16], "texture": "#side"},
				"up": {"uv": [0, 0, 16, 16], "texture": "#top"},
				"down": {"uv": [0, 0, 16, 16], "texture": "#2"}
			}
		}
	]
}