{
	"credit": "Made by endcollector",
	"textures": {
		"0": "block/moss_block",
		"1": "block/hanging_moss",
		"particle": "block/moss_block"
	},
	"elements": [
		{
			"from": [-0.025, 0, -0.025],
			"to": [16.025, 1, 16.025],
			"faces": {
				"north": {"uv": [0, 15, 16, 16], "texture": "#0", "cullface": "north"},
				"east": {"uv": [0, 15, 16, 16], "texture": "#0", "cullface": "east"},
				"south": {"uv": [0, 15, 16, 16], "texture": "#0", "cullface": "south"},
				"west": {"uv": [0, 15, 16, 16], "texture": "#0", "cullface": "west"},
				"up": {"uv": [0, 0, 16, 16], "texture": "#0"},
				"down": {"uv": [0, 0, 16, 16], "texture": "#0", "cullface": "down"}
			}
		},
		{
			"from": [13, -2, -0.025],
			"to": [15, 0, -0.025],
			"rotation": {"angle": 0, "axis": "y", "origin": [8, -1, 8]},
			"faces": {
				"north": {"uv": [1, 0, 3, 2], "texture": "#1"}
			}
		},
		{
			"from": [8, -2, -0.025],
			"to": [12, 0, -0.025],
			"rotation": {"angle": 0, "axis": "y", "origin": [8, -1, 8]},
			"faces": {
				"north": {"uv": [4, 0, 8, 2], "texture": "#1"}
			}
		},
		{
			"from": [3, -2, -0.025],
			"to": [7, 0, -0.025],
			"rotation": {"angle": 0, "axis": "y", "origin": [8, -1, 8]},
			"faces": {
				"north": {"uv": [9, 0, 13, 2], "texture": "#1"}
			}
		},
		{
			"from": [1, -3, -0.025],
			"to": [2, 0, -0.025],
			"rotation": {"angle": 0, "axis": "y", "origin": [8, -1, 8]},
			"faces": {
				"north": {"uv": [14, 0, 15, 3], "texture": "#1"}
			}
		},
		{
			"from": [-0.025, -3, -0.025],
			"to": [1, 0, -0.025],
			"rotation": {"angle": 0, "axis": "y", "origin": [7, -1, 8]},
			"faces": {
				"north": {"uv": [15, 0, 16, 3], "texture": "#1"}
			}
		},
		{
			"from": [3, -6, -0.025],
			"to": [5, -2, -0.025],
			"rotation": {"angle": 0, "axis": "y", "origin": [8, -3, 8]},
			"faces": {
				"north": {"uv": [11, 2, 13, 6], "texture": "#1"}
			}
		},
		{
			"from": [9, -6, -0.025],
			"to": [11, -2, -0.025],
			"rotation": {"angle": 0, "axis": "y", "origin": [8, -3, 8]},
			"faces": {
				"north": {"uv": [5, 2, 7, 6], "texture": "#1"}
			}
		},
		{
			"from": [3, -10, -0.025],
			"to": [4, -6, -0.025],
			"rotation": {"angle": 0, "axis": "y", "origin": [8, -7, 8]},
			"faces": {
				"north": {"uv": [12, 6, 13, 10], "texture": "#1"}
			}
		},
		{
			"from": [5, -9, -0.025],
			"to": [6, -4, -0.025],
			"rotation": {"angle": 0, "axis": "y", "origin": [8, -6, 8]},
			"faces": {
				"north": {"uv": [10, 4, 11, 9], "texture": "#1"}
			}
		},
		{
			"from": [13, -7, -0.025],
			"to": [14, -2, -0.025],
			"rotation": {"angle": 0, "axis": "y", "origin": [8, -4, 8]},
			"faces": {
				"north": {"uv": [2, 2, 3, 7], "texture": "#1"}
			}
		},
		{
			"from": [8, -12, -0.025],
			"to": [9, -6, -0.025],
			"rotation": {"angle": 0, "axis": "y", "origin": [8, -8, 8]},
			"faces": {
				"north": {"uv": [7, 6, 8, 12], "texture": "#1"}
			}
		},
		{
			"from": [9, -10, -0.025],
			"to": [10, -6, -0.025],
			"rotation": {"angle": 0, "axis": "y", "origin": [8, -8, 8]},
			"faces": {
				"north": {"uv": [6, 6, 7, 10], "texture": "#1"}
			}
		},
		{
			"from": [11, -8, -0.025],
			"to": [12, -4, -0.025],
			"rotation": {"angle": 0, "axis": "y", "origin": [8, -6, 8]},
			"faces": {
				"north": {"uv": [4, 4, 5, 8], "texture": "#1"}
			}
		},
		{
			"from": [12, -5, -0.025],
			"to": [13, -3, -0.025],
			"rotation": {"angle": 0, "axis": "y", "origin": [8, -5, 8]},
			"faces": {
				"north": {"uv": [3, 3, 4, 5], "texture": "#1"}
			}
		},
		{
			"from": [12, -1, -0.025],
			"to": [13, 0, -0.025],
			"rotation": {"angle": 0, "axis": "y", "origin": [8, -2, 8]},
			"faces": {
				"north": {"uv": [3, 0, 4, 1], "texture": "#1"}
			}
		},
		{
			"from": [7, -1, -0.025],
			"to": [8, 0, -0.025],
			"rotation": {"angle": 0, "axis": "y", "origin": [8, -2, 8]},
			"faces": {
				"north": {"uv": [8, 0, 9, 1], "texture": "#1"}
			}
		},
		{
			"from": [15, -4, -0.025],
			"to": [16.025, 0, -0.025],
			"rotation": {"angle": 0, "axis": "y", "origin": [8, -4, 8]},
			"faces": {
				"north": {"uv": [0, 0, 1, 4], "texture": "#1"}
			}
		},
		{
			"from": [6, -5, -0.025],
			"to": [7, -2, -0.025],
			"rotation": {"angle": 0, "axis": "y", "origin": [8, -4, 8]},
			"faces": {
				"north": {"uv": [9, 2, 10, 5], "texture": "#1"}
			}
		},
		{
			"from": [7, -7, -0.025],
			"to": [8, -4, -0.025],
			"rotation": {"angle": 0, "axis": "y", "origin": [8, -6, 8]},
			"faces": {
				"north": {"uv": [8, 4, 9, 7], "texture": "#1"}
			}
		},
		{
			"from": [1, -8, -0.025],
			"to": [2, -3, -0.025],
			"rotation": {"angle": 0, "axis": "y", "origin": [8, -4, 8]},
			"faces": {
				"north": {"uv": [14, 3, 15, 8], "texture": "#1"}
			}
		},
		{
			"from": [2, -7, -0.025],
			"to": [3, -5, -0.025],
			"rotation": {"angle": 0, "axis": "y", "origin": [8, -4, 8]},
			"faces": {
				"north": {"uv": [13, 5, 14, 7], "texture": "#1"}
			}
		},
		{
			"from": [2, -1, -0.025],
			"to": [3, 0, -0.025],
			"rotation": {"angle": 0, "axis": "y", "origin": [8, 1, 8]},
			"faces": {
				"north": {"uv": [13, 0, 14, 1], "texture": "#1"}
			}
		},
		{
			"from": [1, -2, 16.025],
			"to": [3, 0, 16.025],
			"rotation": {"angle": 0, "axis": "y", "origin": [8, -1, 8]},
			"faces": {
				"south": {"uv": [1, 0, 3, 2], "texture": "#1"}
			}
		},
		{
			"from": [4, -2, 16.025],
			"to": [8, 0, 16.025],
			"rotation": {"angle": 0, "axis": "y", "origin": [8, -1, 8]},
			"faces": {
				"south": {"uv": [4, 0, 8, 2], "texture": "#1"}
			}
		},
		{
			"from": [9, -2, 16.025],
			"to": [13, 0, 16.025],
			"rotation": {"angle": 0, "axis": "y", "origin": [8, -1, 8]},
			"faces": {
				"south": {"uv": [9, 0, 13, 2], "texture": "#1"}
			}
		},
		{
			"from": [14, -3, 16.025],
			"to": [15, 0, 16.025],
			"rotation": {"angle": 0, "axis": "y", "origin": [8, -1, 8]},
			"faces": {
				"south": {"uv": [14, 0, 15, 3], "texture": "#1"}
			}
		},
		{
			"from": [15, -3, 16.025],
			"to": [16.025, 0, 16.025],
			"rotation": {"angle": 0, "axis": "y", "origin": [9, -1, 8]},
			"faces": {
				"south": {"uv": [15, 0, 16, 3], "texture": "#1"}
			}
		},
		{
			"from": [11, -6, 16.025],
			"to": [13, -2, 16.025],
			"rotation": {"angle": 0, "axis": "y", "origin": [8, -3, 8]},
			"faces": {
				"south": {"uv": [11, 2, 13, 6], "texture": "#1"}
			}
		},
		{
			"from": [5, -6, 16.025],
			"to": [7, -2, 16.025],
			"rotation": {"angle": 0, "axis": "y", "origin": [8, -3, 8]},
			"faces": {
				"south": {"uv": [5, 2, 7, 6], "texture": "#1"}
			}
		},
		{
			"from": [12, -10, 16.025],
			"to": [13, -6, 16.025],
			"rotation": {"angle": 0, "axis": "y", "origin": [8, -7, 8]},
			"faces": {
				"south": {"uv": [12, 6, 13, 10], "texture": "#1"}
			}
		},
		{
			"from": [10, -9, 16.025],
			"to": [11, -4, 16.025],
			"rotation": {"angle": 0, "axis": "y", "origin": [8, -6, 8]},
			"faces": {
				"south": {"uv": [10, 4, 11, 9], "texture": "#1"}
			}
		},
		{
			"from": [2, -7, 16.025],
			"to": [3, -2, 16.025],
			"rotation": {"angle": 0, "axis": "y", "origin": [8, -4, 8]},
			"faces": {
				"south": {"uv": [2, 2, 3, 7], "texture": "#1"}
			}
		},
		{
			"from": [7, -12, 16.025],
			"to": [8, -6, 16.025],
			"rotation": {"angle": 0, "axis": "y", "origin": [8, -8, 8]},
			"faces": {
				"south": {"uv": [7, 6, 8, 12], "texture": "#1"}
			}
		},
		{
			"from": [6, -10, 16.025],
			"to": [7, -6, 16.025],
			"rotation": {"angle": 0, "axis": "y", "origin": [8, -8, 8]},
			"faces": {
				"south": {"uv": [6, 6, 7, 10], "texture": "#1"}
			}
		},
		{
			"from": [4, -8, 16.025],
			"to": [5, -4, 16.025],
			"rotation": {"angle": 0, "axis": "y", "origin": [8, -6, 8]},
			"faces": {
				"south": {"uv": [4, 4, 5, 8], "texture": "#1"}
			}
		},
		{
			"from": [3, -5, 16.025],
			"to": [4, -3, 16.025],
			"rotation": {"angle": 0, "axis": "y", "origin": [8, -5, 8]},
			"faces": {
				"south": {"uv": [3, 3, 4, 5], "texture": "#1"}
			}
		},
		{
			"from": [3, -1, 16.025],
			"to": [4, 0, 16.025],
			"rotation": {"angle": 0, "axis": "y", "origin": [8, -2, 8]},
			"faces": {
				"south": {"uv": [3, 0, 4, 1], "texture": "#1"}
			}
		},
		{
			"from": [8, -1, 16.025],
			"to": [9, 0, 16.025],
			"rotation": {"angle": 0, "axis": "y", "origin": [8, -2, 8]},
			"faces": {
				"south": {"uv": [8, 0, 9, 1], "texture": "#1"}
			}
		},
		{
			"from": [-0.025, -4, 16.025],
			"to": [1, 0, 16.025],
			"rotation": {"angle": 0, "axis": "y", "origin": [8, -4, 8]},
			"faces": {
				"south": {"uv": [0, 0, 1, 4], "texture": "#1"}
			}
		},
		{
			"from": [9, -5, 16.025],
			"to": [10, -2, 16.025],
			"rotation": {"angle": 0, "axis": "y", "origin": [8, -4, 8]},
			"faces": {
				"south": {"uv": [9, 2, 10, 5], "texture": "#1"}
			}
		},
		{
			"from": [8, -7, 16.025],
			"to": [9, -4, 16.025],
			"rotation": {"angle": 0, "axis": "y", "origin": [8, -6, 8]},
			"faces": {
				"south": {"uv": [8, 4, 9, 7], "texture": "#1"}
			}
		},
		{
			"from": [14, -8, 16.025],
			"to": [15, -3, 16.025],
			"rotation": {"angle": 0, "axis": "y", "origin": [8, -4, 8]},
			"faces": {
				"south": {"uv": [14, 3, 15, 8], "texture": "#1"}
			}
		},
		{
			"from": [13, -7, 16.025],
			"to": [14, -5, 16.025],
			"rotation": {"angle": 0, "axis": "y", "origin": [8, -4, 8]},
			"faces": {
				"south": {"uv": [13, 5, 14, 7], "texture": "#1"}
			}
		},
		{
			"from": [13, -1, 16.025],
			"to": [14, 0, 16.025],
			"rotation": {"angle": 0, "axis": "y", "origin": [8, 1, 8]},
			"faces": {
				"south": {"uv": [13, 0, 14, 1], "texture": "#1"}
			}
		},
		{
			"from": [16.025, -2, 13],
			"to": [16.025, 0, 15],
			"rotation": {"angle": 0, "axis": "y", "origin": [8, -1, 8]},
			"faces": {
				"east": {"uv": [1, 0, 3, 2], "texture": "#1"}
			}
		},
		{
			"from": [16.025, -2, 8],
			"to": [16.025, 0, 12],
			"rotation": {"angle": 0, "axis": "y", "origin": [8, -1, 8]},
			"faces": {
				"east": {"uv": [4, 0, 8, 2], "texture": "#1"}
			}
		},
		{
			"from": [16.025, -2, 3],
			"to": [16.025, 0, 7],
			"rotation": {"angle": 0, "axis": "y", "origin": [8, -1, 8]},
			"faces": {
				"east": {"uv": [9, 0, 13, 2], "texture": "#1"}
			}
		},
		{
			"from": [16.025, -3, 1],
			"to": [16.025, 0, 2],
			"rotation": {"angle": 0, "axis": "y", "origin": [8, -1, 8]},
			"faces": {
				"east": {"uv": [14, 0, 15, 3], "texture": "#1"}
			}
		},
		{
			"from": [16.025, -3, -0.025],
			"to": [16.025, 0, 1],
			"rotation": {"angle": 0, "axis": "y", "origin": [8, -1, 7]},
			"faces": {
				"east": {"uv": [15, 0, 16, 3], "texture": "#1"}
			}
		},
		{
			"from": [16.025, -6, 3],
			"to": [16.025, -2, 5],
			"rotation": {"angle": 0, "axis": "y", "origin": [8, -3, 8]},
			"faces": {
				"east": {"uv": [11, 2, 13, 6], "texture": "#1"}
			}
		},
		{
			"from": [16.025, -6, 9],
			"to": [16.025, -2, 11],
			"rotation": {"angle": 0, "axis": "y", "origin": [8, -3, 8]},
			"faces": {
				"east": {"uv": [5, 2, 7, 6], "texture": "#1"}
			}
		},
		{
			"from": [16.025, -10, 3],
			"to": [16.025, -6, 4],
			"rotation": {"angle": 0, "axis": "y", "origin": [8, -7, 8]},
			"faces": {
				"east": {"uv": [12, 6, 13, 10], "texture": "#1"}
			}
		},
		{
			"from": [16.025, -9, 5],
			"to": [16.025, -4, 6],
			"rotation": {"angle": 0, "axis": "y", "origin": [8, -6, 8]},
			"faces": {
				"east": {"uv": [10, 4, 11, 9], "texture": "#1"}
			}
		},
		{
			"from": [16.025, -7, 13],
			"to": [16.025, -2, 14],
			"rotation": {"angle": 0, "axis": "y", "origin": [8, -4, 8]},
			"faces": {
				"east": {"uv": [2, 2, 3, 7], "texture": "#1"}
			}
		},
		{
			"from": [16.025, -12, 8],
			"to": [16.025, -6, 9],
			"rotation": {"angle": 0, "axis": "y", "origin": [8, -8, 8]},
			"faces": {
				"east": {"uv": [7, 6, 8, 12], "texture": "#1"}
			}
		},
		{
			"from": [16.025, -10, 9],
			"to": [16.025, -6, 10],
			"rotation": {"angle": 0, "axis": "y", "origin": [8, -8, 8]},
			"faces": {
				"east": {"uv": [6, 6, 7, 10], "texture": "#1"}
			}
		},
		{
			"from": [16.025, -8, 11],
			"to": [16.025, -4, 12],
			"rotation": {"angle": 0, "axis": "y", "origin": [8, -6, 8]},
			"faces": {
				"east": {"uv": [4, 4, 5, 8], "texture": "#1"}
			}
		},
		{
			"from": [16.025, -5, 12],
			"to": [16.025, -3, 13],
			"rotation": {"angle": 0, "axis": "y", "origin": [8, -5, 8]},
			"faces": {
				"east": {"uv": [3, 3, 4, 5], "texture": "#1"}
			}
		},
		{
			"from": [16.025, -1, 12],
			"to": [16.025, 0, 13],
			"rotation": {"angle": 0, "axis": "y", "origin": [8, -2, 8]},
			"faces": {
				"east": {"uv": [3, 0, 4, 1], "texture": "#1"}
			}
		},
		{
			"from": [16.025, -1, 7],
			"to": [16.025, 0, 8],
			"rotation": {"angle": 0, "axis": "y", "origin": [8, -2, 8]},
			"faces": {
				"east": {"uv": [8, 0, 9, 1], "texture": "#1"}
			}
		},
		{
			"from": [16.025, -4, 15],
			"to": [16.025, 0, 16.025],
			"rotation": {"angle": 0, "axis": "y", "origin": [8, -4, 8]},
			"faces": {
				"east": {"uv": [0, 0, 1, 4], "texture": "#1"}
			}
		},
		{
			"from": [16.025, -5, 6],
			"to": [16.025, -2, 7],
			"rotation": {"angle": 0, "axis": "y", "origin": [8, -4, 8]},
			"faces": {
				"east": {"uv": [9, 2, 10, 5], "texture": "#1"}
			}
		},
		{
			"from": [16.025, -7, 7],
			"to": [16.025, -4, 8],
			"rotation": {"angle": 0, "axis": "y", "origin": [8, -6, 8]},
			"faces": {
				"east": {"uv": [8, 4, 9, 7], "texture": "#1"}
			}
		},
		{
			"from": [16.025, -8, 1],
			"to": [16.025, -3, 2],
			"rotation": {"angle": 0, "axis": "y", "origin": [8, -4, 8]},
			"faces": {
				"east": {"uv": [14, 3, 15, 8], "texture": "#1"}
			}
		},
		{
			"from": [16.025, -7, 2],
			"to": [16.025, -5, 3],
			"rotation": {"angle": 0, "axis": "y", "origin": [8, -4, 8]},
			"faces": {
				"east": {"uv": [13, 5, 14, 7], "texture": "#1"}
			}
		},
		{
			"from": [16.025, -1, 2],
			"to": [16.025, 0, 3],
			"rotation": {"angle": 0, "axis": "y", "origin": [8, 1, 8]},
			"faces": {
				"east": {"uv": [13, 0, 14, 1], "texture": "#1"}
			}
		},
		{
			"from": [-0.025, -2, 1],
			"to": [-0.025, 0, 3],
			"rotation": {"angle": 0, "axis": "y", "origin": [8, -1, 8]},
			"faces": {
				"west": {"uv": [1, 0, 3, 2], "texture": "#1"}
			}
		},
		{
			"from": [-0.025, -2, 4],
			"to": [-0.025, 0, 8],
			"rotation": {"angle": 0, "axis": "y", "origin": [8, -1, 8]},
			"faces": {
				"west": {"uv": [4, 0, 8, 2], "texture": "#1"}
			}
		},
		{
			"from": [-0.025, -2, 9],
			"to": [-0.025, 0, 13],
			"rotation": {"angle": 0, "axis": "y", "origin": [8, -1, 8]},
			"faces": {
				"west": {"uv": [9, 0, 13, 2], "texture": "#1"}
			}
		},
		{
			"from": [-0.025, -3, 14],
			"to": [-0.025, 0, 15],
			"rotation": {"angle": 0, "axis": "y", "origin": [8, -1, 8]},
			"faces": {
				"west": {"uv": [14, 0, 15, 3], "texture": "#1"}
			}
		},
		{
			"from": [-0.025, -3, 15],
			"to": [-0.025, 0, 16.025],
			"rotation": {"angle": 0, "axis": "y", "origin": [8, -1, 9]},
			"faces": {
				"west": {"uv": [15, 0, 16, 3], "texture": "#1"}
			}
		},
		{
			"from": [-0.025, -6, 11],
			"to": [-0.025, -2, 13],
			"rotation": {"angle": 0, "axis": "y", "origin": [8, -3, 8]},
			"faces": {
				"west": {"uv": [11, 2, 13, 6], "texture": "#1"}
			}
		},
		{
			"from": [-0.025, -6, 5],
			"to": [-0.025, -2, 7],
			"rotation": {"angle": 0, "axis": "y", "origin": [8, -3, 8]},
			"faces": {
				"west": {"uv": [5, 2, 7, 6], "texture": "#1"}
			}
		},
		{
			"from": [-0.025, -10, 12],
			"to": [-0.025, -6, 13],
			"rotation": {"angle": 0, "axis": "y", "origin": [8, -7, 8]},
			"faces": {
				"west": {"uv": [12, 6, 13, 10], "texture": "#1"}
			}
		},
		{
			"from": [-0.025, -9, 10],
			"to": [-0.025, -4, 11],
			"rotation": {"angle": 0, "axis": "y", "origin": [8, -6, 8]},
			"faces": {
				"west": {"uv": [10, 4, 11, 9], "texture": "#1"}
			}
		},
		{
			"from": [-0.025, -7, 2],
			"to": [-0.025, -2, 3],
			"rotation": {"angle": 0, "axis": "y", "origin": [8, -4, 8]},
			"faces": {
				"west": {"uv": [2, 2, 3, 7], "texture": "#1"}
			}
		},
		{
			"from": [-0.025, -12, 7],
			"to": [-0.025, -6, 8],
			"rotation": {"angle": 0, "axis": "y", "origin": [8, -8, 8]},
			"faces": {
				"west": {"uv": [7, 6, 8, 12], "texture": "#1"}
			}
		},
		{
			"from": [-0.025, -10, 6],
			"to": [-0.025, -6, 7],
			"rotation": {"angle": 0, "axis": "y", "origin": [8, -8, 8]},
			"faces": {
				"west": {"uv": [6, 6, 7, 10], "texture": "#1"}
			}
		},
		{
			"from": [-0.025, -8, 4],
			"to": [-0.025, -4, 5],
			"rotation": {"angle": 0, "axis": "y", "origin": [8, -6, 8]},
			"faces": {
				"west": {"uv": [4, 4, 5, 8], "texture": "#1"}
			}
		},
		{
			"from": [-0.025, -5, 3],
			"to": [-0.025, -3, 4],
			"rotation": {"angle": 0, "axis": "y", "origin": [8, -5, 8]},
			"faces": {
				"west": {"uv": [3, 3, 4, 5], "texture": "#1"}
			}
		},
		{
			"from": [-0.025, -1, 3],
			"to": [-0.025, 0, 4],
			"rotation": {"angle": 0, "axis": "y", "origin": [8, -2, 8]},
			"faces": {
				"west": {"uv": [3, 0, 4, 1], "texture": "#1"}
			}
		},
		{
			"from": [-0.025, -1, 8],
			"to": [-0.025, 0, 9],
			"rotation": {"angle": 0, "axis": "y", "origin": [8, -2, 8]},
			"faces": {
				"west": {"uv": [8, 0, 9, 1], "texture": "#1"}
			}
		},
		{
			"from": [-0.025, -4, -0.025],
			"to": [-0.025, 0, 1],
			"rotation": {"angle": 0, "axis": "y", "origin": [8, -4, 8]},
			"faces": {
				"west": {"uv": [0, 0, 1, 4], "texture": "#1"}
			}
		},
		{
			"from": [-0.025, -5, 9],
			"to": [-0.025, -2, 10],
			"rotation": {"angle": 0, "axis": "y", "origin": [8, -4, 8]},
			"faces": {
				"west": {"uv": [9, 2, 10, 5], "texture": "#1"}
			}
		},
		{
			"from": [-0.025, -7, 8],
			"to": [-0.025, -4, 9],
			"rotation": {"angle": 0, "axis": "y", "origin": [8, -6, 8]},
			"faces": {
				"west": {"uv": [8, 4, 9, 7], "texture": "#1"}
			}
		},
		{
			"from": [-0.025, -8, 14],
			"to": [-0.025, -3, 15],
			"rotation": {"angle": 0, "axis": "y", "origin": [8, -4, 8]},
			"faces": {
				"west": {"uv": [14, 3, 15, 8], "texture": "#1"}
			}
		},
		{
			"from": [-0.025, -7, 13],
			"to": [-0.025, -5, 14],
			"rotation": {"angle": 0, "axis": "y", "origin": [8, -4, 8]},
			"faces": {
				"west": {"uv": [13, 5, 14, 7], "texture": "#1"}
			}
		},
		{
			"from": [-0.025, -1, 13],
			"to": [-0.025, 0, 14],
			"rotation": {"angle": 0, "axis": "y", "origin": [8, 1, 8]},
			"faces": {
				"west": {"uv": [13, 0, 14, 1], "texture": "#1"}
			}
		}
	],
	"display": {
		"thirdperson_righthand": {
			"rotation": [75, 45, 0],
			"translation": [0, 2.5, 2],
			"scale": [0.375, 0.375, 0.375]
		},
		"firstperson_righthand": {
			"rotation": [0, 45, 0],
			"translation": [0, 4.2, 0],
			"scale": [0.4, 0.4, 0.4]
		},
		"firstperson_lefthand": {
			"rotation": [0, 225, 0],
			"translation": [0, 4.2, 0],
			"scale": [0.4, 0.4, 0.4]
		},
		"ground": {
			"translation": [0, 3, 0],
			"scale": [0.25, 0.25, 0.25]
		},
		"gui": {
			"rotation": [30, 225, 0],
			"translation": [0, 4.75, 0],
			"scale": [0.625, 0.625, 0.625]
		},
		"head": {
			"translation": [0, 14.75, 0]
		},
		"fixed": {
			"scale": [0.5, 0.5, 0.5]
		}
	},
	"groups": [
		{
			"name": "moss",
			"origin": [8, 8, 8],
			"color": 0,
			"children": [
				0,
				{
					"name": "group",
					"origin": [-10, 1, 0],
					"color": 0,
					"children": [1, 2, 3, 4, 5, 6, 7, 8, 9, 10, 11, 12, 13, 14, 15, 16, 17, 18, 19, 20, 21, 22]
				},
				{
					"name": "group",
					"origin": [-10, 1, 0],
					"color": 0,
					"children": [23, 24, 25, 26, 27, 28, 29, 30, 31, 32, 33, 34, 35, 36, 37, 38, 39, 40, 41, 42, 43, 44]
				},
				{
					"name": "group",
					"origin": [-10, 1, 0],
					"color": 0,
					"children": [45, 46, 47, 48, 49, 50, 51, 52, 53, 54, 55, 56, 57, 58, 59, 60, 61, 62, 63, 64, 65, 66]
				},
				{
					"name": "group",
					"origin": [-10, 1, 0],
					"color": 0,
					"children": [67, 68, 69, 70, 71, 72, 73, 74, 75, 76, 77, 78, 79, 80, 81, 82, 83, 84, 85, 86, 87, 88]
				}
			]
		}
	]
}