{
	"credit": "Made with Blockbench",
	"ambientocclusion": false,
	"textures": {
		"slab": "block/smooth_stone",
		"particle": "block/repeater",
		"top": "block/repeater",
		"unlit": "block/redstone_torch_off"
	},
	"elements": [
		{
			"from": [0, 0, 0],
			"to": [16, 2, 16],
			"faces": {
				"north": {"uv": [0, 14, 16, 16], "texture": "#slab", "cullface": "north"},
				"east": {"uv": [0, 14, 16, 16], "texture": "#slab", "cullface": "east"},
				"south": {"uv": [0, 14, 16, 16], "texture": "#slab", "cullface": "south"},
				"west": {"uv": [0, 14, 16, 16], "texture": "#slab", "cullface": "west"},
				"up": {"uv": [0, 0, 16, 16], "texture": "#top"},
				"down": {"uv": [0, 0, 16, 16], "texture": "#slab", "cullface": "down"}
			}
		},
		{
			"from": [5.5, 3, 3],
			"to": [10.5, 5, 3],
			"shade": false,
			"rotation": {"angle": 45, "axis": "y", "origin": [8, 4, 3]},
			"faces": {
				"north": {"uv": [9, 6, 13, 8], "texture": "#unlit"},
				"south": {"uv": [9, 6, 13, 8], "texture": "#unlit"}
			}
		},
		{
			"from": [7, 1, 2],
			"to": [9, 7, 4],
			"shade": false,
			"rotation": {"angle": 0, "axis": "y", "origin": [8, 2, 3]},
			"faces": {
				"north": {"uv": [2, 6, 4, 12], "texture": "#unlit"},
				"east": {"uv": [0, 6, 2, 12], "texture": "#unlit"},
				"south": {"uv": [6, 6, 8, 12], "texture": "#unlit"},
				"west": {"uv": [4, 6, 6, 12], "texture": "#unlit"},
				"up": {"uv": [2, 4, 4, 6], "texture": "#unlit"},
				"down": {"uv": [4, 4, 6, 6], "texture": "#unlit", "cullface": "down"}
			}
		},
		{
			"from": [8, 3, 0.5],
			"to": [8, 5, 5.5],
			"shade": false,
			"rotation": {"angle": 45, "axis": "y", "origin": [8, 4, 3]},
			"faces": {
				"east": {"uv": [9, 6, 13, 8], "texture": "#unlit"},
				"west": {"uv": [9, 6, 13, 8], "texture": "#unlit"}
			}
		},
		{
			"from": [5.5, 3, 13],
			"to": [10.5, 5, 13],
			"shade": false,
			"rotation": {"angle": 45, "axis": "y", "origin": [8, 4, 13]},
			"faces": {
				"north": {"uv": [9, 6, 13, 8], "texture": "#unlit"},
				"south": {"uv": [9, 6, 13, 8], "texture": "#unlit"}
			}
		},
		{
			"from": [7, 1, 12],
			"to": [9, 7, 14],
			"shade": false,
			"rotation": {"angle": 0, "axis": "y", "origin": [8, 2, 13]},
			"faces": {
				"north": {"uv": [2, 6, 4, 12], "texture": "#unlit"},
				"east": {"uv": [0, 6, 2, 12], "texture": "#unlit"},
				"south": {"uv": [6, 6, 8, 12], "texture": "#unlit"},
				"west": {"uv": [4, 6, 6, 12], "texture": "#unlit"},
				"up": {"uv": [2, 4, 4, 6], "texture": "#unlit"},
				"down": {"uv": [4, 4, 6, 6], "texture": "#unlit", "cullface": "down"}
			}
		},
		{
			"from": [8, 3, 10.5],
			"to": [8, 5, 15.5],
			"shade": false,
			"rotation": {"angle": 45, "axis": "y", "origin": [8, 4, 13]},
			"faces": {
				"east": {"uv": [9, 6, 13, 8], "texture": "#unlit"},
				"west": {"uv": [9, 6, 13, 8], "texture": "#unlit"}
			}
		}
	],
	"groups": [
		0,
		{
			"name": "group",
			"origin": [8, 7, 8],
			"color": 0,
			"children": [1, 2, 3]
		},
		{
			"name": "group",
			"origin": [8, 7, 8],
			"color": 0,
			"children": [4, 5, 6]
		}
	]
}