{
	"format_version": "1.21.6",
	"credit": "Made with Blockbench",
	"ambientocclusion": false,
	"textures": {
		"particle": "#texture"
	},
	"elements": [
		{
			"from": [0, 0.25, 8],
			"to": [8, 0.25, 16],
			"faces": {
				"up": {"uv": [0, 8, 8, 16], "texture": "#texture", "tintindex": 0},
				"down": {"uv": [0, 16, 8, 8], "texture": "#texture", "tintindex": 0}
			}
		},
		{
			"from": [1, 0.25, 5],
			"to": [9, 0.25, 13],
			"rotation": {"angle": 22.5, "axis": "z", "origin": [1, 0, -3]},
			"faces": {
				"up": {"uv": [0, 8, 8, 16], "texture": "#texture", "tintindex": 0},
				"down": {"uv": [0, 16, 8, 8], "texture": "#texture", "tintindex": 0}
			}
		},
		{
			"from": [-2, 0.5, 2],
			"to": [6, 0.5, 10],
			"rotation": {"angle": 0, "axis": "y", "origin": [2, 0.5, 6]},
			"faces": {
				"up": {"uv": [0, 8, 8, 16], "rotation": 90, "texture": "#texture", "tintindex": 0},
				"down": {"uv": [0, 16, 8, 8], "rotation": 270, "texture": "#texture", "tintindex": 0}
			}
		},
		{
			"from": [0, 0.25, 0],
			"to": [8, 0.25, 8],
			"faces": {
				"up": {"uv": [0, 0, 8, 8], "texture": "#texture", "tintindex": 0},
				"down": {"uv": [0, 8, 8, 0], "texture": "#texture", "tintindex": 0}
			}
		}
	]
}