{
	"format_version": "1.21.6",
	"credit": "Made with Blockbench",
	"ambientocclusion": false,
	"textures": {
		"particle": "#bars"
	},
	"elements": [
		{
			"from": [8, 0, 8],
			"to": [8, 16, 9],
			"faces": {
				"east": {"uv": [2, 0, 3, 16], "texture": "#bars"},
				"west": {"uv": [3, 0, 2, 16], "texture": "#bars"}
			}
		},
		{
			"from": [7, 0, 9],
			"to": [9, 16, 9],
			"faces": {
				"north": {"uv": [4, 0, 2, 16], "texture": "#bars"},
				"south": {"uv": [2, 0, 4, 16], "texture": "#bars"}
			}
		}
	]
}