{
	"format_version": "1.21.6",
	"credit": "Made with Blockbench",
	"ambientocclusion": false,
	"textures": {
		"particle": "#bars"
	},
	"elements": [
		{
			"from": [8, 0, 0],
			"to": [8, 16, 8],
			"faces": {
				"east": {"uv": [8, 0, 16, 16], "texture": "#bars"},
				"west": {"uv": [16, 0, 8, 16], "texture": "#bars"}
			}
		},
		{
			"from": [7, 0, 0],
			"to": [9, 16, 7],
			"faces": {
				"north": {"uv": [2, 0, 4, 16], "texture": "#edge", "cullface": "north"}
			}
		},
		{
			"from": [7, 0.001, 0],
			"to": [9, 0.001, 7],
			"faces": {
				"up": {"uv": [2, 0, 4, 7], "texture": "#edge"},
				"down": {"uv": [4, 0, 2, 7], "texture": "#edge"}
			}
		},
		{
			"from": [7, 15.999, 0],
			"to": [9, 15.999, 7],
			"faces": {
				"up": {"uv": [2, 0, 4, 7], "texture": "#edge"},
				"down": {"uv": [4, 0, 2, 7], "texture": "#edge"}
			}
		}
	]
}