{
	"credit": "Made with Blockbench",
	"ambientocclusion": false,
	"textures": {
		"particle": "#torch"
	},
	"elements": [
		{
			"from": [6.5, 7.5, 6.5],
			"to": [9.5, 7.5, 9.5],
			"shade": false,
			"faces": {
				"up": {"uv": [5, 0, 6, 1], "texture": "#torch"}
			}
		},
		{
			"from": [6.5, 10.5, 6.5],
			"to": [9.5, 10.5, 9.5],
			"shade": false,
			"faces": {
				"down": {"uv": [4, 0, 5, 1], "texture": "#torch"}
			}
		},
		{
			"from": [6.5, 7.5, 6.5],
			"to": [9.5, 10.5, 6.5],
			"shade": false,
			"faces": {
				"south": {"uv": [6, 1, 7, 2], "texture": "#torch"}
			}
		},
		{
			"from": [9.5, 7.5, 6.5],
			"to": [9.5, 10.5, 9.5],
			"shade": false,
			"faces": {
				"west": {"uv": [3, 2, 4, 3], "texture": "#torch"}
			}
		},
		{
			"from": [6.5, 7.5, 9.5],
			"to": [9.5, 10.5, 9.5],
			"shade": false,
			"faces": {
				"north": {"uv": [3, 1, 4, 2], "texture": "#torch"}
			}
		},
		{
			"from": [6.5, 7.5, 6.5],
			"to": [6.5, 10.5, 9.5],
			"shade": false,
			"faces": {
				"east": {"uv": [6, 2, 7, 3], "texture": "#torch"}
			}
		},
		{
			"from": [5.5, 6, 8],
			"to": [10.5, 8, 8],
			"shade": false,
			"rotation": {"angle": 45, "axis": "y", "origin": [8, 7, 8]},
			"faces": {
				"north": {"uv": [9, 6, 13, 8], "texture": "#torch"},
				"south": {"uv": [9, 6, 13, 8], "texture": "#torch"}
			}
		},
		{
			"from": [7, 0, 7],
			"to": [9, 10, 9],
			"shade": false,
			"rotation": {"angle": 0, "axis": "y", "origin": [8, 5, 8]},
			"faces": {
				"north": {"uv": [2, 6, 4, 16], "texture": "#torch"},
				"east": {"uv": [0, 6, 2, 16], "texture": "#torch"},
				"south": {"uv": [6, 6, 8, 16], "texture": "#torch"},
				"west": {"uv": [4, 6, 6, 16], "texture": "#torch"},
				"up": {"uv": [2, 4, 4, 6], "texture": "#torch"},
				"down": {"uv": [4, 4, 6, 6], "texture": "#torch", "cullface": "down"}
			}
		},
		{
			"from": [6.75, 1, 6.75],
			"to": [9.25, 2, 9.25],
			"shade": false,
			"rotation": {"angle": 0, "axis": "y", "origin": [8, 1.5, 8]},
			"faces": {
				"north": {"uv": [10, 15, 12, 16], "texture": "#torch"},
				"east": {"uv": [8, 15, 10, 16], "texture": "#torch"},
				"south": {"uv": [14, 15, 16, 16], "texture": "#torch"},
				"west": {"uv": [12, 15, 14, 16], "texture": "#torch"},
				"up": {"uv": [10, 4, 12, 6], "texture": "#torch"},
				"down": {"uv": [12, 4, 14, 6], "texture": "#torch", "cullface": "down"}
			}
		},
		{
			"from": [8, 6, 5.5],
			"to": [8, 8, 10.5],
			"shade": false,
			"rotation": {"angle": 45, "axis": "y", "origin": [8, 7, 8]},
			"faces": {
				"east": {"uv": [9, 6, 13, 8], "texture": "#torch"},
				"west": {"uv": [9, 6, 13, 8], "texture": "#torch"}
			}
		}
	]
}