{
	"format_version": "1.21.6",
	"credit": "Made with Blockbench",
	"parent": "block/block",
	"texture_size": [32, 32],
	"textures": {
		"particle": "#lantern"
	},
	"elements": [
		{
			"from": [6, 7, 6],
			"to": [10, 9, 10],
			"rotation": {"angle": 0, "axis": "y", "origin": [8, 7, 7]},
			"faces": {
				"north": {"uv": [2, 12.5, 4, 13.5], "texture": "#lantern"},
				"east": {"uv": [0, 12.5, 2, 13.5], "texture": "#lantern"},
				"south": {"uv": [6, 12.5, 8, 13.5], "texture": "#lantern"},
				"west": {"uv": [4, 12.5, 6, 13.5], "texture": "#lantern"},
				"up": {"uv": [4, 12.5, 2, 10.5], "texture": "#lantern"},
				"down": {"uv": [6, 10.5, 4, 12.5], "texture": "#lantern"}
			}
		},
		{
			"from": [8, 0, 1.75736],
			"to": [8, 7, 3.75736],
			"rotation": {"angle": -45, "axis": "y", "origin": [8, 0, 8]},
			"faces": {
				"north": {"uv": [1, 0, 0, 3.5], "texture": "#lantern"},
				"east": {"uv": [2, 0, 1, 3.5], "texture": "#lantern"},
				"south": {"uv": [1, 0, 0, 3.5], "texture": "#lantern"},
				"west": {"uv": [1, 0, 0, 3.5], "texture": "#lantern"},
				"up": {"uv": [1, 0, 0, 3.5], "texture": "#lantern"},
				"down": {"uv": [1, 0, 0, 3.5], "texture": "#lantern"}
			}
		},
		{
			"from": [12.24264, 0, 8],
			"to": [14.24264, 7, 8],
			"rotation": {"angle": -45, "axis": "y", "origin": [8, 0, 8]},
			"faces": {
				"north": {"uv": [1, 0, 0, 3.5], "texture": "#lantern"},
				"east": {"uv": [1, 0, 0, 3.5], "texture": "#lantern"},
				"south": {"uv": [2, 0, 1, 3.5], "texture": "#lantern"},
				"west": {"uv": [1, 0, 0, 3.5], "texture": "#lantern"},
				"up": {"uv": [1, 0, 0, 3.5], "rotation": 90, "texture": "#lantern"},
				"down": {"uv": [1, 0, 0, 3.5], "rotation": 270, "texture": "#lantern"}
			}
		},
		{
			"from": [1.75736, 0, 8],
			"to": [3.75736, 7, 8],
			"rotation": {"angle": 45, "axis": "y", "origin": [8, 0, 8]},
			"faces": {
				"north": {"uv": [2, 0, 1, 3.5], "texture": "#lantern"},
				"east": {"uv": [1, 0, 0, 3.5], "texture": "#lantern"},
				"south": {"uv": [1, 0, 0, 3.5], "texture": "#lantern"},
				"west": {"uv": [1, 0, 0, 3.5], "texture": "#lantern"},
				"up": {"uv": [1, 0, 0, 3.5], "rotation": 270, "texture": "#lantern"},
				"down": {"uv": [1, 0, 0, 3.5], "rotation": 90, "texture": "#lantern"}
			}
		},
		{
			"from": [8, 0, 1.75736],
			"to": [8, 7, 3.75736],
			"rotation": {"angle": 45, "axis": "y", "origin": [8, 0, 8]},
			"faces": {
				"north": {"uv": [1, 0, 0, 3.5], "texture": "#lantern"},
				"east": {"uv": [2, 0, 1, 3.5], "texture": "#lantern"},
				"south": {"uv": [1, 0, 0, 3.5], "texture": "#lantern"},
				"west": {"uv": [1, 0, 0, 3.5], "texture": "#lantern"},
				"up": {"uv": [1, 0, 0, 3.5], "texture": "#lantern"},
				"down": {"uv": [1, 0, 0, 3.5], "texture": "#lantern"}
			}
		},
		{
			"from": [5, 0, 5],
			"to": [11, 6, 11],
			"rotation": {"angle": 0, "axis": "y", "origin": [7, 0, 7]},
			"faces": {
				"north": {"uv": [0, 7.5, 3, 10.5], "texture": "#lantern"},
				"east": {"uv": [0, 7.5, 3, 10.5], "texture": "#lantern"},
				"south": {"uv": [0, 7.5, 3, 10.5], "texture": "#lantern"},
				"west": {"uv": [0, 7.5, 3, 10.5], "texture": "#lantern"},
				"up": {"uv": [6, 7.5, 3, 4.5], "texture": "#lantern"},
				"down": {"uv": [9, 4.5, 6, 7.5], "texture": "#lantern"}
			}
		},
		{
			"from": [4, 6, 4],
			"to": [12, 7, 12],
			"rotation": {"angle": 0, "axis": "y", "origin": [7, 6, 7]},
			"faces": {
				"north": {"uv": [4, 4, 8, 4.5], "texture": "#lantern"},
				"east": {"uv": [0, 4, 4, 4.5], "texture": "#lantern"},
				"south": {"uv": [12, 4, 16, 4.5], "texture": "#lantern"},
				"west": {"uv": [8, 4, 12, 4.5], "texture": "#lantern"},
				"up": {"uv": [8, 4, 4, 0], "texture": "#lantern"},
				"down": {"uv": [12, 0, 8, 4], "texture": "#lantern"}
			}
		},
		{
			"from": [8, 9, 6],
			"to": [8, 12, 10],
			"rotation": {"angle": -45, "axis": "y", "origin": [8, 9, 8]},
			"faces": {
				"north": {"uv": [0, 0, 0, 1], "texture": "#lantern"},
				"east": {"uv": [14, 14, 12, 16], "texture": "#lantern"},
				"south": {"uv": [0, 0, 0, 1], "texture": "#lantern"},
				"west": {"uv": [12, 14, 14, 16], "texture": "#lantern"},
				"up": {"uv": [0, 0, 0, 2], "texture": "#lantern"},
				"down": {"uv": [0, 0, 0, 2], "texture": "#lantern"}
			}
		},
		{
			"from": [6, 9, 8],
			"to": [10, 12, 8],
			"rotation": {"angle": -45, "axis": "y", "origin": [8, 9, 8]},
			"faces": {
				"north": {"uv": [12, 14, 14, 16], "texture": "#lantern"},
				"east": {"uv": [0, 0, 0, 1], "texture": "#lantern"},
				"south": {"uv": [14, 14, 12, 16], "texture": "#lantern"},
				"west": {"uv": [0, 0, 0, 1], "texture": "#lantern"},
				"up": {"uv": [0, 0, 0, 2], "rotation": 270, "texture": "#lantern"},
				"down": {"uv": [0, 0, 0, 2], "rotation": 90, "texture": "#lantern"}
			}
		}
	],
	"groups": [
		{
			"name": "group",
			"origin": [8, 8, 8],
			"color": 0,
			"children": [0, 1, 2, 3, 4, 5, 6, 7, 8]
		}
	]
}