{
	"credit": "Made with Blockbench",
	"ambientocclusion": false,
	"textures": {
		"particle": "#torch"
	},
	"elements": [
		{
			"from": [2.75, 3, 7],
			"to": [4.75, 13, 9],
			"shade": false,
			"rotation": {"angle": 0, "axis": "y", "origin": [3.75, 3, 8]},
			"faces": {
				"north": {"uv": [2, 6, 4, 16], "texture": "#torch"},
				"east": {"uv": [0, 6, 2, 16], "texture": "#torch"},
				"south": {"uv": [6, 6, 8, 16], "texture": "#torch"},
				"west": {"uv": [4, 6, 6, 16], "texture": "#torch"},
				"up": {"uv": [2, 4, 4, 6], "texture": "#torch"},
				"down": {"uv": [4, 4, 6, 6], "texture": "#torch", "cullface": "down"}
			}
		},
		{
			"from": [-0.25, 5, 8],
			"to": [2.75, 7, 8],
			"shade": false,
			"rotation": {"angle": 0, "axis": "y", "origin": [1.75, 4, 8]},
			"faces": {
				"north": {"uv": [0, 0, 3, 2], "texture": "#torch"},
				"south": {"uv": [0, 0, 3, 2], "texture": "#torch"}
			}
		},
		{
			"from": [3.75, 9, 5.5],
			"to": [3.75, 11, 10.5],
			"shade": false,
			"rotation": {"angle": 45, "axis": "y", "origin": [3.75, 3, 8]},
			"faces": {
				"east": {"uv": [9, 6, 13, 8], "texture": "#torch"},
				"west": {"uv": [9, 6, 13, 8], "texture": "#torch"}
			}
		},
		{
			"from": [2.5, 4, 6.75],
			"to": [5, 5, 9.25],
			"shade": false,
			"rotation": {"angle": 0, "axis": "y", "origin": [3.75, 3, 8]},
			"faces": {
				"north": {"uv": [10, 15, 12, 16], "texture": "#torch"},
				"east": {"uv": [8, 15, 10, 16], "texture": "#torch"},
				"south": {"uv": [14, 15, 16, 16], "texture": "#torch"},
				"west": {"uv": [12, 15, 14, 16], "texture": "#torch"},
				"up": {"uv": [10, 4, 12, 6], "texture": "#torch"},
				"down": {"uv": [12, 4, 14, 6], "texture": "#torch", "cullface": "down"}
			}
		},
		{
			"from": [1.25, 9, 8],
			"to": [6.25, 11, 8],
			"shade": false,
			"rotation": {"angle": 45, "axis": "y", "origin": [3.75, 3, 8]},
			"faces": {
				"north": {"uv": [9, 6, 13, 8], "texture": "#torch"},
				"south": {"uv": [9, 6, 13, 8], "texture": "#torch"}
			}
		}
	]
}