{
  "model": {
    "type": "minecraft:select",
    "property": "minecraft:display_context",
    "cases": [
      {
        "when": [
          "gui",
          "fixed",
          "ground"
        ],
        "model": {
          "type": "minecraft:select",
          "property": "minecraft:component",
          "component": "minecraft:stored_enchantments",
          "cases": [
            {
              "when": {
                "minecraft:aqua_affinity": 1
              },
              "model": {
                "type": "minecraft:model",
                "model": "minecraft:item/enchanted_books/aqua_affinity"
              }
            },
            {
              "when": {
                "minecraft:bane_of_arthropods": 1
              },
              "model": {
                "type": "minecraft:model",
                "model": "minecraft:item/enchanted_books/bane_of_arthropods_1"
              }
            },
            {
              "when": {
                "minecraft:bane_of_arthropods": 2
              },
              "model": {
                "type": "minecraft:model",
                "model": "minecraft:item/enchanted_books/bane_of_arthropods_2"
              }
            },
            {
              "when": {
                "minecraft:bane_of_arthropods": 3
              },
              "model": {
                "type": "minecraft:model",
                "model": "minecraft:item/enchanted_books/bane_of_arthropods_3"
              }
            },
            {
              "when": {
                "minecraft:bane_of_arthropods": 4
              },
              "model": {
                "type": "minecraft:model",
                "model": "minecraft:item/enchanted_books/bane_of_arthropods_4"
              }
            },
            {
              "when": {
                "minecraft:bane_of_arthropods": 5
              },
              "model": {
                "type": "minecraft:model",
                "model": "minecraft:item/enchanted_books/bane_of_arthropods_5"
              }
            },
            {
              "when": {
                "minecraft:breach": 1
              },
              "model": {
                "type": "minecraft:model",
                "model": "minecraft:item/enchanted_books/breach_1"
              }
            },
            {
              "when": {
                "minecraft:breach": 2
              },
              "model": {
                "type": "minecraft:model",
                "model": "minecraft:item/enchanted_books/breach_2"
              }
            },
            {
              "when": {
                "minecraft:breach": 3
              },
              "model": {
                "type": "minecraft:model",
                "model": "minecraft:item/enchanted_books/breach_3"
              }
            },
            {
              "when": {
                "minecraft:breach": 4
              },
              "model": {
                "type": "minecraft:model",
                "model": "minecraft:item/enchanted_books/breach_4"
              }
            },
            {
              "when": {
                "minecraft:blast_protection": 1
              },
              "model": {
                "type": "minecraft:model",
                "model": "minecraft:item/enchanted_books/blast_protection_1"
              }
            },
            {
              "when": {
                "minecraft:blast_protection": 2
              },
              "model": {
                "type": "minecraft:model",
                "model": "minecraft:item/enchanted_books/blast_protection_2"
              }
            },
            {
              "when": {
                "minecraft:blast_protection": 3
              },
              "model": {
                "type": "minecraft:model",
                "model": "minecraft:item/enchanted_books/blast_protection_3"
              }
            },
            {
              "when": {
                "minecraft:blast_protection": 4
              },
              "model": {
                "type": "minecraft:model",
                "model": "minecraft:item/enchanted_books/blast_protection_4"
              }
            },
            {
              "when": {
                "minecraft:channeling": 1
              },
              "model": {
                "type": "minecraft:model",
                "model": "minecraft:item/enchanted_books/channeling"
              }
            },
            {
              "when": {
                "minecraft:binding_curse": 1
              },
              "model": {
                "type": "minecraft:model",
                "model": "minecraft:item/enchanted_books/curse_of_binding"
              }
            },
            {
              "when": {
                "minecraft:density": 1
              },
              "model": {
                "type": "minecraft:model",
                "model": "minecraft:item/enchanted_books/density_1"
              }
            },
            {
              "when": {
                "minecraft:density": 2
              },
              "model": {
                "type": "minecraft:model",
                "model": "minecraft:item/enchanted_books/density_2"
              }
            },
            {
              "when": {
                "minecraft:density": 3
              },
              "model": {
                "type": "minecraft:model",
                "model": "minecraft:item/enchanted_books/density_3"
              }
            },
            {
              "when": {
                "minecraft:density": 4
              },
              "model": {
                "type": "minecraft:model",
                "model": "minecraft:item/enchanted_books/density_4"
              }
            },
            {
              "when": {
                "minecraft:density": 5
              },
              "model": {
                "type": "minecraft:model",
                "model": "minecraft:item/enchanted_books/density_5"
              }
            },
            {
              "when": {
                "minecraft:depth_strider": 1
              },
              "model": {
                "type": "minecraft:model",
                "model": "minecraft:item/enchanted_books/depth_strider_1"
              }
            },
            {
              "when": {
                "minecraft:depth_strider": 2
              },
              "model": {
                "type": "minecraft:model",
                "model": "minecraft:item/enchanted_books/depth_strider_2"
              }
            },
            {
              "when": {
                "minecraft:depth_strider": 3
              },
              "model": {
                "type": "minecraft:model",
                "model": "minecraft:item/enchanted_books/depth_strider_3"
              }
            },
            {
              "when": {
                "minecraft:efficiency": 1
              },
              "model": {
                "type": "minecraft:model",
                "model": "minecraft:item/enchanted_books/efficiency_1"
              }
            },
            {
              "when": {
                "minecraft:efficiency": 2
              },
              "model": {
                "type": "minecraft:model",
                "model": "minecraft:item/enchanted_books/efficiency_2"
              }
            },
            {
              "when": {
                "minecraft:efficiency": 3
              },
              "model": {
                "type": "minecraft:model",
                "model": "minecraft:item/enchanted_books/efficiency_3"
              }
            },
            {
              "when": {
                "minecraft:efficiency": 4
              },
              "model": {
                "type": "minecraft:model",
                "model": "minecraft:item/enchanted_books/efficiency_4"
              }
            },
            {
              "when": {
                "minecraft:efficiency": 5
              },
              "model": {
                "type": "minecraft:model",
                "model": "minecraft:item/enchanted_books/efficiency_5"
              }
            },
            {
              "when": {
                "minecraft:feather_falling": 1
              },
              "model": {
                "type": "minecraft:model",
                "model": "minecraft:item/enchanted_books/feather_falling_1"
              }
            },
            {
              "when": {
                "minecraft:feather_falling": 2
              },
              "model": {
                "type": "minecraft:model",
                "model": "minecraft:item/enchanted_books/feather_falling_2"
              }
            },
            {
              "when": {
                "minecraft:feather_falling": 3
              },
              "model": {
                "type": "minecraft:model",
                "model": "minecraft:item/enchanted_books/feather_falling_3"
              }
            },
            {
              "when": {
                "minecraft:feather_falling": 4
              },
              "model": {
                "type": "minecraft:model",
                "model": "minecraft:item/enchanted_books/feather_falling_4"
              }
            },
            {
              "when": {
                "minecraft:fire_aspect": 1
              },
              "model": {
                "type": "minecraft:model",
                "model": "minecraft:item/enchanted_books/fire_aspect_1"
              }
            },
            {
              "when": {
                "minecraft:fire_aspect": 2
              },
              "model": {
                "type": "minecraft:model",
                "model": "minecraft:item/enchanted_books/fire_aspect_2"
              }
            },
            {
              "when": {
                "minecraft:fire_protection": 1
              },
              "model": {
                "type": "minecraft:model",
                "model": "minecraft:item/enchanted_books/fire_protection_1"
              }
            },
            {
              "when": {
                "minecraft:fire_protection": 2
              },
              "model": {
                "type": "minecraft:model",
                "model": "minecraft:item/enchanted_books/fire_protection_2"
              }
            },
            {
              "when": {
                "minecraft:fire_protection": 3
              },
              "model": {
                "type": "minecraft:model",
                "model": "minecraft:item/enchanted_books/fire_protection_3"
              }
            },
            {
              "when": {
                "minecraft:fire_protection": 4
              },
              "model": {
                "type": "minecraft:model",
                "model": "minecraft:item/enchanted_books/fire_protection_4"
              }
            },
            {
              "when": {
                "minecraft:flame": 1
              },
              "model": {
                "type": "minecraft:model",
                "model": "minecraft:item/enchanted_books/flame"
              }
            },
            {
              "when": {
                "minecraft:fortune": 1
              },
              "model": {
                "type": "minecraft:model",
                "model": "minecraft:item/enchanted_books/fortune_1"
              }
            },
            {
              "when": {
                "minecraft:fortune": 2
              },
              "model": {
                "type": "minecraft:model",
                "model": "minecraft:item/enchanted_books/fortune_2"
              }
            },
            {
              "when": {
                "minecraft:fortune": 3
              },
              "model": {
                "type": "minecraft:model",
                "model": "minecraft:item/enchanted_books/fortune_3"
              }
            },
            {
              "when": {
                "minecraft:frost_walker": 1
              },
              "model": {
                "type": "minecraft:model",
                "model": "minecraft:item/enchanted_books/frost_walker_1"
              }
            },
            {
              "when": {
                "minecraft:frost_walker": 2
              },
              "model": {
                "type": "minecraft:model",
                "model": "minecraft:item/enchanted_books/frost_walker_2"
              }
            },
            {
              "when": {
                "minecraft:impaling": 1
              },
              "model": {
                "type": "minecraft:model",
                "model": "minecraft:item/enchanted_books/impaling_1"
              }
            },
            {
              "when": {
                "minecraft:impaling": 2
              },
              "model": {
                "type": "minecraft:model",
                "model": "minecraft:item/enchanted_books/impaling_2"
              }
            },
            {
              "when": {
                "minecraft:impaling": 3
              },
              "model": {
                "type": "minecraft:model",
                "model": "minecraft:item/enchanted_books/impaling_3"
              }
            },
            {
              "when": {
                "minecraft:impaling": 4
              },
              "model": {
                "type": "minecraft:model",
                "model": "minecraft:item/enchanted_books/impaling_4"
              }
            },
            {
              "when": {
                "minecraft:impaling": 5
              },
              "model": {
                "type": "minecraft:model",
                "model": "minecraft:item/enchanted_books/impaling_5"
              }
            },
            {
              "when": {
                "minecraft:infinity": 1
              },
              "model": {
                "type": "minecraft:model",
                "model": "minecraft:item/enchanted_books/infinity"
              }
            },
            {
              "when": {
                "minecraft:knockback": 1
              },
              "model": {
                "type": "minecraft:model",
                "model": "minecraft:item/enchanted_books/knockback_1"
              }
            },
            {
              "when": {
                "minecraft:knockback": 2
              },
              "model": {
                "type": "minecraft:model",
                "model": "minecraft:item/enchanted_books/knockback_2"
              }
            },
            {
              "when": {
                "minecraft:looting": 1
              },
              "model": {
                "type": "minecraft:model",
                "model": "minecraft:item/enchanted_books/looting_1"
              }
            },
            {
              "when": {
                "minecraft:looting": 2
              },
              "model": {
                "type": "minecraft:model",
                "model": "minecraft:item/enchanted_books/looting_2"
              }
            },
            {
              "when": {
                "minecraft:looting": 3
              },
              "model": {
                "type": "minecraft:model",
                "model": "minecraft:item/enchanted_books/looting_3"
              }
            },
            {
              "when": {
                "minecraft:loyalty": 1
              },
              "model": {
                "type": "minecraft:model",
                "model": "minecraft:item/enchanted_books/loyalty_1"
              }
            },
            {
              "when": {
                "minecraft:loyalty": 2
              },
              "model": {
                "type": "minecraft:model",
                "model": "minecraft:item/enchanted_books/loyalty_2"
              }
            },
            {
              "when": {
                "minecraft:loyalty": 3
              },
              "model": {
                "type": "minecraft:model",
                "model": "minecraft:item/enchanted_books/loyalty_3"
              }
            },
            {
              "when": {
                "minecraft:luck_of_the_sea": 1
              },
              "model": {
                "type": "minecraft:model",
                "model": "minecraft:item/enchanted_books/luck_of_the_sea_1"
              }
            },
            {
              "when": {
                "minecraft:luck_of_the_sea": 2
              },
              "model": {
                "type": "minecraft:model",
                "model": "minecraft:item/enchanted_books/luck_of_the_sea_2"
              }
            },
            {
              "when": {
                "minecraft:luck_of_the_sea": 3
              },
              "model": {
                "type": "minecraft:model",
                "model": "minecraft:item/enchanted_books/luck_of_the_sea_3"
              }
            },
            {
              "when": {
                "minecraft:lure": 1
              },
              "model": {
                "type": "minecraft:model",
                "model": "minecraft:item/enchanted_books/lure_1"
              }
            },
            {
              "when": {
                "minecraft:lure": 2
              },
              "model": {
                "type": "minecraft:model",
                "model": "minecraft:item/enchanted_books/lure_2"
              }
            },
            {
              "when": {
                "minecraft:lure": 3
              },
              "model": {
                "type": "minecraft:model",
                "model": "minecraft:item/enchanted_books/lure_3"
              }
            },
            {
              "when": {
                "minecraft:mending": 1
              },
              "model": {
                "type": "minecraft:model",
                "model": "minecraft:item/enchanted_books/mending"
              }
            },
            {
              "when": {
                "minecraft:multishot": 1
              },
              "model": {
                "type": "minecraft:model",
                "model": "minecraft:item/enchanted_books/multishot"
              }
            },
            {
              "when": {
                "minecraft:piercing": 1
              },
              "model": {
                "type": "minecraft:model",
                "model": "minecraft:item/enchanted_books/piercing_1"
              }
            },
            {
              "when": {
                "minecraft:piercing": 2
              },
              "model": {
                "type": "minecraft:model",
                "model": "minecraft:item/enchanted_books/piercing_2"
              }
            },
            {
              "when": {
                "minecraft:piercing": 3
              },
              "model": {
                "type": "minecraft:model",
                "model": "minecraft:item/enchanted_books/piercing_3"
              }
            },
            {
              "when": {
                "minecraft:piercing": 4
              },
              "model": {
                "type": "minecraft:model",
                "model": "minecraft:item/enchanted_books/piercing_4"
              }
            },
            {
              "when": {
                "minecraft:power": 1
              },
              "model": {
                "type": "minecraft:model",
                "model": "minecraft:item/enchanted_books/power_1"
              }
            },
            {
              "when": {
                "minecraft:power": 2
              },
              "model": {
                "type": "minecraft:model",
                "model": "minecraft:item/enchanted_books/power_2"
              }
            },
            {
              "when": {
                "minecraft:power": 3
              },
              "model": {
                "type": "minecraft:model",
                "model": "minecraft:item/enchanted_books/power_3"
              }
            },
            {
              "when": {
                "minecraft:power": 4
              },
              "model": {
                "type": "minecraft:model",
                "model": "minecraft:item/enchanted_books/power_4"
              }
            },
            {
              "when": {
                "minecraft:power": 5
              },
              "model": {
                "type": "minecraft:model",
                "model": "minecraft:item/enchanted_books/power_5"
              }
            },
            {
              "when": {
                "minecraft:projectile_protection": 1
              },
              "model": {
                "type": "minecraft:model",
                "model": "minecraft:item/enchanted_books/projectile_protection_1"
              }
            },
            {
              "when": {
                "minecraft:projectile_protection": 2
              },
              "model": {
                "type": "minecraft:model",
                "model": "minecraft:item/enchanted_books/projectile_protection_2"
              }
            },
            {
              "when": {
                "minecraft:projectile_protection": 3
              },
              "model": {
                "type": "minecraft:model",
                "model": "minecraft:item/enchanted_books/projectile_protection_3"
              }
            },
            {
              "when": {
                "minecraft:projectile_protection": 4
              },
              "model": {
                "type": "minecraft:model",
                "model": "minecraft:item/enchanted_books/projectile_protection_4"
              }
            },
            {
              "when": {
                "minecraft:protection": 1
              },
              "model": {
                "type": "minecraft:model",
                "model": "minecraft:item/enchanted_books/protection_1"
              }
            },
            {
              "when": {
                "minecraft:protection": 2
              },
              "model": {
                "type": "minecraft:model",
                "model": "minecraft:item/enchanted_books/protection_2"
              }
            },
            {
              "when": {
                "minecraft:protection": 3
              },
              "model": {
                "type": "minecraft:model",
                "model": "minecraft:item/enchanted_books/protection_3"
              }
            },
            {
              "when": {
                "minecraft:protection": 4
              },
              "model": {
                "type": "minecraft:model",
                "model": "minecraft:item/enchanted_books/protection_4"
              }
            },
            {
              "when": {
                "minecraft:punch": 1
              },
              "model": {
                "type": "minecraft:model",
                "model": "minecraft:item/enchanted_books/punch_1"
              }
            },
            {
              "when": {
                "minecraft:punch": 2
              },
              "model": {
                "type": "minecraft:model",
                "model": "minecraft:item/enchanted_books/punch_2"
              }
            },
            {
              "when": {
                "minecraft:quick_charge": 1
              },
              "model": {
                "type": "minecraft:model",
                "model": "minecraft:item/enchanted_books/quick_charge_1"
              }
            },
            {
              "when": {
                "minecraft:quick_charge": 2
              },
              "model": {
                "type": "minecraft:model",
                "model": "minecraft:item/enchanted_books/quick_charge_2"
              }
            },
            {
              "when": {
                "minecraft:quick_charge": 3
              },
              "model": {
                "type": "minecraft:model",
                "model": "minecraft:item/enchanted_books/quick_charge_3"
              }
            },
            {
              "when": {
                "minecraft:respiration": 1
              },
              "model": {
                "type": "minecraft:model",
                "model": "minecraft:item/enchanted_books/respiration_1"
              }
            },
            {
              "when": {
                "minecraft:respiration": 2
              },
              "model": {
                "type": "minecraft:model",
                "model": "minecraft:item/enchanted_books/respiration_2"
              }
            },
            {
              "when": {
                "minecraft:respiration": 3
              },
              "model": {
                "type": "minecraft:model",
                "model": "minecraft:item/enchanted_books/respiration_3"
              }
            },
            {
              "when": {
                "minecraft:riptide": 1
              },
              "model": {
                "type": "minecraft:model",
                "model": "minecraft:item/enchanted_books/riptide_1"
              }
            },
            {
              "when": {
                "minecraft:riptide": 2
              },
              "model": {
                "type": "minecraft:model",
                "model": "minecraft:item/enchanted_books/riptide_2"
              }
            },
            {
              "when": {
                "minecraft:riptide": 3
              },
              "model": {
                "type": "minecraft:model",
                "model": "minecraft:item/enchanted_books/riptide_3"
              }
            },
            {
              "when": {
                "minecraft:sharpness": 1
              },
              "model": {
                "type": "minecraft:model",
                "model": "minecraft:item/enchanted_books/sharpness_1"
              }
            },
            {
              "when": {
                "minecraft:sharpness": 2
              },
              "model": {
                "type": "minecraft:model",
                "model": "minecraft:item/enchanted_books/sharpness_2"
              }
            },
            {
              "when": {
                "minecraft:sharpness": 3
              },
              "model": {
                "type": "minecraft:model",
                "model": "minecraft:item/enchanted_books/sharpness_3"
              }
            },
            {
              "when": {
                "minecraft:sharpness": 4
              },
              "model": {
                "type": "minecraft:model",
                "model": "minecraft:item/enchanted_books/sharpness_4"
              }
            },
            {
              "when": {
                "minecraft:sharpness": 5
              },
              "model": {
                "type": "minecraft:model",
                "model": "minecraft:item/enchanted_books/sharpness_5"
              }
            },
            {
              "when": {
                "minecraft:silk_touch": 1
              },
              "model": {
                "type": "minecraft:model",
                "model": "minecraft:item/enchanted_books/silk_touch"
              }
            },
            {
              "when": {
                "minecraft:smite": 1
              },
              "model": {
                "type": "minecraft:model",
                "model": "minecraft:item/enchanted_books/smite_1"
              }
            },
            {
              "when": {
                "minecraft:smite": 2
              },
              "model": {
                "type": "minecraft:model",
                "model": "minecraft:item/enchanted_books/smite_2"
              }
            },
            {
              "when": {
                "minecraft:smite": 3
              },
              "model": {
                "type": "minecraft:model",
                "model": "minecraft:item/enchanted_books/smite_3"
              }
            },
            {
              "when": {
                "minecraft:smite": 4
              },
              "model": {
                "type": "minecraft:model",
                "model": "minecraft:item/enchanted_books/smite_4"
              }
            },
            {
              "when": {
                "minecraft:smite": 5
              },
              "model": {
                "type": "minecraft:model",
                "model": "minecraft:item/enchanted_books/smite_5"
              }
            },
            {
              "when": {
                "minecraft:soul_speed": 1
              },
              "model": {
                "type": "minecraft:model",
                "model": "minecraft:item/enchanted_books/soul_speed_1"
              }
            },
            {
              "when": {
                "minecraft:soul_speed": 2
              },
              "model": {
                "type": "minecraft:model",
                "model": "minecraft:item/enchanted_books/soul_speed_2"
              }
            },
            {
              "when": {
                "minecraft:soul_speed": 3
              },
              "model": {
                "type": "minecraft:model",
                "model": "minecraft:item/enchanted_books/soul_speed_3"
              }
            },
            {
              "when": {
                "minecraft:sweeping_edge": 1
              },
              "model": {
                "type": "minecraft:model",
                "model": "minecraft:item/enchanted_books/sweeping_edge_1"
              }
            },
            {
              "when": {
                "minecraft:sweeping_edge": 2
              },
              "model": {
                "type": "minecraft:model",
                "model": "minecraft:item/enchanted_books/sweeping_edge_2"
              }
            },
            {
              "when": {
                "minecraft:sweeping_edge": 3
              },
              "model": {
                "type": "minecraft:model",
                "model": "minecraft:item/enchanted_books/sweeping_edge_3"
              }
            },
            {
              "when": {
                "minecraft:swift_sneak": 1
              },
              "model": {
                "type": "minecraft:model",
                "model": "minecraft:item/enchanted_books/swift_sneak_1"
              }
            },
            {
              "when": {
                "minecraft:swift_sneak": 2
              },
              "model": {
                "type": "minecraft:model",
                "model": "minecraft:item/enchanted_books/swift_sneak_2"
              }
            },
            {
              "when": {
                "minecraft:swift_sneak": 3
              },
              "model": {
                "type": "minecraft:model",
                "model": "minecraft:item/enchanted_books/swift_sneak_3"
              }
            },
            {
              "when": {
                "minecraft:thorns": 1
              },
              "model": {
                "type": "minecraft:model",
                "model": "minecraft:item/enchanted_books/thorns_1"
              }
            },
            {
              "when": {
                "minecraft:thorns": 2
              },
              "model": {
                "type": "minecraft:model",
                "model": "minecraft:item/enchanted_books/thorns_2"
              }
            },
            {
              "when": {
                "minecraft:thorns": 3
              },
              "model": {
                "type": "minecraft:model",
                "model": "minecraft:item/enchanted_books/thorns_3"
              }
            },
            {
              "when": {
                "minecraft:vanishing_curse": 1
              },
              "model": {
                "type": "minecraft:model",
                "model": "minecraft:item/enchanted_books/curse_of_vanishing"
              }
            },
            {
              "when": {
                "minecraft:unbreaking": 1
              },
              "model": {
                "type": "minecraft:model",
                "model": "minecraft:item/enchanted_books/unbreaking_1"
              }
            },
            {
              "when": {
                "minecraft:unbreaking": 2
              },
              "model": {
                "type": "minecraft:model",
                "model": "minecraft:item/enchanted_books/unbreaking_2"
              }
            },
            {
              "when": {
                "minecraft:unbreaking": 3
              },
              "model": {
                "type": "minecraft:model",
                "model": "minecraft:item/enchanted_books/unbreaking_3"
              }
            },
            {
              "when": {
                "minecraft:wind_burst": 1
              },
              "model": {
                "type": "minecraft:model",
                "model": "minecraft:item/enchanted_books/wind_burst_1"
              }
            },
            {
              "when": {
                "minecraft:wind_burst": 2
              },
              "model": {
                "type": "minecraft:model",
                "model": "minecraft:item/enchanted_books/wind_burst_2"
              }
            },
            {
              "when": {
                "minecraft:wind_burst": 3
              },
              "model": {
                "type": "minecraft:model",
                "model": "minecraft:item/enchanted_books/wind_burst_3"
              }
            }
          ],
          "fallback": {
            "type": "minecraft:model",
            "model": "minecraft:item/enchanted_books/enchanted_book"
          }
        }
      },
      {
        "when": [
          "firstperson_righthand",
          "thirdperson_righthand"
        ],
        "model": {
          "type": "minecraft:select",
          "property": "minecraft:component",
          "component": "minecraft:stored_enchantments",
          "cases": [
            {
              "when": [
                {
                  "minecraft:aqua_affinity": 1
                }
              ],
              "model": {
                "type": "minecraft:model",
                "model": "minecraft:item/books_3d/aqua_affinity_3d_open"
              }
            },
            {
              "when": [
                {
                  "minecraft:bane_of_arthropods": 1
                },
                {
                  "minecraft:bane_of_arthropods": 2
                },
                {
                  "minecraft:bane_of_arthropods": 3
                },
                {
                  "minecraft:bane_of_arthropods": 4
                },
                {
                  "minecraft:bane_of_arthropods": 5
                }
              ],
              "model": {
                "type": "minecraft:model",
				"model": "minecraft:item/books_3d/bane_of_arthropods_3d_open"
              }
            },
            {
              "when": [
                {
                  "minecraft:breach": 1
                },
                {
                  "minecraft:breach": 2
                },
                {
                  "minecraft:breach": 3
                },
                {
                  "minecraft:breach": 4
                }
              ],
              "model": {
                "type": "minecraft:model",
				"model": "minecraft:item/books_3d/breach_3d_open"
              }
            },
            {
              "when": [
                {
                  "minecraft:blast_protection": 1
                },
                {
                  "minecraft:blast_protection": 2
                },
                {
                  "minecraft:blast_protection": 3
                },
                {
                  "minecraft:blast_protection": 4
                }
              ],
              "model": {
                "type": "minecraft:model",
				"model": "minecraft:item/books_3d/blast_protection_3d_open"
              }
            },
            {
              "when": [
                {
                  "minecraft:channeling": 1
                }
              ],
              "model": {
                "type": "minecraft:model",
                "model": "minecraft:item/books_3d/channeling_3d_open"
				
              }
            },
            {
              "when": [
                {
                  "minecraft:binding_curse": 1
                }
              ],
              "model": {
                "type": "minecraft:model",
                "model": "minecraft:item/books_3d/curse_of_binding_3d_open"
              }
            },
            {
              "when": [
                {
                  "minecraft:density": 1
                },
                {
                  "minecraft:density": 2
                },
                {
                  "minecraft:density": 3
                },
                {
                  "minecraft:density": 4
                },
                {
                  "minecraft:density": 5
                }
              ],
              "model": {
                "type": "minecraft:model",
				"model": "minecraft:item/books_3d/density_3d_open"
              }
            },
            {
              "when": [
                {
                  "minecraft:depth_strider": 1
                },
                {
                  "minecraft:depth_strider": 2
                },
                {
                  "minecraft:depth_strider": 3
                }
              ],
              "model": {
                "type": "minecraft:model",
				"model": "minecraft:item/books_3d/depth_strider_3d_open"
              }
            },
            {
              "when": [
                {
                  "minecraft:efficiency": 1
                },
                {
                  "minecraft:efficiency": 2
                },
                {
                  "minecraft:efficiency": 3
                },
                {
                  "minecraft:efficiency": 4
                },
                {
                  "minecraft:efficiency": 5
                }
              ],
              "model": {
                "type": "minecraft:model",
				"model": "minecraft:item/books_3d/efficiency_3d_open"
              }
            },
            {
              "when": [
                {
                  "minecraft:feather_falling": 1
                },
                {
                  "minecraft:feather_falling": 2
                },
                {
                  "minecraft:feather_falling": 3
                },
                {
                  "minecraft:feather_falling": 4
                }
              ],
              "model": {
                "type": "minecraft:model",
				"model": "minecraft:item/books_3d/feather_falling_3d_open"
              }
            },
            {
              "when": [
                {
                  "minecraft:fire_aspect": 1
                },
                {
                  "minecraft:fire_aspect": 2
                }
              ],
              "model": {
                "type": "minecraft:model",
				"model": "minecraft:item/books_3d/fire_aspect_3d_open"
              }
            },
            {
              "when": [
                {
                  "minecraft:fire_protection": 1
                },
                {
                  "minecraft:fire_protection": 2
                },
                {
                  "minecraft:fire_protection": 3
                },
                {
                  "minecraft:fire_protection": 4
                }
              ],
              "model": {
                "type": "minecraft:model",
				"model": "minecraft:item/books_3d/fire_protection_3d_open"
              }
            },
            {
              "when": [
                {
                  "minecraft:flame": 1
                }
              ],
              "model": {
                "type": "minecraft:model",
				"model": "minecraft:item/books_3d/flame_3d_open"
              }
            },
            {
              "when": [
                {
                  "minecraft:fortune": 1
                },
                {
                  "minecraft:fortune": 2
                },
                {
                  "minecraft:fortune": 3
                }
              ],
              "model": {
                "type": "minecraft:model",
				"model": "minecraft:item/books_3d/fortune_3d_open"
              }
            },
            {
              "when": [
                {
                  "minecraft:frost_walker": 1
                },
                {
                  "minecraft:frost_walker": 2
                }
              ],
              "model": {
                "type": "minecraft:model",
				"model": "minecraft:item/books_3d/frost_walker_3d_open"
              }
            },
            {
              "when": [
                {
                  "minecraft:impaling": 1
                },
                {
                  "minecraft:impaling": 2
                },
                {
                  "minecraft:impaling": 3
                },
                {
                  "minecraft:impaling": 4
                },
                {
                  "minecraft:impaling": 5
                }
              ],
              "model": {
                "type": "minecraft:model",
				"model": "minecraft:item/books_3d/impaling_3d_open"
              }
            },
            {
              "when": [
                {
                  "minecraft:infinity": 1
                }
              ],
              "model": {
                "type": "minecraft:model",
				"model": "minecraft:item/books_3d/infinity_3d_open"
              }
            },
            {
              "when": [
                {
                  "minecraft:knockback": 1
                },
                {
                  "minecraft:knockback": 2
                }
              ],
              "model": {
                "type": "minecraft:model",
				"model": "minecraft:item/books_3d/knockback_3d_open"
              }
            },
            {
              "when": [
                {
                  "minecraft:looting": 1
                },
                {
                  "minecraft:looting": 2
                },
                {
                  "minecraft:looting": 3
                }
              ],
              "model": {
                "type": "minecraft:model",
				"model": "minecraft:item/books_3d/looting_3d_open"
              }
            },
            {
              "when": [
                {
                  "minecraft:loyalty": 1
                },
                {
                  "minecraft:loyalty": 2
                },
                {
                  "minecraft:loyalty": 3
                }
              ],
              "model": {
                "type": "minecraft:model",
				"model": "minecraft:item/books_3d/loyalty_3d_open"
              }
            },
            {
              "when": [
                {
                  "minecraft:luck_of_the_sea": 1
                },
                {
                  "minecraft:luck_of_the_sea": 2
                },
                {
                  "minecraft:luck_of_the_sea": 3
                }
              ],
              "model": {
                "type": "minecraft:model",
				"model": "minecraft:item/books_3d/luck_of_the_sea_3d_open"
              }
            },
            {
              "when": [
                {
                  "minecraft:lure": 1
                },
                {
                  "minecraft:lure": 2
                },
                {
                  "minecraft:lure": 3
                }
              ],
              "model": {
                "type": "minecraft:model",
				"model": "minecraft:item/books_3d/lure_3d_open"
              }
            },
            {
              "when": [
                {
                  "minecraft:mending": 1
                }
              ],
              "model": {
                "type": "minecraft:model",
				"model": "minecraft:item/books_3d/mending_3d_open"
              }
            },
            {
              "when": [
                {
                  "minecraft:multishot": 1
                }
              ],
              "model": {
                "type": "minecraft:model",
				"model": "minecraft:item/books_3d/multishot_3d_open"
              }
            },
            {
              "when": [
                {
                  "minecraft:piercing": 1
                },
                {
                  "minecraft:piercing": 2
                },
                {
                  "minecraft:piercing": 3
                },
                {
                  "minecraft:piercing": 4
                }
              ],
              "model": {
                "type": "minecraft:model",
				"model": "minecraft:item/books_3d/piercing_3d_open"
              }
            },
            {
              "when": [
                {
                  "minecraft:power": 1
                },
                {
                  "minecraft:power": 2
                },
                {
                  "minecraft:power": 3
                },
                {
                  "minecraft:power": 4
                },
                {
                  "minecraft:power": 5
                }
              ],
              "model": {
                "type": "minecraft:model",
				"model": "minecraft:item/books_3d/power_3d_open"
              }
            },
            {
              "when": [
                {
                  "minecraft:projectile_protection": 1
                },
                {
                  "minecraft:projectile_protection": 2
                },
                {
                  "minecraft:projectile_protection": 3
                },
                {
                  "minecraft:projectile_protection": 4
                }
              ],
              "model": {
                "type": "minecraft:model",
				"model": "minecraft:item/books_3d/projectile_protection_3d_open"
              }
            },
            {
              "when": [
                {
                  "minecraft:protection": 1
                },
                {
                  "minecraft:protection": 2
                },
                {
                  "minecraft:protection": 3
                },
                {
                  "minecraft:protection": 4
                }
              ],
              "model": {
                "type": "minecraft:model",
				"model": "minecraft:item/books_3d/protection_3d_open"
              }
            },
            {
              "when": [
                {
                  "minecraft:punch": 1
                },
                {
                  "minecraft:punch": 2
                }
              ],
              "model": {
                "type": "minecraft:model",
				"model": "minecraft:item/books_3d/punch_3d_open"
              }
            },
            {
              "when": [
                {
                  "minecraft:quick_charge": 1
                },
                {
                  "minecraft:quick_charge": 2
                },
                {
                  "minecraft:quick_charge": 3
                }
              ],
              "model": {
                "type": "minecraft:model",
				"model": "minecraft:item/books_3d/quick_charge_3d_open"
              }
            },
            {
              "when": [
                {
                  "minecraft:respiration": 1
                },
                {
                  "minecraft:respiration": 2
                },
                {
                  "minecraft:respiration": 3
                }
              ],
              "model": {
                "type": "minecraft:model",
				"model": "minecraft:item/books_3d/respiration_3d_open"
              }
            },
            {
              "when": [
                {
                  "minecraft:riptide": 1
                },
                {
                  "minecraft:riptide": 2
                },
                {
                  "minecraft:riptide": 3
                }
              ],
              "model": {
                "type": "minecraft:model",
				"model": "minecraft:item/books_3d/riptide_3d_open"
              }
            },
            {
              "when": [
                {
                  "minecraft:sharpness": 1
                },
                {
                  "minecraft:sharpness": 2
                },
                {
                  "minecraft:sharpness": 3
                },
                {
                  "minecraft:sharpness": 4
                },
                {
                  "minecraft:sharpness": 5
                }
              ],
              "model": {
                "type": "minecraft:model",
				"model": "minecraft:item/books_3d/sharpness_3d_open"
              }
            },
            {
              "when": [
                {
                  "minecraft:silk_touch": 1
                }
              ],
              "model": {
                "type": "minecraft:model",
				"model": "minecraft:item/books_3d/silk_touch_3d_open"
              }
            },
            {
              "when": [
                {
                  "minecraft:smite": 1
                },
                {
                  "minecraft:smite": 2
                },
                {
                  "minecraft:smite": 3
                },
                {
                  "minecraft:smite": 4
                },
                {
                  "minecraft:smite": 5
                }
              ],
              "model": {
                "type": "minecraft:model",
				"model": "minecraft:item/books_3d/smite_3d_open"
              }
            },
            {
              "when": [
                {
                  "minecraft:soul_speed": 1
                },
                {
                  "minecraft:soul_speed": 2
                },
                {
                  "minecraft:soul_speed": 3
                }
              ],
              "model": {
                "type": "minecraft:model",
				"model": "minecraft:item/books_3d/soul_speed_3d_open"
              }
            },
            {
              "when": [
                {
                  "minecraft:sweeping_edge": 1
                },
                {
                  "minecraft:sweeping_edge": 2
                },
                {
                  "minecraft:sweeping_edge": 3
                }
              ],
              "model": {
                "type": "minecraft:model",
				"model": "minecraft:item/books_3d/sweeping_edge_3d_open"
              }
            },
            {
              "when": [
                {
                  "minecraft:swift_sneak": 1
                },
                {
                  "minecraft:swift_sneak": 2
                },
                {
                  "minecraft:swift_sneak": 3
                }
              ],
              "model": {
                "type": "minecraft:model",
				"model": "minecraft:item/books_3d/swift_sneak_3d_open"
              }
            },
            {
              "when": [
                {
                  "minecraft:thorns": 1
                },
                {
                  "minecraft:thorns": 2
                },
                {
                  "minecraft:thorns": 3
                }
              ],
              "model": {
                "type": "minecraft:model",
				"model": "minecraft:item/books_3d/thorns_3d_open"
              }
            },
            {
              "when": [
                {
                  "minecraft:vanishing_curse": 1
                }
              ],
              "model": {
                "type": "minecraft:model",
				"model": "minecraft:item/books_3d/curse_of_vanishing_3d_open"
              }
            },
            {
              "when": [
                {
                  "minecraft:unbreaking": 1
                },
                {
                  "minecraft:unbreaking": 2
                },
                {
                  "minecraft:unbreaking": 3
                }
              ],
              "model": {
                "type": "minecraft:model",
				"model": "minecraft:item/books_3d/unbreaking_3d_open"
              }
            },
            {
              "when": [
                {
                  "minecraft:wind_burst": 1
                },
                {
                  "minecraft:wind_burst": 2
                },
                {
                  "minecraft:wind_burst": 3
                }
              ],
              "model": {
                "type": "minecraft:model",
				"model": "minecraft:item/books_3d/wind_burst_3d_open"
              }
            }
          ],
          "fallback": {
            "type": "minecraft:model",
            "model": "minecraft:item/books_3d/enchanted_book_3d_open"
          }
        }
      },
      {
        "when": [
          "firstperson_lefthand",
          "thirdperson_lefthand",
          "head"
        ],
        "model": {
          "type": "minecraft:select",
          "property": "minecraft:component",
          "component": "minecraft:stored_enchantments",
          "cases": [
            {
              "when": [
                {
                  "minecraft:aqua_affinity": 1
                }
              ],
              "model": {
                "type": "minecraft:model",
                "model": "minecraft:item/books_3d/aqua_affinity_3d"
              }
            },
            {
              "when": [
                {
                  "minecraft:bane_of_arthropods": 1
                },
                {
                  "minecraft:bane_of_arthropods": 2
                },
                {
                  "minecraft:bane_of_arthropods": 3
                },
                {
                  "minecraft:bane_of_arthropods": 4
                },
                {
                  "minecraft:bane_of_arthropods": 5
                }
              ],
              "model": {
                "type": "minecraft:model",
				"model": "minecraft:item/books_3d/bane_of_arthropods_3d"
              }
            },
            {
              "when": [
                {
                  "minecraft:breach": 1
                },
                {
                  "minecraft:breach": 2
                },
                {
                  "minecraft:breach": 3
                },
                {
                  "minecraft:breach": 4
                }
              ],
              "model": {
                "type": "minecraft:model",
				"model": "minecraft:item/books_3d/breach_3d"
              }
            },
            {
              "when": [
                {
                  "minecraft:blast_protection": 1
                },
                {
                  "minecraft:blast_protection": 2
                },
                {
                  "minecraft:blast_protection": 3
                },
                {
                  "minecraft:blast_protection": 4
                }
              ],
              "model": {
                "type": "minecraft:model",
				"model": "minecraft:item/books_3d/blast_protection_3d"
              }
            },
            {
              "when": [
                {
                  "minecraft:channeling": 1
                }
              ],
              "model": {
                "type": "minecraft:model",
                "model": "minecraft:item/books_3d/channeling_3d"
				
              }
            },
            {
              "when": [
                {
                  "minecraft:binding_curse": 1
                }
              ],
              "model": {
                "type": "minecraft:model",
                "model": "minecraft:item/books_3d/curse_of_binding_3d"
              }
            },
            {
              "when": [
                {
                  "minecraft:density": 1
                },
                {
                  "minecraft:density": 2
                },
                {
                  "minecraft:density": 3
                },
                {
                  "minecraft:density": 4
                },
                {
                  "minecraft:density": 5
                }
              ],
              "model": {
                "type": "minecraft:model",
				"model": "minecraft:item/books_3d/density_3d"
              }
            },
            {
              "when": [
                {
                  "minecraft:depth_strider": 1
                },
                {
                  "minecraft:depth_strider": 2
                },
                {
                  "minecraft:depth_strider": 3
                }
              ],
              "model": {
                "type": "minecraft:model",
				"model": "minecraft:item/books_3d/depth_strider_3d"
              }
            },
            {
              "when": [
                {
                  "minecraft:efficiency": 1
                },
                {
                  "minecraft:efficiency": 2
                },
                {
                  "minecraft:efficiency": 3
                },
                {
                  "minecraft:efficiency": 4
                },
                {
                  "minecraft:efficiency": 5
                }
              ],
              "model": {
                "type": "minecraft:model",
				"model": "minecraft:item/books_3d/efficiency_3d"
              }
            },
            {
              "when": [
                {
                  "minecraft:feather_falling": 1
                },
                {
                  "minecraft:feather_falling": 2
                },
                {
                  "minecraft:feather_falling": 3
                },
                {
                  "minecraft:feather_falling": 4
                }
              ],
              "model": {
                "type": "minecraft:model",
				"model": "minecraft:item/books_3d/feather_falling_3d"
              }
            },
            {
              "when": [
                {
                  "minecraft:fire_aspect": 1
                },
                {
                  "minecraft:fire_aspect": 2
                }
              ],
              "model": {
                "type": "minecraft:model",
				"model": "minecraft:item/books_3d/fire_aspect_3d"
              }
            },
            {
              "when": [
                {
                  "minecraft:fire_protection": 1
                },
                {
                  "minecraft:fire_protection": 2
                },
                {
                  "minecraft:fire_protection": 3
                },
                {
                  "minecraft:fire_protection": 4
                }
              ],
              "model": {
                "type": "minecraft:model",
				"model": "minecraft:item/books_3d/fire_protection_3d"
              }
            },
            {
              "when": [
                {
                  "minecraft:flame": 1
                }
              ],
              "model": {
                "type": "minecraft:model",
				"model": "minecraft:item/books_3d/flame_3d"
              }
            },
            {
              "when": [
                {
                  "minecraft:fortune": 1
                },
                {
                  "minecraft:fortune": 2
                },
                {
                  "minecraft:fortune": 3
                }
              ],
              "model": {
                "type": "minecraft:model",
				"model": "minecraft:item/books_3d/fortune_3d"
              }
            },
            {
              "when": [
                {
                  "minecraft:frost_walker": 1
                },
                {
                  "minecraft:frost_walker": 2
                }
              ],
              "model": {
                "type": "minecraft:model",
				"model": "minecraft:item/books_3d/frost_walker_3d"
              }
            },
            {
              "when": [
                {
                  "minecraft:impaling": 1
                },
                {
                  "minecraft:impaling": 2
                },
                {
                  "minecraft:impaling": 3
                },
                {
                  "minecraft:impaling": 4
                },
                {
                  "minecraft:impaling": 5
                }
              ],
              "model": {
                "type": "minecraft:model",
				"model": "minecraft:item/books_3d/impaling_3d"
              }
            },
            {
              "when": [
                {
                  "minecraft:infinity": 1
                }
              ],
              "model": {
                "type": "minecraft:model",
				"model": "minecraft:item/books_3d/infinity_3d"
              }
            },
            {
              "when": [
                {
                  "minecraft:knockback": 1
                },
                {
                  "minecraft:knockback": 2
                }
              ],
              "model": {
                "type": "minecraft:model",
				"model": "minecraft:item/books_3d/knockback_3d"
              }
            },
            {
              "when": [
                {
                  "minecraft:looting": 1
                },
                {
                  "minecraft:looting": 2
                },
                {
                  "minecraft:looting": 3
                }
              ],
              "model": {
                "type": "minecraft:model",
				"model": "minecraft:item/books_3d/looting_3d"
              }
            },
            {
              "when": [
                {
                  "minecraft:loyalty": 1
                },
                {
                  "minecraft:loyalty": 2
                },
                {
                  "minecraft:loyalty": 3
                }
              ],
              "model": {
                "type": "minecraft:model",
				"model": "minecraft:item/books_3d/loyalty_3d"
              }
            },
            {
              "when": [
                {
                  "minecraft:luck_of_the_sea": 1
                },
                {
                  "minecraft:luck_of_the_sea": 2
                },
                {
                  "minecraft:luck_of_the_sea": 3
                }
              ],
              "model": {
                "type": "minecraft:model",
				"model": "minecraft:item/books_3d/luck_of_the_sea_3d"
              }
            },
            {
              "when": [
                {
                  "minecraft:lure": 1
                },
                {
                  "minecraft:lure": 2
                },
                {
                  "minecraft:lure": 3
                }
              ],
              "model": {
                "type": "minecraft:model",
				"model": "minecraft:item/books_3d/lure_3d"
              }
            },
            {
              "when": [
                {
                  "minecraft:mending": 1
                }
              ],
              "model": {
                "type": "minecraft:model",
				"model": "minecraft:item/books_3d/mending_3d"
              }
            },
            {
              "when": [
                {
                  "minecraft:multishot": 1
                }
              ],
              "model": {
                "type": "minecraft:model",
				"model": "minecraft:item/books_3d/multishot_3d"
              }
            },
            {
              "when": [
                {
                  "minecraft:piercing": 1
                },
                {
                  "minecraft:piercing": 2
                },
                {
                  "minecraft:piercing": 3
                },
                {
                  "minecraft:piercing": 4
                }
              ],
              "model": {
                "type": "minecraft:model",
				"model": "minecraft:item/books_3d/piercing_3d"
              }
            },
            {
              "when": [
                {
                  "minecraft:power": 1
                },
                {
                  "minecraft:power": 2
                },
                {
                  "minecraft:power": 3
                },
                {
                  "minecraft:power": 4
                },
                {
                  "minecraft:power": 5
                }
              ],
              "model": {
                "type": "minecraft:model",
				"model": "minecraft:item/books_3d/power_3d"
              }
            },
            {
              "when": [
                {
                  "minecraft:projectile_protection": 1
                },
                {
                  "minecraft:projectile_protection": 2
                },
                {
                  "minecraft:projectile_protection": 3
                },
                {
                  "minecraft:projectile_protection": 4
                }
              ],
              "model": {
                "type": "minecraft:model",
				"model": "minecraft:item/books_3d/projectile_protection_3d"
              }
            },
            {
              "when": [
                {
                  "minecraft:protection": 1
                },
                {
                  "minecraft:protection": 2
                },
                {
                  "minecraft:protection": 3
                },
                {
                  "minecraft:protection": 4
                }
              ],
              "model": {
                "type": "minecraft:model",
				"model": "minecraft:item/books_3d/protection_3d"
              }
            },
            {
              "when": [
                {
                  "minecraft:punch": 1
                },
                {
                  "minecraft:punch": 2
                }
              ],
              "model": {
                "type": "minecraft:model",
				"model": "minecraft:item/books_3d/punch_3d"
              }
            },
            {
              "when": [
                {
                  "minecraft:quick_charge": 1
                },
                {
                  "minecraft:quick_charge": 2
                },
                {
                  "minecraft:quick_charge": 3
                }
              ],
              "model": {
                "type": "minecraft:model",
				"model": "minecraft:item/books_3d/quick_charge_3d"
              }
            },
            {
              "when": [
                {
                  "minecraft:respiration": 1
                },
                {
                  "minecraft:respiration": 2
                },
                {
                  "minecraft:respiration": 3
                }
              ],
              "model": {
                "type": "minecraft:model",
				"model": "minecraft:item/books_3d/respiration_3d"
              }
            },
            {
              "when": [
                {
                  "minecraft:riptide": 1
                },
                {
                  "minecraft:riptide": 2
                },
                {
                  "minecraft:riptide": 3
                }
              ],
              "model": {
                "type": "minecraft:model",
				"model": "minecraft:item/books_3d/riptide_3d"
              }
            },
            {
              "when": [
                {
                  "minecraft:sharpness": 1
                },
                {
                  "minecraft:sharpness": 2
                },
                {
                  "minecraft:sharpness": 3
                },
                {
                  "minecraft:sharpness": 4
                },
                {
                  "minecraft:sharpness": 5
                }
              ],
              "model": {
                "type": "minecraft:model",
				"model": "minecraft:item/books_3d/sharpness_3d"
              }
            },
            {
              "when": [
                {
                  "minecraft:silk_touch": 1
                }
              ],
              "model": {
                "type": "minecraft:model",
				"model": "minecraft:item/books_3d/silk_touch_3d"
              }
            },
            {
              "when": [
                {
                  "minecraft:smite": 1
                },
                {
                  "minecraft:smite": 2
                },
                {
                  "minecraft:smite": 3
                },
                {
                  "minecraft:smite": 4
                },
                {
                  "minecraft:smite": 5
                }
              ],
              "model": {
                "type": "minecraft:model",
				"model": "minecraft:item/books_3d/smite_3d"
              }
            },
            {
              "when": [
                {
                  "minecraft:soul_speed": 1
                },
                {
                  "minecraft:soul_speed": 2
                },
                {
                  "minecraft:soul_speed": 3
                }
              ],
              "model": {
                "type": "minecraft:model",
				"model": "minecraft:item/books_3d/soul_speed_3d"
              }
            },
            {
              "when": [
                {
                  "minecraft:sweeping_edge": 1
                },
                {
                  "minecraft:sweeping_edge": 2
                },
                {
                  "minecraft:sweeping_edge": 3
                }
              ],
              "model": {
                "type": "minecraft:model",
				"model": "minecraft:item/books_3d/sweeping_edge_3d"
              }
            },
            {
              "when": [
                {
                  "minecraft:swift_sneak": 1
                },
                {
                  "minecraft:swift_sneak": 2
                },
                {
                  "minecraft:swift_sneak": 3
                }
              ],
              "model": {
                "type": "minecraft:model",
				"model": "minecraft:item/books_3d/swift_sneak_3d"
              }
            },
            {
              "when": [
                {
                  "minecraft:thorns": 1
                },
                {
                  "minecraft:thorns": 2
                },
                {
                  "minecraft:thorns": 3
                }
              ],
              "model": {
                "type": "minecraft:model",
				"model": "minecraft:item/books_3d/thorns_3d"
              }
            },
            {
              "when": [
                {
                  "minecraft:vanishing_curse": 1
                }
              ],
              "model": {
                "type": "minecraft:model",
				"model": "minecraft:item/books_3d/curse_of_vanishing_3d"
              }
            },
            {
              "when": [
                {
                  "minecraft:unbreaking": 1
                },
                {
                  "minecraft:unbreaking": 2
                },
                {
                  "minecraft:unbreaking": 3
                }
              ],
              "model": {
                "type": "minecraft:model",
				"model": "minecraft:item/books_3d/unbreaking_3d"
              }
            },
            {
              "when": [
                {
                  "minecraft:wind_burst": 1
                },
                {
                  "minecraft:wind_burst": 2
                },
                {
                  "minecraft:wind_burst": 3
                }
              ],
              "model": {
                "type": "minecraft:model",
				"model": "minecraft:item/books_3d/wind_burst_3d"
              }
            }
          ],
          "fallback": {
            "type": "minecraft:model",
            "model": "minecraft:item/books_3d/enchanted_book_3d"
          }
        }
      }
    ],
    "fallback": {
      "type": "minecraft:model",
      "model": "minecraft:item/enchanted_book"
    }
  }
}