{
  "model": {
    "type": "minecraft:select",
    "property": "minecraft:display_context",
    "cases": [
      {
        "when": [
          "gui",
          "fixed",
          "ground"
        ],
        "model": {
          "type": "minecraft:model",
          "model": "minecraft:item/enchanted_books/written_book"
        }
      },
      {
        "when": [
          "firstperson_righthand",
          "thirdperson_righthand"
        ],
        "model": {
          "type": "minecraft:model",
          "model": "minecraft:item/books_3d/written_book_3d_open"
        }
      },
      {
        "when": [
          "firstperson_lefthand",
          "thirdperson_lefthand",
          "head"
        ],
        "model": {
          "type": "minecraft:model",
          "model": "minecraft:item/books_3d/written_book_3d"
        }
      }
    ],
    "fallback": {
      "type": "minecraft:model",
      "model": "minecraft:item/written_book"
    }
  }
}