{
	"format_version": "1.21.6",
	"credit": "Made with Blockbench",
	"textures": {
		"0": "item/apple_3d",
		"particle": "item/food_particles/apple"
	},
	"elements": [
		{
			"name": "leaf",
			"from": [7.9999, 4.43001, 6.53205],
			"to": [8.0001, 7.43021, 8.53225],
			"rotation": {"angle": -22.5, "axis": "x", "origin": [8, 4.13425, 7.59724]},
			"faces": {
				"east": {"uv": [5, 10, 7, 13], "texture": "#0"},
				"west": {"uv": [10, 5, 12, 8], "texture": "#0"}
			}
		},
		{
			"name": "stem",
			"from": [7.499, 4.89589, 7.17509],
			"to": [8.501, 6.89789, 8.17709],
			"rotation": {"angle": 22.5, "axis": "x", "origin": [7, 4.13425, 7.59724]},
			"faces": {
				"north": {"uv": [7, 10, 8, 12], "texture": "#0"},
				"east": {"uv": [8, 10, 9, 12], "texture": "#0"},
				"south": {"uv": [10, 8, 11, 10], "texture": "#0"},
				"west": {"uv": [9, 10, 10, 12], "texture": "#0"},
				"up": {"uv": [11, 11, 10, 10], "texture": "#0"}
			}
		},
		{
			"name": "apple",
			"from": [5.5, 0, 5.5],
			"to": [10.5, 5, 10.5],
			"rotation": {"angle": 0, "axis": "y", "origin": [8, 4.13425, 7.59724]},
			"faces": {
				"north": {"uv": [0, 0, 5, 5], "texture": "#0"},
				"east": {"uv": [0, 5, 5, 10], "texture": "#0"},
				"south": {"uv": [5, 0, 10, 5], "texture": "#0"},
				"west": {"uv": [5, 5, 10, 10], "texture": "#0"},
				"up": {"uv": [5, 15, 0, 10], "texture": "#0"},
				"down": {"uv": [15, 0, 10, 5], "texture": "#0"}
			}
		}
	],
	"display": {
		"thirdperson_righthand": {
			"rotation": [0, 90, 0],
			"translation": [0, 5.25, 1.5],
			"scale": [0.65, 0.65, 0.65]
		},
		"thirdperson_lefthand": {
			"rotation": [0, -90, 0],
			"translation": [0, 5.25, 1.5],
			"scale": [0.65, 0.65, 0.65]
		},
		"firstperson_righthand": {
			"rotation": [0, -128, 1],
			"translation": [0, 6.5, 1.5],
			"scale": [0.6, 0.6, 0.6]
		},
		"firstperson_lefthand": {
			"rotation": [0, -128, 0],
			"translation": [0, 6.5, 1.5],
			"scale": [0.6, 0.6, 0.6]
		},
		"ground": {
			"translation": [0, 4.5, 0],
			"scale": [0.75, 0.75, 0.75]
		},
		"gui": {
			"rotation": [30, 45, 0],
			"translation": [-1, 6.5, 0],
			"scale": [1.5, 1.5, 1.5]
		},
		"head": {
			"rotation": [0, 90, 0],
			"translation": [-0.75, 14.5, 0.5]
		},
		"fixed": {
			"rotation": [0, 90, 0],
			"translation": [-1, 7.75, 1.5],
			"scale": [1.5, 1.5, 1.5]
		}
	},
	"groups": [
		{
			"name": "apple",
			"origin": [7.09724, 4, 6.90276],
			"color": 0,
			"children": [0, 1, 2]
		}
	]
}