{
	"format_version": "1.21.6",
	"credit": "Made with Blockbench",
	"texture_size": [32, 32],
	"textures": {
		"1": "item/beef_3d",
		"particle": "item/beef"
	},
	"elements": [
		{
			"name": "beef",
			"from": [5.5, 0.5, 3.5],
			"to": [10.5, 2.5, 12.5],
			"rotation": {"angle": 0, "axis": "y", "origin": [8, 0.75, 8]},
			"faces": {
				"north": {"uv": [5, 0, 7.5, 1], "texture": "#1"},
				"east": {"uv": [0, 4.5, 4.5, 5.5], "texture": "#1"},
				"south": {"uv": [5, 1, 7.5, 2], "texture": "#1"},
				"west": {"uv": [4.5, 4.5, 9, 5.5], "texture": "#1"},
				"up": {"uv": [2.5, 4.5, 0, 0], "texture": "#1"},
				"down": {"uv": [5, 0, 2.5, 4.5], "texture": "#1"}
			}
		}
	],
	"display": {
		"thirdperson_righthand": {
			"translation": [0, 4.9, 1.75],
			"scale": [0.65, 0.65, 0.65]
		},
		"thirdperson_lefthand": {
			"translation": [0, 4.9, 1.75],
			"scale": [0.65, 0.65, 0.65]
		},
		"firstperson_righthand": {
			"translation": [0.75, 7.5, 1]
		},
		"firstperson_lefthand": {
			"translation": [0.75, 7.5, 1]
		},
		"ground": {
			"translation": [0, 4.25, 0],
			"scale": [0.75, 0.75, 0.75]
		},
		"gui": {
			"rotation": [30, -45, 0],
			"translation": [-1, 7.75, 0],
			"scale": [1.4, 1.4, 1.4]
		},
		"head": {
			"translation": [-0.5, 13.75, 0.5]
		},
		"fixed": {
			"rotation": [-90, 90, 0],
			"translation": [0.5, 0, -10.25],
			"scale": [1.5, 1.5, 1.5]
		}
	},
	"groups": [
		{
			"name": "beef",
			"origin": [-10.5, 2, 0.5],
			"color": 0,
			"children": [0]
		}
	]
}