{
  "parent": "minecraft:item/handheld",
  "textures": {
    "layer0": "minecraft:item/dried_kelp"
  },
  "overrides": [
    { "predicate": { "pommel:is_held": 1.0 }, "model": "minecraft:item/dried_kelp_3d" },
    { "predicate": { "eating": 1.0, "eat": 0.10 }, "model": "minecraft:item/eatinganimation/dried_kelp/dried_kelp_eat_0" },
    { "predicate": { "eating": 1.0, "eat": 0.20 }, "model": "minecraft:item/eatinganimation/dried_kelp/dried_kelp_eat_1" },
    { "predicate": { "eating": 1.0, "eat": 0.30 }, "model": "minecraft:item/eatinganimation/dried_kelp/dried_kelp_eat_2" },
    { "predicate": { "pommel:is_ground": 1.0 }, "model": "minecraft:item/dried_kelp_3d" }
  ]
}
