{
	"credit": "Made with Blockbench",
	"textures": {
		"1": "item/crossbow_pull_2",
		"3": "item/crossbow_firework_hand"
	},
	"elements": [
		{
			"from": [6.5, 1, 1],
			"to": [9.5, 3, 13],
			"rotation": {"angle": 0, "axis": "y", "origin": [6.5, 0, 3]},
			"faces": {
				"north": {"uv": [12, 12, 13.5, 13], "texture": "#1"},
				"east": {"uv": [0, 12, 6, 13], "texture": "#1"},
				"south": {"uv": [0, 13, 1.5, 14], "texture": "#1"},
				"west": {"uv": [6, 12, 12, 13], "texture": "#1"},
				"up": {"uv": [13, 6, 11.5, 0], "texture": "#1"},
				"down": {"uv": [13, 6, 11.5, 12], "texture": "#1"}
			}
		},
		{
			"from": [-3.5, 3.001, -1],
			"to": [19.5, 3.002, 11],
			"rotation": {"angle": 0, "axis": "z", "origin": [2.5, 1.001, 2]},
			"faces": {
				"north": {"uv": [0, 0, 11.5, 0], "texture": "#1"},
				"east": {"uv": [0, 0, 6, 0], "texture": "#1"},
				"south": {"uv": [0, 0, 11.5, 0], "texture": "#1"},
				"west": {"uv": [0, 0, 6, 0], "texture": "#1"},
				"up": {"uv": [11.5, 6, 0, 0], "texture": "#1"},
				"down": {"uv": [11.5, 0, 0, 6], "texture": "#1"}
			}
		},
		{
			"from": [8, 0.2, 5],
			"to": [8, 1.2, 8],
			"rotation": {"angle": 0, "axis": "y", "origin": [6, 0.2, 5]},
			"faces": {
				"north": {"uv": [0, 0, 0, 0.5], "texture": "#1"},
				"east": {"uv": [13, 0, 14.5, 0.5], "texture": "#1"},
				"south": {"uv": [0, 0, 0, 0.5], "texture": "#1"},
				"west": {"uv": [13, 0.5, 14.5, 1], "texture": "#1"},
				"up": {"uv": [0, 1.5, 0, 0], "texture": "#1"},
				"down": {"uv": [0, 0, 0, 1.5], "texture": "#1"}
			}
		},
		{
			"from": [7.15, 2.4925, 2.7575],
			"to": [8.85, 4.1925, 6.1575],
			"rotation": {"angle": 0, "axis": "x", "origin": [8, 3.3425, 4.245]},
			"faces": {
				"north": {"uv": [9, 0, 11, 2], "texture": "#3"},
				"east": {"uv": [3, 0, 7, 2], "texture": "#3"},
				"south": {"uv": [1, 9, 3, 11], "texture": "#3"},
				"west": {"uv": [3, 2, 7, 4], "texture": "#3"},
				"up": {"uv": [5, 8, 3, 4], "texture": "#3"},
				"down": {"uv": [7, 4, 5, 8], "texture": "#3"}
			}
		},
		{
			"from": [6.725, 2.0675, 1.9075],
			"to": [9.275, 4.6175, 2.7575],
			"rotation": {"angle": 0, "axis": "x", "origin": [8, 3.3425, 4.245]},
			"faces": {
				"north": {"uv": [0, 0, 3, 3], "texture": "#3"},
				"east": {"uv": [5, 9, 8, 10], "rotation": 90, "texture": "#3"},
				"south": {"uv": [0, 3, 3, 6], "texture": "#3"},
				"west": {"uv": [8, 9, 5, 10], "rotation": 90, "texture": "#3"},
				"up": {"uv": [5, 10, 8, 9], "texture": "#3"},
				"down": {"uv": [8, 9, 5, 10], "texture": "#3"}
			}
		},
		{
			"from": [8, 2.0675, 0.2075],
			"to": [8.001, 4.6175, 1.9075],
			"rotation": {"angle": -45, "axis": "z", "origin": [8, 3.3425, 1.0575]},
			"faces": {
				"north": {"uv": [13, 8, 13, 11], "texture": "#3"},
				"east": {"uv": [9, 0, 7, 3], "texture": "#3"},
				"south": {"uv": [13, 8, 13, 11], "texture": "#3"},
				"west": {"uv": [7, 0, 9, 3], "texture": "#3"},
				"up": {"uv": [13, 10, 13, 8], "texture": "#3"},
				"down": {"uv": [13, 8, 13, 10], "texture": "#3"}
			}
		},
		{
			"from": [6.725, 3.3425, 0.2075],
			"to": [9.275, 3.3435, 1.9075],
			"rotation": {"angle": -45, "axis": "z", "origin": [8, 3.3425, 1.0575]},
			"faces": {
				"north": {"uv": [10, 11, 13, 11], "texture": "#3"},
				"east": {"uv": [13, 10, 13, 12], "texture": "#3"},
				"south": {"uv": [10, 11, 13, 11], "texture": "#3"},
				"west": {"uv": [13, 10, 13, 12], "texture": "#3"},
				"up": {"uv": [9, 3, 7, 0], "rotation": 270, "texture": "#3"},
				"down": {"uv": [9, 0, 7, 3], "rotation": 90, "texture": "#3"}
			}
		},
		{
			"from": [8, 2.9175, 6.1575],
			"to": [8.001, 3.7675, 8.9575],
			"rotation": {"angle": 0, "axis": "y", "origin": [8, 3.3425, 4.245]},
			"faces": {
				"north": {"uv": [15, 6, 15, 7], "texture": "#3"},
				"east": {"uv": [8, 14, 9, 8], "rotation": 90, "texture": "#3"},
				"south": {"uv": [15, 6, 15, 7], "texture": "#3"},
				"west": {"uv": [8, 8, 9, 14], "rotation": 90, "texture": "#3"},
				"up": {"uv": [15, 11, 15, 5], "texture": "#3"},
				"down": {"uv": [15, 5, 15, 11], "texture": "#3"}
			}
		},
		{
			"from": [7.575, 3.3425, 6.1575],
			"to": [8.425, 3.3435, 8.9575],
			"rotation": {"angle": 0, "axis": "y", "origin": [8, 3.3425, 4.245]},
			"faces": {
				"north": {"uv": [11, 15, 12, 15], "texture": "#3"},
				"east": {"uv": [9, 15, 15, 15], "texture": "#3"},
				"south": {"uv": [12, 15, 13, 15], "texture": "#3"},
				"west": {"uv": [9, 15, 15, 15], "texture": "#3"},
				"up": {"uv": [9, 14, 8, 8], "texture": "#3"},
				"down": {"uv": [9, 8, 8, 14], "texture": "#3"}
			}
		}
	],
	"display": {
		"thirdperson_righthand": {
			"translation": [0, 4.75, 0.25],
			"scale": [0.81, 0.81, 0.81]
		},
		"thirdperson_lefthand": {
			"translation": [0, 4.75, 0.25],
			"scale": [0.81, 0.81, 0.81]
		},
		"firstperson_righthand": {
			"rotation": [0, -10, 0],
			"translation": [1, 8.25, 2.25],
			"scale": [1, 1, 0.93]
		},
		"firstperson_lefthand": {
			"rotation": [0, -10, 0],
			"translation": [1, 8.25, 2.25],
			"scale": [1, 1, 0.93]
		}
	},
	"groups": [
		0,
		1,
		2,
		{
			"name": "firework",
			"origin": [1, 6, 1],
			"color": 0,
			"children": [3, 4, 5, 6, 7, 8]
		}
	]
}