{
	"format_version": "1.21.11",
	"credit": "Made with Blockbench",
	"texture_size": [32, 32],
	"textures": {
		"2": "item/tool_sheen",
		"3": "item/enchanted_fishing_rod_hand",
		"4": "item/enchanted_warped_fungus_stick",
		"particle": "item/enchanted_fishing_rod_hand"
	},
	"elements": [
		{
			"from": [7, 0, 8.15],
			"to": [9, 13, 10.15],
			"shade": false,
			"rotation": {"angle": 0, "axis": "y", "origin": [6.725, 15.79713, 5.69382]},
			"faces": {
				"north": {"uv": [1, 9.5, 0, 16], "texture": "#3"},
				"east": {"uv": [0, 9.5, 1, 16], "texture": "#3"},
				"south": {"uv": [1, 9.5, 0, 16], "texture": "#3"},
				"west": {"uv": [0, 9.5, 1, 16], "texture": "#3"},
				"up": {"uv": [1, 10, 0, 9.5], "texture": "#3"},
				"down": {"uv": [1, 15.5, 0, 16], "texture": "#3"}
			}
		},
		{
			"from": [7.25, 13, 8.4],
			"to": [8.75, 30.975, 9.9],
			"shade": false,
			"rotation": {"angle": 0, "axis": "y", "origin": [6.725, 15.79713, 5.69382]},
			"faces": {
				"north": {"uv": [0, 0.5, 1, 9.5], "texture": "#3"},
				"east": {"uv": [1, 0.5, 0, 9.5], "texture": "#3"},
				"south": {"uv": [0, 0.5, 1, 9.5], "texture": "#3"},
				"west": {"uv": [1, 0.5, 0, 9.5], "texture": "#3"},
				"up": {"uv": [2, 1, 1, 0], "texture": "#3"},
				"down": {"uv": [1, 0, 0, 1], "texture": "#3"}
			}
		},
		{
			"from": [6.75, 9.6, 5.15],
			"to": [9.25, 12.6, 8.15],
			"shade": false,
			"rotation": {"angle": 42.5, "axis": "x", "origin": [6.725, 10.575, 6.65025]},
			"faces": {
				"north": {"uv": [1, 7.5, 2.5, 9], "texture": "#3"},
				"east": {"uv": [1, 7.5, 2.5, 9], "texture": "#3"},
				"south": {"uv": [1, 7.5, 2.5, 9], "texture": "#3"},
				"west": {"uv": [1, 7.5, 2.5, 9], "texture": "#3"},
				"up": {"uv": [2.5, 9, 1, 7.5], "texture": "#3"},
				"down": {"uv": [2.5, 7.5, 1, 9], "texture": "#3"}
			}
		},
		{
			"from": [9.25, 9.35, 4.9],
			"to": [10.35, 12.85, 8.4],
			"shade": false,
			"rotation": {"angle": 42.5, "axis": "x", "origin": [6.725, 10.575, 6.65025]},
			"faces": {
				"north": {"uv": [4.5, 7, 5, 9], "texture": "#3"},
				"east": {"uv": [2.5, 7, 4.5, 9], "texture": "#3"},
				"south": {"uv": [4.5, 7, 5, 9], "texture": "#3"},
				"west": {"uv": [2.5, 7, 4.5, 9], "texture": "#3"},
				"up": {"uv": [5, 7.5, 4.5, 7], "texture": "#3"},
				"down": {"uv": [5, 8.5, 4.5, 9], "texture": "#3"}
			}
		},
		{
			"from": [5.65, 9.35, 4.9],
			"to": [6.75, 12.85, 8.4],
			"shade": false,
			"rotation": {"angle": 42.5, "axis": "x", "origin": [6.725, 10.575, 6.65025]},
			"faces": {
				"north": {"uv": [4.5, 7, 5, 9], "texture": "#3"},
				"east": {"uv": [2.5, 7, 4.5, 9], "texture": "#3"},
				"south": {"uv": [4.5, 7, 5, 9], "texture": "#3"},
				"west": {"uv": [2.5, 7, 4.5, 9], "texture": "#3"},
				"up": {"uv": [5, 7.5, 4.5, 7], "texture": "#3"},
				"down": {"uv": [5, 8.5, 4.5, 9], "texture": "#3"}
			}
		},
		{
			"from": [8.35005, 12, 8.12495],
			"to": [7.65005, 30, 8.12505],
			"shade": false,
			"rotation": {"angle": 1.75, "axis": "x", "origin": [8.00005, 21, 8.125]},
			"faces": {
				"north": {"uv": [5.5, 6.5, 6, 16], "texture": "#3"},
				"east": {"uv": [0, 0, 0, 9.5], "texture": "#3"},
				"south": {"uv": [5.5, 6, 6, 16], "texture": "#3"},
				"west": {"uv": [0, 0, 0, 9.5], "texture": "#3"},
				"up": {"uv": [0, 0.5, 0, 0], "rotation": 90, "texture": "#3"},
				"down": {"uv": [0, 0, 0, 0.5], "rotation": 270, "texture": "#3"}
			}
		},
		{
			"from": [8.35005, 23.29995, -3.875],
			"to": [7.65005, 23.30005, 11.475],
			"shade": false,
			"rotation": {"angle": -31.75, "axis": "x", "origin": [7.00005, 21.3, -1.875]},
			"faces": {
				"north": {"uv": [0, 0, 0, 0.5], "rotation": 90, "texture": "#3"},
				"east": {"uv": [0, 1.39861, 0, 9.5], "rotation": 270, "texture": "#3"},
				"south": {"uv": [0, 0.5, 0, 0], "rotation": 90, "texture": "#3"},
				"west": {"uv": [0, 1.39861, 0, 9.5], "rotation": 90, "texture": "#3"},
				"up": {"uv": [5.5, 7.89861, 6, 16], "rotation": 180, "texture": "#3"},
				"down": {"uv": [5.5, 7.47222, 6, 16], "texture": "#3"}
			}
		},
		{
			"from": [1.65, 8.55, 6.65],
			"to": [5.65, 11.55, 6.651],
			"shade": false,
			"rotation": {"angle": 42.5, "axis": "x", "origin": [6.725, 10.575, 6.65025]},
			"faces": {
				"north": {"uv": [4, 9, 2, 10.5], "texture": "#3"},
				"east": {"uv": [0, 0, 0.0005, 1.5], "texture": "#3"},
				"south": {"uv": [2, 9, 4, 10.5], "texture": "#3"},
				"west": {"uv": [0, 0, 0.0005, 1.5], "texture": "#3"},
				"up": {"uv": [0, 0, 1.5, 0.0005], "texture": "#3"},
				"down": {"uv": [0, 0, 1.5, 0.0005], "texture": "#3"}
			}
		},
		{
			"from": [7.5, 13, 7.45],
			"to": [8.5, 29, 9.05],
			"shade": false,
			"rotation": {"angle": 0, "axis": "y", "origin": [6.725, 15.79713, 5.69382]},
			"faces": {
				"north": {"uv": [5, 6, 5.5, 14], "texture": "#3"},
				"east": {"uv": [5, 6, 5.5, 14], "texture": "#3"},
				"south": {"uv": [5, 6, 5.5, 14], "texture": "#3"},
				"west": {"uv": [5, 6, 5.5, 14], "texture": "#3"},
				"up": {"uv": [4.5, 5, 5.1, 5.55], "texture": "#3"},
				"down": {"uv": [4.5, 5, 5.1, 5.55], "texture": "#3"}
			}
		},
		{
			"name": "cube_outline",
			"from": [8.5, 29, 9.05],
			"to": [7.5, 13, 7.45],
			"shade": false,
			"rotation": {"angle": 0, "axis": "y", "origin": [6.725, 15.79713, 5.69382]},
			"faces": {
				"north": {"uv": [5, 6, 5.5, 14], "rotation": 180, "texture": "#3"},
				"east": {"uv": [5, 6, 5.5, 14], "rotation": 180, "texture": "#3"},
				"south": {"uv": [5, 6, 5.5, 14], "rotation": 180, "texture": "#3"},
				"west": {"uv": [5, 6, 5.5, 14], "rotation": 180, "texture": "#3"},
				"up": {"uv": [4.5, 5, 5.1, 5.55], "rotation": 180, "texture": "#3"},
				"down": {"uv": [4.5, 5, 5.1, 5.55], "rotation": 180, "texture": "#3"}
			}
		},
		{
			"from": [7, 18, -7],
			"to": [9, 21, -5],
			"rotation": {"x": 57.5, "y": 0, "z": 0, "origin": [8, 21, -6]},
			"faces": {
				"north": {"uv": [6, 6, 8, 9], "texture": "#4"},
				"east": {"uv": [6, 6, 8, 9], "texture": "#4"},
				"south": {"uv": [6, 6, 8, 9], "texture": "#4"},
				"west": {"uv": [6, 6, 8, 9], "texture": "#4"},
				"up": {"uv": [10, 8, 8, 6], "texture": "#4"},
				"down": {"uv": [10, 6, 8, 8], "texture": "#4"}
			}
		},
		{
			"from": [5, 21, -9],
			"to": [11, 24, -3],
			"rotation": {"x": 57.5, "y": 0, "z": 0, "origin": [8, 21, -6]},
			"faces": {
				"north": {"uv": [6, 0, 12, 3], "texture": "#4"},
				"east": {"uv": [6, 3, 12, 6], "texture": "#4"},
				"south": {"uv": [6, 0, 12, 3], "texture": "#4"},
				"west": {"uv": [6, 3, 12, 6], "texture": "#4"},
				"up": {"uv": [6, 6, 0, 0], "texture": "#4"},
				"down": {"uv": [6, 6, 0, 12], "texture": "#4"}
			}
		},
		{
			"name": "cube_outline",
			"from": [9.1, 21.1, -4.9],
			"to": [6.9, 17.9, -7.1],
			"rotation": {"x": 57.5, "y": 0, "z": 0, "origin": [8, 21, -6]},
			"faces": {
				"north": {"uv": [12, 5, 14, 7], "rotation": 180, "texture": "#2"},
				"east": {"uv": [12, 5, 14, 7], "rotation": 180, "texture": "#2"},
				"south": {"uv": [12, 5, 14, 7], "rotation": 180, "texture": "#2"},
				"west": {"uv": [12, 5, 14, 7], "rotation": 180, "texture": "#2"},
				"up": {"uv": [14, 5, 12, 7], "rotation": 180, "texture": "#2"},
				"down": {"uv": [14, 7, 12, 5], "rotation": 180, "texture": "#2"}
			}
		},
		{
			"name": "cube_outline",
			"from": [11.1, 24.1, -2.9],
			"to": [4.9, 20.9, -9.1],
			"rotation": {"x": 57.5, "y": 0, "z": 0, "origin": [8, 21, -6]},
			"faces": {
				"north": {"uv": [12, 5, 14, 7], "rotation": 180, "texture": "#2"},
				"east": {"uv": [12, 5, 14, 7], "rotation": 180, "texture": "#2"},
				"south": {"uv": [12, 5, 14, 7], "rotation": 180, "texture": "#2"},
				"west": {"uv": [12, 5, 14, 7], "rotation": 180, "texture": "#2"},
				"up": {"uv": [14, 5, 12, 7], "rotation": 180, "texture": "#2"},
				"down": {"uv": [14, 7, 12, 5], "rotation": 180, "texture": "#2"}
			}
		},
		{
			"name": "cube_outline",
			"from": [9.1, 21.1, -4.9],
			"to": [6.9, 17.9, -7.1],
			"rotation": {"x": 57.5, "y": 0, "z": 0, "origin": [8, 21, -6]},
			"faces": {
				"north": {"uv": [12, 5, 14, 7], "rotation": 180, "texture": "#2"},
				"east": {"uv": [12, 5, 14, 7], "rotation": 180, "texture": "#2"},
				"south": {"uv": [12, 5, 14, 7], "rotation": 180, "texture": "#2"},
				"west": {"uv": [12, 5, 14, 7], "rotation": 180, "texture": "#2"},
				"up": {"uv": [14, 5, 12, 7], "rotation": 180, "texture": "#2"},
				"down": {"uv": [14, 7, 12, 5], "rotation": 180, "texture": "#2"}
			}
		},
		{
			"name": "cube_outline",
			"from": [11.1, 24.1, -2.9],
			"to": [4.9, 20.9, -9.1],
			"rotation": {"x": 57.5, "y": 0, "z": 0, "origin": [8, 21, -6]},
			"faces": {
				"north": {"uv": [12, 5, 14, 7], "rotation": 180, "texture": "#2"},
				"east": {"uv": [12, 5, 14, 7], "rotation": 180, "texture": "#2"},
				"south": {"uv": [12, 5, 14, 7], "rotation": 180, "texture": "#2"},
				"west": {"uv": [12, 5, 14, 7], "rotation": 180, "texture": "#2"},
				"up": {"uv": [14, 5, 12, 7], "rotation": 180, "texture": "#2"},
				"down": {"uv": [14, 7, 12, 5], "rotation": 180, "texture": "#2"}
			}
		},
		{
			"name": "cube_outline",
			"from": [9.1, 21.1, -4.9],
			"to": [6.9, 17.9, -7.1],
			"rotation": {"x": 57.5, "y": 0, "z": 0, "origin": [8, 21, -6]},
			"faces": {
				"north": {"uv": [12, 5, 14, 7], "rotation": 180, "texture": "#2"},
				"east": {"uv": [12, 5, 14, 7], "rotation": 180, "texture": "#2"},
				"south": {"uv": [12, 5, 14, 7], "rotation": 180, "texture": "#2"},
				"west": {"uv": [12, 5, 14, 7], "rotation": 180, "texture": "#2"},
				"up": {"uv": [14, 5, 12, 7], "rotation": 180, "texture": "#2"},
				"down": {"uv": [14, 7, 12, 5], "rotation": 180, "texture": "#2"}
			}
		},
		{
			"name": "cube_outline",
			"from": [11.1, 24.1, -2.9],
			"to": [4.9, 20.9, -9.1],
			"rotation": {"x": 57.5, "y": 0, "z": 0, "origin": [8, 21, -6]},
			"faces": {
				"north": {"uv": [12, 5, 14, 7], "rotation": 180, "texture": "#2"},
				"east": {"uv": [12, 5, 14, 7], "rotation": 180, "texture": "#2"},
				"south": {"uv": [12, 5, 14, 7], "rotation": 180, "texture": "#2"},
				"west": {"uv": [12, 5, 14, 7], "rotation": 180, "texture": "#2"},
				"up": {"uv": [14, 5, 12, 7], "rotation": 180, "texture": "#2"},
				"down": {"uv": [14, 7, 12, 5], "rotation": 180, "texture": "#2"}
			}
		},
		{
			"name": "cube_outline",
			"from": [8.6, 28.1, 8.35],
			"to": [7.4, 26.9, 7.35],
			"light_emission": 15,
			"rotation": {"angle": 0, "axis": "y", "origin": [7, 26, 6.4]},
			"faces": {
				"north": {"uv": [12.3, 5.3, 13.5, 6.5], "rotation": 90, "texture": "#2"},
				"east": {"uv": [12.35, 5.2, 13.4, 6.4], "rotation": 180, "texture": "#2"},
				"south": {"uv": [12.2, 5.1, 13.4, 6.3], "rotation": 180, "texture": "#2"},
				"west": {"uv": [12.3, 5.2, 13.35, 6.4], "rotation": 180, "texture": "#2"},
				"up": {"uv": [12, 5, 14, 6.95], "rotation": 180, "texture": "#2"},
				"down": {"uv": [12.2, 5.25, 13.4, 6.3], "rotation": 180, "texture": "#2"}
			}
		},
		{
			"name": "cube_outline",
			"from": [8.6, 22.1, 8.35],
			"to": [7.4, 20.9, 7.35],
			"light_emission": 15,
			"rotation": {"angle": 0, "axis": "y", "origin": [7, 20, 6.4]},
			"faces": {
				"north": {"uv": [12.3, 5.3, 13.5, 6.5], "rotation": 90, "texture": "#2"},
				"east": {"uv": [12.35, 5.2, 13.4, 6.4], "rotation": 180, "texture": "#2"},
				"south": {"uv": [12.2, 5.1, 13.4, 6.3], "rotation": 180, "texture": "#2"},
				"west": {"uv": [12.3, 5.2, 13.35, 6.4], "rotation": 180, "texture": "#2"},
				"up": {"uv": [12, 5, 14, 6.95], "rotation": 180, "texture": "#2"},
				"down": {"uv": [12.2, 5.25, 13.4, 6.3], "rotation": 180, "texture": "#2"}
			}
		},
		{
			"name": "cube_outline",
			"from": [8.6, 16.1, 8.35],
			"to": [7.4, 14.9, 7.35],
			"light_emission": 15,
			"rotation": {"angle": 0, "axis": "y", "origin": [7, 14, 6.4]},
			"faces": {
				"north": {"uv": [12.3, 5.3, 13.5, 6.5], "rotation": 90, "texture": "#2"},
				"east": {"uv": [12.35, 5.2, 13.4, 6.4], "rotation": 180, "texture": "#2"},
				"south": {"uv": [12.2, 5.1, 13.4, 6.3], "rotation": 180, "texture": "#2"},
				"west": {"uv": [12.3, 5.2, 13.35, 6.4], "rotation": 180, "texture": "#2"},
				"up": {"uv": [12, 5, 14, 6.95], "rotation": 180, "texture": "#2"},
				"down": {"uv": [12.2, 5.25, 13.4, 6.3], "rotation": 180, "texture": "#2"}
			}
		},
		{
			"name": "cube_outline",
			"from": [8.85, 31.075, 10],
			"to": [7.15, 12.9, 8.3],
			"rotation": {"angle": 0, "axis": "y", "origin": [6.725, 15.79713, 5.69382]},
			"faces": {
				"north": {"uv": [12, 5.5, 14, 6.5], "rotation": 180, "texture": "#2"},
				"east": {"uv": [14, 5.5, 12, 6.5], "rotation": 180, "texture": "#2"},
				"south": {"uv": [12, 5.5, 14, 6.5], "rotation": 180, "texture": "#2"},
				"west": {"uv": [14, 5.5, 12, 6.5], "rotation": 180, "texture": "#2"},
				"up": {"uv": [13, 5, 12, 6], "rotation": 180, "texture": "#2"},
				"down": {"uv": [14, 6, 13, 5], "rotation": 180, "texture": "#2"}
			}
		},
		{
			"name": "cube_outline",
			"from": [6.85, 12.95, 8.5],
			"to": [5.55, 9.25, 4.8],
			"rotation": {"angle": 42.5, "axis": "x", "origin": [6.725, 10.575, 6.65025]},
			"faces": {
				"north": {"uv": [13.5, 5, 14, 7], "rotation": 180, "texture": "#2"},
				"east": {"uv": [12.5, 5, 13.5, 7], "rotation": 180, "texture": "#2"},
				"south": {"uv": [13.5, 5, 14, 7], "rotation": 180, "texture": "#2"},
				"west": {"uv": [12.5, 5, 13.5, 7], "rotation": 180, "texture": "#2"},
				"up": {"uv": [14, 6.5, 13.5, 7], "rotation": 180, "texture": "#2"},
				"down": {"uv": [14, 5.5, 13.5, 5], "rotation": 180, "texture": "#2"}
			}
		},
		{
			"name": "cube_outline",
			"from": [10.45, 12.95, 8.5],
			"to": [9.15, 9.25, 4.8],
			"rotation": {"angle": 42.5, "axis": "x", "origin": [6.725, 10.575, 6.65025]},
			"faces": {
				"north": {"uv": [13.5, 5, 14, 7], "rotation": 180, "texture": "#2"},
				"east": {"uv": [12.5, 5, 13.5, 7], "rotation": 180, "texture": "#2"},
				"south": {"uv": [13.5, 5, 14, 7], "rotation": 180, "texture": "#2"},
				"west": {"uv": [12.5, 5, 13.5, 7], "rotation": 180, "texture": "#2"},
				"up": {"uv": [14, 6.5, 13.5, 7], "rotation": 180, "texture": "#2"},
				"down": {"uv": [14, 5.5, 13.5, 5], "rotation": 180, "texture": "#2"}
			}
		},
		{
			"name": "cube_outline",
			"from": [4.75, 9.65, 6.751],
			"to": [1.55, 8.45, 6.55],
			"rotation": {"angle": 42.5, "axis": "x", "origin": [6.725, 10.575, 6.65025]},
			"faces": {
				"north": {"uv": [12, 5, 14, 6.5], "rotation": 180, "texture": "#2"},
				"east": {"uv": [12, 5, 14.0005, 6.5], "rotation": 180, "texture": "#2"},
				"south": {"uv": [14, 5, 12, 6.5], "rotation": 180, "texture": "#2"},
				"west": {"uv": [12, 5, 14.0005, 6.5], "rotation": 180, "texture": "#2"},
				"up": {"uv": [12.2, 5.5, 13.7, 6.5005], "rotation": 180, "texture": "#2"},
				"down": {"uv": [13.05, 5.525, 14.55, 6.5255], "rotation": 180, "texture": "#2"}
			}
		},
		{
			"name": "cube_outline",
			"from": [9.1, 13.1, 10.25],
			"to": [8.7, -0.1, 8.64382],
			"light_emission": 15,
			"rotation": {"angle": 0, "axis": "y", "origin": [6.725, 15.79713, 5.69382]},
			"faces": {
				"north": {"uv": [13, 5.5, 12.73864, 7], "rotation": 180, "texture": "#2"},
				"east": {"uv": [12, 5.5, 12.73008, 7], "rotation": 180, "texture": "#2"},
				"south": {"uv": [12.26136, 5.5, 12, 7], "rotation": 180, "texture": "#2"},
				"west": {"uv": [12.26992, 5.5, 13, 7], "rotation": 180, "texture": "#2"},
				"up": {"uv": [13.26136, 6.63496, 13, 7], "rotation": 180, "texture": "#2"},
				"down": {"uv": [12.26136, 6, 12, 5.26992], "rotation": 180, "texture": "#2"}
			}
		},
		{
			"name": "cube_outline",
			"from": [9.1, 13.1, 8.81882],
			"to": [6.9, -0.1, 8.05],
			"light_emission": 15,
			"rotation": {"angle": 0, "axis": "y", "origin": [6.725, 15.79713, 5.69382]},
			"faces": {
				"north": {"uv": [13, 5.5, 12, 7], "rotation": 180, "texture": "#2"},
				"east": {"uv": [12.73008, 5.5, 13, 7], "rotation": 180, "texture": "#2"},
				"south": {"uv": [13, 5.5, 12, 7], "rotation": 180, "texture": "#2"},
				"west": {"uv": [12, 5.5, 12.26992, 7], "rotation": 180, "texture": "#2"},
				"up": {"uv": [14, 6.5, 13, 6.63496], "rotation": 180, "texture": "#2"},
				"down": {"uv": [13, 5.26992, 12, 5], "rotation": 180, "texture": "#2"}
			}
		},
		{
			"name": "cube_outline",
			"from": [8.525, 13.1, 10.25],
			"to": [6.9, -0.1, 8.64382],
			"light_emission": 15,
			"rotation": {"angle": 0, "axis": "y", "origin": [6.725, 15.79713, 5.69382]},
			"faces": {
				"north": {"uv": [12.73864, 5.5, 12, 7], "rotation": 180, "texture": "#2"},
				"east": {"uv": [12, 5.5, 12.73008, 7], "rotation": 180, "texture": "#2"},
				"south": {"uv": [10, 6.5, 9.26136, 8], "rotation": 180, "texture": "#2"},
				"west": {"uv": [12.26992, 8.5, 13, 10], "rotation": 180, "texture": "#2"},
				"up": {"uv": [14, 6.63496, 13.26136, 7], "rotation": 180, "texture": "#2"},
				"down": {"uv": [9, 6, 8.26136, 5.26992], "rotation": 180, "texture": "#2"}
			}
		},
		{
			"name": "cube_outline",
			"from": [4.75, 11.625, 6.751],
			"to": [3.55, 9.65, 6.55],
			"rotation": {"angle": 42.5, "axis": "x", "origin": [6.725, 10.575, 6.65025]},
			"faces": {
				"north": {"uv": [12, 5, 14, 6.5], "rotation": 180, "texture": "#2"},
				"east": {"uv": [12, 5, 14.0005, 6.5], "rotation": 180, "texture": "#2"},
				"south": {"uv": [14, 5, 12, 6.5], "rotation": 180, "texture": "#2"},
				"west": {"uv": [11.95, 4.125, 13.9505, 5.625], "rotation": 180, "texture": "#2"},
				"up": {"uv": [10.2, 5.5, 11.7, 6.5005], "rotation": 180, "texture": "#2"},
				"down": {"uv": [12.2, 5.5, 13.7, 6.5005], "rotation": 180, "texture": "#2"}
			}
		},
		{
			"name": "cube_outline",
			"from": [5.05, 11.625, 6.751],
			"to": [4.75, 10.45, 6.55],
			"light_emission": 15,
			"rotation": {"angle": 42.5, "axis": "x", "origin": [6.725, 10.575, 6.65025]},
			"faces": {
				"north": {"uv": [13.1, 5.05, 15.1, 6.55], "rotation": 180, "texture": "#2"},
				"east": {"uv": [13.9995, 5, 16, 6.5], "rotation": 180, "texture": "#2"},
				"south": {"uv": [14, 5, 12, 6.5], "rotation": 180, "texture": "#2"},
				"west": {"uv": [9, 5, 11.0005, 6.5], "rotation": 180, "texture": "#2"},
				"up": {"uv": [11.95, 5.55, 13.45, 6.5505], "rotation": 180, "texture": "#2"},
				"down": {"uv": [11.2, 5.5, 12.7, 6.5005], "rotation": 180, "texture": "#2"}
			}
		},
		{
			"name": "cube_outline",
			"from": [5.05, 11.625, 6.751],
			"to": [4.75, 10.45, 6.55],
			"light_emission": 15,
			"rotation": {"angle": 42.5, "axis": "x", "origin": [6.725, 10.575, 6.65025]},
			"faces": {
				"north": {"uv": [13.1, 5.05, 15.1, 6.55], "rotation": 180, "texture": "#2"},
				"east": {"uv": [13.9995, 5, 16, 6.5], "rotation": 180, "texture": "#2"},
				"south": {"uv": [14, 5, 12, 6.5], "rotation": 180, "texture": "#2"},
				"west": {"uv": [9, 5, 11.0005, 6.5], "rotation": 180, "texture": "#2"},
				"up": {"uv": [11.95, 5.55, 13.45, 6.5505], "rotation": 180, "texture": "#2"},
				"down": {"uv": [11.2, 5.5, 12.7, 6.5005], "rotation": 180, "texture": "#2"}
			}
		},
		{
			"name": "cube_outline",
			"from": [5.05, 11.625, 6.751],
			"to": [4.75, 10.45, 6.55],
			"light_emission": 15,
			"rotation": {"angle": 42.5, "axis": "x", "origin": [6.725, 10.575, 6.65025]},
			"faces": {
				"north": {"uv": [13.1, 5.05, 15.1, 6.55], "rotation": 180, "texture": "#2"},
				"east": {"uv": [13.9995, 5, 16, 6.5], "rotation": 180, "texture": "#2"},
				"south": {"uv": [14, 5, 12, 6.5], "rotation": 180, "texture": "#2"},
				"west": {"uv": [9, 5, 11.0005, 6.5], "rotation": 180, "texture": "#2"},
				"up": {"uv": [11.95, 5.55, 13.45, 6.5505], "rotation": 180, "texture": "#2"},
				"down": {"uv": [11.2, 5.5, 12.7, 6.5005], "rotation": 180, "texture": "#2"}
			}
		},
		{
			"name": "cube_outline",
			"from": [8.6, 28.1, 8.35],
			"to": [7.4, 26.9, 7.35],
			"light_emission": 15,
			"rotation": {"angle": 0, "axis": "y", "origin": [7, 26, 6.4]},
			"faces": {
				"north": {"uv": [12.3, 5.3, 13.5, 6.5], "rotation": 90, "texture": "#2"},
				"east": {"uv": [12.35, 5.2, 13.4, 6.4], "rotation": 180, "texture": "#2"},
				"south": {"uv": [12.2, 5.1, 13.4, 6.3], "rotation": 180, "texture": "#2"},
				"west": {"uv": [12.3, 5.2, 13.35, 6.4], "rotation": 180, "texture": "#2"},
				"up": {"uv": [12, 5, 14, 6.95], "rotation": 180, "texture": "#2"},
				"down": {"uv": [12.2, 5.25, 13.4, 6.3], "rotation": 180, "texture": "#2"}
			}
		},
		{
			"name": "cube_outline",
			"from": [8.6, 22.1, 8.35],
			"to": [7.4, 20.9, 7.35],
			"light_emission": 15,
			"rotation": {"angle": 0, "axis": "y", "origin": [7, 20, 6.4]},
			"faces": {
				"north": {"uv": [12.3, 5.3, 13.5, 6.5], "rotation": 90, "texture": "#2"},
				"east": {"uv": [12.35, 5.2, 13.4, 6.4], "rotation": 180, "texture": "#2"},
				"south": {"uv": [12.2, 5.1, 13.4, 6.3], "rotation": 180, "texture": "#2"},
				"west": {"uv": [12.3, 5.2, 13.35, 6.4], "rotation": 180, "texture": "#2"},
				"up": {"uv": [12, 5, 14, 6.95], "rotation": 180, "texture": "#2"},
				"down": {"uv": [12.2, 5.25, 13.4, 6.3], "rotation": 180, "texture": "#2"}
			}
		},
		{
			"name": "cube_outline",
			"from": [8.6, 16.1, 8.35],
			"to": [7.4, 14.9, 7.35],
			"light_emission": 15,
			"rotation": {"angle": 0, "axis": "y", "origin": [7, 14, 6.4]},
			"faces": {
				"north": {"uv": [12.3, 5.3, 13.5, 6.5], "rotation": 90, "texture": "#2"},
				"east": {"uv": [12.35, 5.2, 13.4, 6.4], "rotation": 180, "texture": "#2"},
				"south": {"uv": [12.2, 5.1, 13.4, 6.3], "rotation": 180, "texture": "#2"},
				"west": {"uv": [12.3, 5.2, 13.35, 6.4], "rotation": 180, "texture": "#2"},
				"up": {"uv": [12, 5, 14, 6.95], "rotation": 180, "texture": "#2"},
				"down": {"uv": [12.2, 5.25, 13.4, 6.3], "rotation": 180, "texture": "#2"}
			}
		},
		{
			"name": "cube_outline",
			"from": [8.85, 31.075, 10],
			"to": [7.15, 12.9, 8.3],
			"rotation": {"angle": 0, "axis": "y", "origin": [6.725, 15.79713, 5.69382]},
			"faces": {
				"north": {"uv": [12, 5.5, 14, 6.5], "rotation": 180, "texture": "#2"},
				"east": {"uv": [14, 5.5, 12, 6.5], "rotation": 180, "texture": "#2"},
				"south": {"uv": [12, 5.5, 14, 6.5], "rotation": 180, "texture": "#2"},
				"west": {"uv": [14, 5.5, 12, 6.5], "rotation": 180, "texture": "#2"},
				"up": {"uv": [13, 5, 12, 6], "rotation": 180, "texture": "#2"},
				"down": {"uv": [14, 6, 13, 5], "rotation": 180, "texture": "#2"}
			}
		},
		{
			"name": "cube_outline",
			"from": [6.85, 12.95, 8.5],
			"to": [5.55, 9.25, 4.8],
			"rotation": {"angle": 42.5, "axis": "x", "origin": [6.725, 10.575, 6.65025]},
			"faces": {
				"north": {"uv": [13.5, 5, 14, 7], "rotation": 180, "texture": "#2"},
				"east": {"uv": [12.5, 5, 13.5, 7], "rotation": 180, "texture": "#2"},
				"south": {"uv": [13.5, 5, 14, 7], "rotation": 180, "texture": "#2"},
				"west": {"uv": [12.5, 5, 13.5, 7], "rotation": 180, "texture": "#2"},
				"up": {"uv": [14, 6.5, 13.5, 7], "rotation": 180, "texture": "#2"},
				"down": {"uv": [14, 5.5, 13.5, 5], "rotation": 180, "texture": "#2"}
			}
		},
		{
			"name": "cube_outline",
			"from": [10.45, 12.95, 8.5],
			"to": [9.15, 9.25, 4.8],
			"rotation": {"angle": 42.5, "axis": "x", "origin": [6.725, 10.575, 6.65025]},
			"faces": {
				"north": {"uv": [13.5, 5, 14, 7], "rotation": 180, "texture": "#2"},
				"east": {"uv": [12.5, 5, 13.5, 7], "rotation": 180, "texture": "#2"},
				"south": {"uv": [13.5, 5, 14, 7], "rotation": 180, "texture": "#2"},
				"west": {"uv": [12.5, 5, 13.5, 7], "rotation": 180, "texture": "#2"},
				"up": {"uv": [14, 6.5, 13.5, 7], "rotation": 180, "texture": "#2"},
				"down": {"uv": [14, 5.5, 13.5, 5], "rotation": 180, "texture": "#2"}
			}
		},
		{
			"name": "cube_outline",
			"from": [4.75, 9.65, 6.751],
			"to": [1.55, 8.45, 6.55],
			"rotation": {"angle": 42.5, "axis": "x", "origin": [6.725, 10.575, 6.65025]},
			"faces": {
				"north": {"uv": [12, 5, 14, 6.5], "rotation": 180, "texture": "#2"},
				"east": {"uv": [12, 5, 14.0005, 6.5], "rotation": 180, "texture": "#2"},
				"south": {"uv": [14, 5, 12, 6.5], "rotation": 180, "texture": "#2"},
				"west": {"uv": [12, 5, 14.0005, 6.5], "rotation": 180, "texture": "#2"},
				"up": {"uv": [12.2, 5.5, 13.7, 6.5005], "rotation": 180, "texture": "#2"},
				"down": {"uv": [13.05, 5.525, 14.55, 6.5255], "rotation": 180, "texture": "#2"}
			}
		},
		{
			"name": "cube_outline",
			"from": [9.1, 13.1, 10.25],
			"to": [8.7, -0.1, 8.64382],
			"light_emission": 15,
			"rotation": {"angle": 0, "axis": "y", "origin": [6.725, 15.79713, 5.69382]},
			"faces": {
				"north": {"uv": [13, 5.5, 12.73864, 7], "rotation": 180, "texture": "#2"},
				"east": {"uv": [12, 5.5, 12.73008, 7], "rotation": 180, "texture": "#2"},
				"south": {"uv": [12.26136, 5.5, 12, 7], "rotation": 180, "texture": "#2"},
				"west": {"uv": [12.26992, 5.5, 13, 7], "rotation": 180, "texture": "#2"},
				"up": {"uv": [13.26136, 6.63496, 13, 7], "rotation": 180, "texture": "#2"},
				"down": {"uv": [12.26136, 6, 12, 5.26992], "rotation": 180, "texture": "#2"}
			}
		},
		{
			"name": "cube_outline",
			"from": [9.1, 13.1, 8.81882],
			"to": [6.9, -0.1, 8.05],
			"light_emission": 15,
			"rotation": {"angle": 0, "axis": "y", "origin": [6.725, 15.79713, 5.69382]},
			"faces": {
				"north": {"uv": [13, 5.5, 12, 7], "rotation": 180, "texture": "#2"},
				"east": {"uv": [12.73008, 5.5, 13, 7], "rotation": 180, "texture": "#2"},
				"south": {"uv": [13, 5.5, 12, 7], "rotation": 180, "texture": "#2"},
				"west": {"uv": [12, 5.5, 12.26992, 7], "rotation": 180, "texture": "#2"},
				"up": {"uv": [14, 6.5, 13, 6.63496], "rotation": 180, "texture": "#2"},
				"down": {"uv": [13, 5.26992, 12, 5], "rotation": 180, "texture": "#2"}
			}
		},
		{
			"name": "cube_outline",
			"from": [8.525, 13.1, 10.25],
			"to": [6.9, -0.1, 8.64382],
			"light_emission": 15,
			"rotation": {"angle": 0, "axis": "y", "origin": [6.725, 15.79713, 5.69382]},
			"faces": {
				"north": {"uv": [12.73864, 5.5, 12, 7], "rotation": 180, "texture": "#2"},
				"east": {"uv": [12, 5.5, 12.73008, 7], "rotation": 180, "texture": "#2"},
				"south": {"uv": [10, 6.5, 9.26136, 8], "rotation": 180, "texture": "#2"},
				"west": {"uv": [12.26992, 8.5, 13, 10], "rotation": 180, "texture": "#2"},
				"up": {"uv": [14, 6.63496, 13.26136, 7], "rotation": 180, "texture": "#2"},
				"down": {"uv": [9, 6, 8.26136, 5.26992], "rotation": 180, "texture": "#2"}
			}
		},
		{
			"name": "cube_outline",
			"from": [4.75, 11.625, 6.751],
			"to": [3.55, 9.65, 6.55],
			"rotation": {"angle": 42.5, "axis": "x", "origin": [6.725, 10.575, 6.65025]},
			"faces": {
				"north": {"uv": [12, 5, 14, 6.5], "rotation": 180, "texture": "#2"},
				"east": {"uv": [12, 5, 14.0005, 6.5], "rotation": 180, "texture": "#2"},
				"south": {"uv": [14, 5, 12, 6.5], "rotation": 180, "texture": "#2"},
				"west": {"uv": [11.95, 4.125, 13.9505, 5.625], "rotation": 180, "texture": "#2"},
				"up": {"uv": [10.2, 5.5, 11.7, 6.5005], "rotation": 180, "texture": "#2"},
				"down": {"uv": [12.2, 5.5, 13.7, 6.5005], "rotation": 180, "texture": "#2"}
			}
		},
		{
			"name": "cube_outline",
			"from": [8.6, 28.1, 8.35],
			"to": [7.4, 26.9, 7.35],
			"light_emission": 15,
			"rotation": {"angle": 0, "axis": "y", "origin": [7, 26, 6.4]},
			"faces": {
				"north": {"uv": [12.3, 5.3, 13.5, 6.5], "rotation": 90, "texture": "#2"},
				"east": {"uv": [12.35, 5.2, 13.4, 6.4], "rotation": 180, "texture": "#2"},
				"south": {"uv": [12.2, 5.1, 13.4, 6.3], "rotation": 180, "texture": "#2"},
				"west": {"uv": [12.3, 5.2, 13.35, 6.4], "rotation": 180, "texture": "#2"},
				"up": {"uv": [12, 5, 14, 6.95], "rotation": 180, "texture": "#2"},
				"down": {"uv": [12.2, 5.25, 13.4, 6.3], "rotation": 180, "texture": "#2"}
			}
		},
		{
			"name": "cube_outline",
			"from": [8.6, 22.1, 8.35],
			"to": [7.4, 20.9, 7.35],
			"light_emission": 15,
			"rotation": {"angle": 0, "axis": "y", "origin": [7, 20, 6.4]},
			"faces": {
				"north": {"uv": [12.3, 5.3, 13.5, 6.5], "rotation": 90, "texture": "#2"},
				"east": {"uv": [12.35, 5.2, 13.4, 6.4], "rotation": 180, "texture": "#2"},
				"south": {"uv": [12.2, 5.1, 13.4, 6.3], "rotation": 180, "texture": "#2"},
				"west": {"uv": [12.3, 5.2, 13.35, 6.4], "rotation": 180, "texture": "#2"},
				"up": {"uv": [12, 5, 14, 6.95], "rotation": 180, "texture": "#2"},
				"down": {"uv": [12.2, 5.25, 13.4, 6.3], "rotation": 180, "texture": "#2"}
			}
		},
		{
			"name": "cube_outline",
			"from": [8.6, 16.1, 8.35],
			"to": [7.4, 14.9, 7.35],
			"light_emission": 15,
			"rotation": {"angle": 0, "axis": "y", "origin": [7, 14, 6.4]},
			"faces": {
				"north": {"uv": [12.3, 5.3, 13.5, 6.5], "rotation": 90, "texture": "#2"},
				"east": {"uv": [12.35, 5.2, 13.4, 6.4], "rotation": 180, "texture": "#2"},
				"south": {"uv": [12.2, 5.1, 13.4, 6.3], "rotation": 180, "texture": "#2"},
				"west": {"uv": [12.3, 5.2, 13.35, 6.4], "rotation": 180, "texture": "#2"},
				"up": {"uv": [12, 5, 14, 6.95], "rotation": 180, "texture": "#2"},
				"down": {"uv": [12.2, 5.25, 13.4, 6.3], "rotation": 180, "texture": "#2"}
			}
		},
		{
			"name": "cube_outline",
			"from": [8.85, 31.075, 10],
			"to": [7.15, 12.9, 8.3],
			"rotation": {"angle": 0, "axis": "y", "origin": [6.725, 15.79713, 5.69382]},
			"faces": {
				"north": {"uv": [12, 5.5, 14, 6.5], "rotation": 180, "texture": "#2"},
				"east": {"uv": [14, 5.5, 12, 6.5], "rotation": 180, "texture": "#2"},
				"south": {"uv": [12, 5.5, 14, 6.5], "rotation": 180, "texture": "#2"},
				"west": {"uv": [14, 5.5, 12, 6.5], "rotation": 180, "texture": "#2"},
				"up": {"uv": [13, 5, 12, 6], "rotation": 180, "texture": "#2"},
				"down": {"uv": [14, 6, 13, 5], "rotation": 180, "texture": "#2"}
			}
		},
		{
			"name": "cube_outline",
			"from": [6.85, 12.95, 8.5],
			"to": [5.55, 9.25, 4.8],
			"rotation": {"angle": 42.5, "axis": "x", "origin": [6.725, 10.575, 6.65025]},
			"faces": {
				"north": {"uv": [13.5, 5, 14, 7], "rotation": 180, "texture": "#2"},
				"east": {"uv": [12.5, 5, 13.5, 7], "rotation": 180, "texture": "#2"},
				"south": {"uv": [13.5, 5, 14, 7], "rotation": 180, "texture": "#2"},
				"west": {"uv": [12.5, 5, 13.5, 7], "rotation": 180, "texture": "#2"},
				"up": {"uv": [14, 6.5, 13.5, 7], "rotation": 180, "texture": "#2"},
				"down": {"uv": [14, 5.5, 13.5, 5], "rotation": 180, "texture": "#2"}
			}
		},
		{
			"name": "cube_outline",
			"from": [10.45, 12.95, 8.5],
			"to": [9.15, 9.25, 4.8],
			"rotation": {"angle": 42.5, "axis": "x", "origin": [6.725, 10.575, 6.65025]},
			"faces": {
				"north": {"uv": [13.5, 5, 14, 7], "rotation": 180, "texture": "#2"},
				"east": {"uv": [12.5, 5, 13.5, 7], "rotation": 180, "texture": "#2"},
				"south": {"uv": [13.5, 5, 14, 7], "rotation": 180, "texture": "#2"},
				"west": {"uv": [12.5, 5, 13.5, 7], "rotation": 180, "texture": "#2"},
				"up": {"uv": [14, 6.5, 13.5, 7], "rotation": 180, "texture": "#2"},
				"down": {"uv": [14, 5.5, 13.5, 5], "rotation": 180, "texture": "#2"}
			}
		},
		{
			"name": "cube_outline",
			"from": [4.75, 9.65, 6.751],
			"to": [1.55, 8.45, 6.55],
			"rotation": {"angle": 42.5, "axis": "x", "origin": [6.725, 10.575, 6.65025]},
			"faces": {
				"north": {"uv": [12, 5, 14, 6.5], "rotation": 180, "texture": "#2"},
				"east": {"uv": [12, 5, 14.0005, 6.5], "rotation": 180, "texture": "#2"},
				"south": {"uv": [14, 5, 12, 6.5], "rotation": 180, "texture": "#2"},
				"west": {"uv": [12, 5, 14.0005, 6.5], "rotation": 180, "texture": "#2"},
				"up": {"uv": [12.2, 5.5, 13.7, 6.5005], "rotation": 180, "texture": "#2"},
				"down": {"uv": [13.05, 5.525, 14.55, 6.5255], "rotation": 180, "texture": "#2"}
			}
		},
		{
			"name": "cube_outline",
			"from": [9.1, 13.1, 10.25],
			"to": [8.7, -0.1, 8.64382],
			"light_emission": 15,
			"rotation": {"angle": 0, "axis": "y", "origin": [6.725, 15.79713, 5.69382]},
			"faces": {
				"north": {"uv": [13, 5.5, 12.73864, 7], "rotation": 180, "texture": "#2"},
				"east": {"uv": [12, 5.5, 12.73008, 7], "rotation": 180, "texture": "#2"},
				"south": {"uv": [12.26136, 5.5, 12, 7], "rotation": 180, "texture": "#2"},
				"west": {"uv": [12.26992, 5.5, 13, 7], "rotation": 180, "texture": "#2"},
				"up": {"uv": [13.26136, 6.63496, 13, 7], "rotation": 180, "texture": "#2"},
				"down": {"uv": [12.26136, 6, 12, 5.26992], "rotation": 180, "texture": "#2"}
			}
		},
		{
			"name": "cube_outline",
			"from": [9.1, 13.1, 8.81882],
			"to": [6.9, -0.1, 8.05],
			"light_emission": 15,
			"rotation": {"angle": 0, "axis": "y", "origin": [6.725, 15.79713, 5.69382]},
			"faces": {
				"north": {"uv": [13, 5.5, 12, 7], "rotation": 180, "texture": "#2"},
				"east": {"uv": [12.73008, 5.5, 13, 7], "rotation": 180, "texture": "#2"},
				"south": {"uv": [13, 5.5, 12, 7], "rotation": 180, "texture": "#2"},
				"west": {"uv": [12, 5.5, 12.26992, 7], "rotation": 180, "texture": "#2"},
				"up": {"uv": [14, 6.5, 13, 6.63496], "rotation": 180, "texture": "#2"},
				"down": {"uv": [13, 5.26992, 12, 5], "rotation": 180, "texture": "#2"}
			}
		},
		{
			"name": "cube_outline",
			"from": [8.525, 13.1, 10.25],
			"to": [6.9, -0.1, 8.64382],
			"light_emission": 15,
			"rotation": {"angle": 0, "axis": "y", "origin": [6.725, 15.79713, 5.69382]},
			"faces": {
				"north": {"uv": [12.73864, 5.5, 12, 7], "rotation": 180, "texture": "#2"},
				"east": {"uv": [12, 5.5, 12.73008, 7], "rotation": 180, "texture": "#2"},
				"south": {"uv": [10, 6.5, 9.26136, 8], "rotation": 180, "texture": "#2"},
				"west": {"uv": [12.26992, 8.5, 13, 10], "rotation": 180, "texture": "#2"},
				"up": {"uv": [14, 6.63496, 13.26136, 7], "rotation": 180, "texture": "#2"},
				"down": {"uv": [9, 6, 8.26136, 5.26992], "rotation": 180, "texture": "#2"}
			}
		},
		{
			"name": "cube_outline",
			"from": [4.75, 11.625, 6.751],
			"to": [3.55, 9.65, 6.55],
			"rotation": {"angle": 42.5, "axis": "x", "origin": [6.725, 10.575, 6.65025]},
			"faces": {
				"north": {"uv": [12, 5, 14, 6.5], "rotation": 180, "texture": "#2"},
				"east": {"uv": [12, 5, 14.0005, 6.5], "rotation": 180, "texture": "#2"},
				"south": {"uv": [14, 5, 12, 6.5], "rotation": 180, "texture": "#2"},
				"west": {"uv": [11.95, 4.125, 13.9505, 5.625], "rotation": 180, "texture": "#2"},
				"up": {"uv": [10.2, 5.5, 11.7, 6.5005], "rotation": 180, "texture": "#2"},
				"down": {"uv": [12.2, 5.5, 13.7, 6.5005], "rotation": 180, "texture": "#2"}
			}
		}
	],
	"display": {
		"thirdperson_righthand": {
			"rotation": [9.25, 0, 0],
			"translation": [0, -0.25, 0.75],
			"scale": [0.6, 0.6, 0.6]
		},
		"thirdperson_lefthand": {
			"rotation": [9.25, 0, 0],
			"translation": [0, -0.25, 0.75],
			"scale": [0.6, 0.6, 0.6]
		},
		"firstperson_righthand": {
			"rotation": [-51.91, -11.05, -8.63],
			"translation": [1, 0.5, 0.5],
			"scale": [0.59, 0.54, 0.59]
		},
		"firstperson_lefthand": {
			"rotation": [-51.91, -11.05, -8.63],
			"translation": [1, 0.5, 0.5],
			"scale": [0.59, 0.54, 0.59]
		}
	},
	"groups": [
		0,
		1,
		2,
		3,
		4,
		5,
		6,
		7,
		{
			"name": "group",
			"origin": [7, 13, 8.3],
			"color": 0,
			"children": [8, 9]
		},
		{
			"name": "group",
			"origin": [7, 0, 7],
			"color": 0,
			"children": [
				{
					"name": "group",
					"origin": [7, 0, 7],
					"color": 0,
					"children": [10, 11]
				},
				{
					"name": "mushroom enchant",
					"origin": [8, 21, -6],
					"color": 0,
					"children": [
						12,
						13,
						{
							"name": "mushroom enchant",
							"origin": [8, 21, -6],
							"color": 0,
							"children": [14, 15]
						},
						{
							"name": "mushroom enchant",
							"origin": [8, 21, -6],
							"color": 0,
							"children": [16, 17]
						}
					]
				}
			]
		},
		{
			"name": "group",
			"origin": [6.725, 15.79713, 5.69382],
			"color": 0,
			"children": [
				18,
				19,
				20,
				21,
				22,
				23,
				24,
				25,
				26,
				27,
				28,
				29,
				30,
				31,
				{
					"name": "group",
					"origin": [6.725, 15.79713, 5.69382],
					"color": 0,
					"children": [32, 33, 34, 35, 36, 37, 38, 39, 40, 41, 42]
				},
				{
					"name": "group",
					"origin": [6.725, 15.79713, 5.69382],
					"color": 0,
					"children": [43, 44, 45, 46, 47, 48, 49, 50, 51, 52, 53]
				}
			]
		}
	]
}