{
	"format_version": "1.21.6",
	"credit": "Made with Blockbench",
	"texture_size": [32, 32],
	"textures": {
		"1": "item/enchanted_flint_and_steel_strike",
		"2": "item/tool_sheen",
		"particle": "item/tool_sheen"
	},
	"elements": [
		{
			"from": [7.0277, 0.24125, 8.00125],
			"to": [8.9364, 4.95875, 11.77525],
			"rotation": {"angle": 0, "axis": "y", "origin": [7.98204, 2.6, 9.88825]},
			"faces": {
				"north": {"uv": [5.5, 0, 6, 2.5], "texture": "#1"},
				"east": {"uv": [4, 0, 6, 2.5], "texture": "#1"},
				"south": {"uv": [4, 0, 4.5, 2.5], "texture": "#1"},
				"west": {"uv": [6, 0, 4, 2.5], "texture": "#1"},
				"up": {"uv": [6, 0, 5.5, 2], "texture": "#1"},
				"down": {"uv": [5, 2, 4, 2.5], "texture": "#1"}
			}
		},
		{
			"from": [6.97998, 0.12331, 7.9069],
			"to": [8.98412, 5.07669, 11.8696],
			"rotation": {"angle": 0, "axis": "y", "origin": [7.98204, 2.6, 9.88825]},
			"faces": {
				"north": {"uv": [7.5, 0, 8, 2.5], "texture": "#1"},
				"east": {"uv": [6, 0, 8, 2.5], "texture": "#1"},
				"south": {"uv": [6, 0, 6.5, 2.5], "texture": "#1"},
				"west": {"uv": [8, 0, 6, 2.5], "texture": "#1"},
				"up": {"uv": [10, 2.5, 9, 0.5], "texture": "#1"},
				"down": {"uv": [9, 0.5, 8, 2.5], "texture": "#1"}
			}
		},
		{
			"name": "cube_outline",
			"from": [8.98512, 5.07769, 11.8706],
			"to": [6.97898, 0.12231, 7.9059],
			"rotation": {"angle": 0, "axis": "y", "origin": [7.98204, 2.6, 9.88825]},
			"faces": {
				"north": {"uv": [6.5, 0, 6, 2.5], "rotation": 180, "texture": "#1"},
				"east": {"uv": [6, 0, 8, 2.5], "rotation": 180, "texture": "#1"},
				"south": {"uv": [9, 2.5, 10, 0], "rotation": 180, "texture": "#1"},
				"west": {"uv": [8, 0, 6, 2.5], "rotation": 180, "texture": "#1"},
				"up": {"uv": [9, 2.5, 8, 0.5], "rotation": 180, "texture": "#1"},
				"down": {"uv": [10, 0.5, 9, 2.5], "rotation": 180, "texture": "#1"}
			}
		},
		{
			"from": [7.10862, 2.24866, 3.78378],
			"to": [8.99662, 8.14866, 7.32378],
			"rotation": {"angle": 11.5, "axis": "x", "origin": [8.93762, 4.60261, 2.36594]},
			"faces": {
				"north": {"uv": [1.5, 0, 2, 3], "texture": "#1"},
				"east": {"uv": [0, 0, 2, 3], "texture": "#1"},
				"south": {"uv": [0, 0, 0.5, 3], "texture": "#1"},
				"west": {"uv": [2, 0, 0, 3], "texture": "#1"},
				"up": {"uv": [1, 0.5, 0, 0], "texture": "#1"},
				"down": {"uv": [0, 2.5, 2, 3], "rotation": 90, "texture": "#1"}
			}
		},
		{
			"from": [6.96142, 2.45047, 3.0937],
			"to": [9.14382, 8.04547, 7.5107],
			"rotation": {"angle": 11.5, "axis": "x", "origin": [8.98187, 4.62212, 2.20496]},
			"faces": {
				"north": {"uv": [5, 3, 6, 6], "texture": "#1"},
				"east": {"uv": [0, 3, 2, 6], "texture": "#1"},
				"south": {"uv": [2, 3, 3, 6], "texture": "#1"},
				"west": {"uv": [2, 3, 0, 6], "texture": "#1"},
				"up": {"uv": [11, 2, 10, 0], "texture": "#1"},
				"down": {"uv": [11, 2, 10, 4], "texture": "#1"}
			}
		},
		{
			"name": "cube_outline",
			"from": [9.14482, 8.04647, 7.5117],
			"to": [6.96042, 2.44947, 3.0927],
			"rotation": {"angle": 11.5, "axis": "x", "origin": [8.98187, 4.62212, 2.20496]},
			"faces": {
				"north": {"uv": [0, 3, 0.5, 6], "rotation": 180, "texture": "#1"},
				"east": {"uv": [0, 3, 2, 6], "rotation": 180, "texture": "#1"},
				"south": {"uv": [3.5, 3, 4.5, 6], "rotation": 180, "texture": "#1"},
				"west": {"uv": [2, 3, 0, 6], "rotation": 180, "texture": "#1"},
				"up": {"uv": [11, 2, 10, 4], "rotation": 180, "texture": "#1"},
				"down": {"uv": [11, 2, 10, 0], "rotation": 180, "texture": "#1"}
			}
		},
		{
			"name": "cube_outline",
			"from": [9.09662, 7.45198, 7.47307],
			"to": [7.00862, 1.35198, 3.73307],
			"rotation": {"angle": 11.5, "axis": "x", "origin": [8.05262, 4.40198, 6.30308]},
			"faces": {
				"north": {"uv": [12, 5, 14, 7], "rotation": 180, "texture": "#2"},
				"east": {"uv": [14, 5, 12, 7], "rotation": 180, "texture": "#2"},
				"south": {"uv": [12, 5, 14, 7], "rotation": 180, "texture": "#2"},
				"west": {"uv": [12, 5, 14, 7], "rotation": 180, "texture": "#2"},
				"up": {"uv": [12, 5, 14, 7], "rotation": 180, "texture": "#2"},
				"down": {"uv": [14, 7, 12, 5], "rotation": 180, "texture": "#2"}
			}
		},
		{
			"name": "cube_outline",
			"from": [9.24382, 6.37448, 7.66158],
			"to": [6.86142, 2.42948, 6.34458],
			"rotation": {"angle": 11.5, "axis": "x", "origin": [8.05262, 4.40198, 6.30308]},
			"faces": {
				"north": {"uv": [12, 5, 14, 7], "rotation": 180, "texture": "#2"},
				"east": {"uv": [14, 5, 12, 7], "rotation": 180, "texture": "#2"},
				"south": {"uv": [10, 5, 12, 7], "rotation": 180, "texture": "#2"},
				"west": {"uv": [12, 5, 14, 7], "rotation": 180, "texture": "#2"},
				"up": {"uv": [14, 3.3, 12, 4.6], "rotation": 180, "texture": "#2"},
				"down": {"uv": [14, 4.6, 12, 3.3], "rotation": 180, "texture": "#2"}
			}
		},
		{
			"name": "cube_outline",
			"from": [9.03412, 5.17669, 11.9696],
			"to": [6.92998, 0.02331, 7.8069],
			"rotation": {"angle": 0, "axis": "y", "origin": [7.98204, 2.6, 9.88825]},
			"faces": {
				"north": {"uv": [6, 4, 8, 6.5], "rotation": 180, "texture": "#2"},
				"east": {"uv": [8, 4, 6, 6.5], "rotation": 180, "texture": "#2"},
				"south": {"uv": [6, 4, 8, 6.5], "rotation": 180, "texture": "#2"},
				"west": {"uv": [6, 4, 8, 6.5], "rotation": 180, "texture": "#2"},
				"up": {"uv": [8, 4, 6, 6.5], "rotation": 180, "texture": "#2"},
				"down": {"uv": [8, 6.5, 6, 4], "rotation": 180, "texture": "#2"}
			}
		},
		{
			"name": "cube_outline",
			"from": [9.0364, 5.05875, 11.87525],
			"to": [6.9277, 0.14125, 7.90125],
			"rotation": {"angle": 0, "axis": "y", "origin": [7.98204, 2.6, 9.88825]},
			"faces": {
				"north": {"uv": [12, 5.5, 14, 7], "rotation": 180, "texture": "#2"},
				"east": {"uv": [14, 5.5, 12, 7], "rotation": 180, "texture": "#2"},
				"south": {"uv": [12, 5.5, 14, 7], "rotation": 180, "texture": "#2"},
				"west": {"uv": [12, 5.5, 14, 7], "rotation": 180, "texture": "#2"},
				"up": {"uv": [14, 5.5, 12, 7], "rotation": 180, "texture": "#2"},
				"down": {"uv": [14, 5.5, 12, 7], "rotation": 180, "texture": "#2"}
			}
		},
		{
			"name": "cube_outline",
			"from": [9.1, 2.225, 11.975],
			"to": [6.9, 0.025, 9.775],
			"rotation": {"angle": 0, "axis": "y", "origin": [7, 0.125, 9.875]},
			"faces": {
				"north": {"uv": [12, 5, 14, 7], "rotation": 180, "texture": "#2"},
				"east": {"uv": [12, 5, 14, 7], "rotation": 180, "texture": "#2"},
				"south": {"uv": [12, 3.125, 14, 5.125], "rotation": 180, "texture": "#2"},
				"west": {"uv": [12, 5, 14, 7], "rotation": 180, "texture": "#2"},
				"up": {"uv": [12, 5, 14, 7], "rotation": 180, "texture": "#2"},
				"down": {"uv": [12, 6.9, 14, 8.9], "rotation": 180, "texture": "#2"}
			}
		},
		{
			"name": "cube_outline",
			"from": [9.1, 5.175, 10.975],
			"to": [6.9, 3.975, 8.9],
			"rotation": {"angle": 0, "axis": "y", "origin": [7, 3.075, 7.9]},
			"faces": {
				"north": {"uv": [12.175, 6.85, 13.675, 8.35], "rotation": 180, "texture": "#2"},
				"east": {"uv": [12.3, 5.3, 13.75, 6.8], "rotation": 180, "texture": "#2"},
				"south": {"uv": [9.3, 5.3, 10.8, 6.8], "rotation": 180, "texture": "#2"},
				"west": {"uv": [12.35, 5.3, 13.8, 6.8], "rotation": 180, "texture": "#2"},
				"up": {"uv": [9.3, 5.35, 10.8, 6.8], "rotation": 180, "texture": "#2"},
				"down": {"uv": [12.3, 5.3, 13.8, 6.75], "rotation": 180, "texture": "#2"}
			}
		},
		{
			"name": "cube_outline",
			"from": [9.1, 5.175, 8.9],
			"to": [6.9, 2, 7.8],
			"rotation": {"angle": 0, "axis": "y", "origin": [7, 3, 7.9]},
			"faces": {
				"north": {"uv": [10.325, 4.45, 11.325, 5.9], "rotation": 180, "texture": "#2"},
				"east": {"uv": [12.3, 5.2, 12.75, 6.65], "rotation": 180, "texture": "#2"},
				"south": {"uv": [12.3, 5.2, 13.3, 6.65], "rotation": 180, "texture": "#2"},
				"west": {"uv": [13.35, 5.2, 13.8, 6.65], "rotation": 180, "texture": "#2"},
				"up": {"uv": [12.3, 6.95, 13.3, 7.4], "rotation": 180, "texture": "#2"},
				"down": {"uv": [12.3, 5.2, 13.3, 5.65], "rotation": 180, "texture": "#2"}
			}
		},
		{
			"name": "cube_outline",
			"from": [9.09662, 7.45198, 7.47307],
			"to": [7.00862, 1.35198, 3.73307],
			"rotation": {"angle": 11.5, "axis": "x", "origin": [8.05262, 4.40198, 6.30308]},
			"faces": {
				"north": {"uv": [12, 5, 14, 7], "rotation": 180, "texture": "#2"},
				"east": {"uv": [14, 5, 12, 7], "rotation": 180, "texture": "#2"},
				"south": {"uv": [12, 5, 14, 7], "rotation": 180, "texture": "#2"},
				"west": {"uv": [12, 5, 14, 7], "rotation": 180, "texture": "#2"},
				"up": {"uv": [12, 5, 14, 7], "rotation": 180, "texture": "#2"},
				"down": {"uv": [14, 7, 12, 5], "rotation": 180, "texture": "#2"}
			}
		},
		{
			"name": "cube_outline",
			"from": [9.24382, 6.37448, 7.66158],
			"to": [6.86142, 2.42948, 6.34458],
			"rotation": {"angle": 11.5, "axis": "x", "origin": [8.05262, 4.40198, 6.30308]},
			"faces": {
				"north": {"uv": [12, 5, 14, 7], "rotation": 180, "texture": "#2"},
				"east": {"uv": [14, 5, 12, 7], "rotation": 180, "texture": "#2"},
				"south": {"uv": [10, 5, 12, 7], "rotation": 180, "texture": "#2"},
				"west": {"uv": [12, 5, 14, 7], "rotation": 180, "texture": "#2"},
				"up": {"uv": [14, 3.3, 12, 4.6], "rotation": 180, "texture": "#2"},
				"down": {"uv": [14, 4.6, 12, 3.3], "rotation": 180, "texture": "#2"}
			}
		},
		{
			"name": "cube_outline",
			"from": [9.03412, 5.17669, 11.9696],
			"to": [6.92998, 0.02331, 7.8069],
			"rotation": {"angle": 0, "axis": "y", "origin": [7.98204, 2.6, 9.88825]},
			"faces": {
				"north": {"uv": [6, 4, 8, 6.5], "rotation": 180, "texture": "#2"},
				"east": {"uv": [8, 4, 6, 6.5], "rotation": 180, "texture": "#2"},
				"south": {"uv": [6, 4, 8, 6.5], "rotation": 180, "texture": "#2"},
				"west": {"uv": [6, 4, 8, 6.5], "rotation": 180, "texture": "#2"},
				"up": {"uv": [8, 4, 6, 6.5], "rotation": 180, "texture": "#2"},
				"down": {"uv": [8, 6.5, 6, 4], "rotation": 180, "texture": "#2"}
			}
		},
		{
			"name": "cube_outline",
			"from": [9.0364, 5.05875, 11.87525],
			"to": [6.9277, 0.14125, 7.90125],
			"rotation": {"angle": 0, "axis": "y", "origin": [7.98204, 2.6, 9.88825]},
			"faces": {
				"north": {"uv": [12, 5.5, 14, 7], "rotation": 180, "texture": "#2"},
				"east": {"uv": [14, 5.5, 12, 7], "rotation": 180, "texture": "#2"},
				"south": {"uv": [12, 5.5, 14, 7], "rotation": 180, "texture": "#2"},
				"west": {"uv": [12, 5.5, 14, 7], "rotation": 180, "texture": "#2"},
				"up": {"uv": [14, 5.5, 12, 7], "rotation": 180, "texture": "#2"},
				"down": {"uv": [14, 5.5, 12, 7], "rotation": 180, "texture": "#2"}
			}
		},
		{
			"name": "cube_outline",
			"from": [9.1, 2.225, 11.975],
			"to": [6.9, 0.025, 9.775],
			"rotation": {"angle": 0, "axis": "y", "origin": [7, 0.125, 9.875]},
			"faces": {
				"north": {"uv": [12, 5, 14, 7], "rotation": 180, "texture": "#2"},
				"east": {"uv": [12, 5, 14, 7], "rotation": 180, "texture": "#2"},
				"south": {"uv": [12, 3.125, 14, 5.125], "rotation": 180, "texture": "#2"},
				"west": {"uv": [12, 5, 14, 7], "rotation": 180, "texture": "#2"},
				"up": {"uv": [12, 5, 14, 7], "rotation": 180, "texture": "#2"},
				"down": {"uv": [12, 6.9, 14, 8.9], "rotation": 180, "texture": "#2"}
			}
		},
		{
			"name": "cube_outline",
			"from": [9.1, 5.175, 10.975],
			"to": [6.9, 3.975, 8.9],
			"rotation": {"angle": 0, "axis": "y", "origin": [7, 3.075, 7.9]},
			"faces": {
				"north": {"uv": [12.175, 6.85, 13.675, 8.35], "rotation": 180, "texture": "#2"},
				"east": {"uv": [12.3, 5.3, 13.75, 6.8], "rotation": 180, "texture": "#2"},
				"south": {"uv": [9.3, 5.3, 10.8, 6.8], "rotation": 180, "texture": "#2"},
				"west": {"uv": [12.35, 5.3, 13.8, 6.8], "rotation": 180, "texture": "#2"},
				"up": {"uv": [9.3, 5.35, 10.8, 6.8], "rotation": 180, "texture": "#2"},
				"down": {"uv": [12.3, 5.3, 13.8, 6.75], "rotation": 180, "texture": "#2"}
			}
		},
		{
			"name": "cube_outline",
			"from": [9.1, 5.175, 8.9],
			"to": [6.9, 2, 7.8],
			"rotation": {"angle": 0, "axis": "y", "origin": [7, 3, 7.9]},
			"faces": {
				"north": {"uv": [10.325, 4.45, 11.325, 5.9], "rotation": 180, "texture": "#2"},
				"east": {"uv": [12.3, 5.2, 12.75, 6.65], "rotation": 180, "texture": "#2"},
				"south": {"uv": [12.3, 5.2, 13.3, 6.65], "rotation": 180, "texture": "#2"},
				"west": {"uv": [13.35, 5.2, 13.8, 6.65], "rotation": 180, "texture": "#2"},
				"up": {"uv": [12.3, 6.95, 13.3, 7.4], "rotation": 180, "texture": "#2"},
				"down": {"uv": [12.3, 5.2, 13.3, 5.65], "rotation": 180, "texture": "#2"}
			}
		},
		{
			"name": "cube_outline",
			"from": [9.09662, 7.45198, 7.47307],
			"to": [7.00862, 1.35198, 3.73307],
			"rotation": {"angle": 11.5, "axis": "x", "origin": [8.05262, 4.40198, 6.30308]},
			"faces": {
				"north": {"uv": [12, 5, 14, 7], "rotation": 180, "texture": "#2"},
				"east": {"uv": [14, 5, 12, 7], "rotation": 180, "texture": "#2"},
				"south": {"uv": [12, 5, 14, 7], "rotation": 180, "texture": "#2"},
				"west": {"uv": [12, 5, 14, 7], "rotation": 180, "texture": "#2"},
				"up": {"uv": [12, 5, 14, 7], "rotation": 180, "texture": "#2"},
				"down": {"uv": [14, 7, 12, 5], "rotation": 180, "texture": "#2"}
			}
		},
		{
			"name": "cube_outline",
			"from": [9.24382, 6.37448, 7.66158],
			"to": [6.86142, 2.42948, 6.34458],
			"rotation": {"angle": 11.5, "axis": "x", "origin": [8.05262, 4.40198, 6.30308]},
			"faces": {
				"north": {"uv": [12, 5, 14, 7], "rotation": 180, "texture": "#2"},
				"east": {"uv": [14, 5, 12, 7], "rotation": 180, "texture": "#2"},
				"south": {"uv": [10, 5, 12, 7], "rotation": 180, "texture": "#2"},
				"west": {"uv": [12, 5, 14, 7], "rotation": 180, "texture": "#2"},
				"up": {"uv": [14, 3.3, 12, 4.6], "rotation": 180, "texture": "#2"},
				"down": {"uv": [14, 4.6, 12, 3.3], "rotation": 180, "texture": "#2"}
			}
		},
		{
			"name": "cube_outline",
			"from": [9.03412, 5.17669, 11.9696],
			"to": [6.92998, 0.02331, 7.8069],
			"rotation": {"angle": 0, "axis": "y", "origin": [7.98204, 2.6, 9.88825]},
			"faces": {
				"north": {"uv": [6, 4, 8, 6.5], "rotation": 180, "texture": "#2"},
				"east": {"uv": [8, 4, 6, 6.5], "rotation": 180, "texture": "#2"},
				"south": {"uv": [6, 4, 8, 6.5], "rotation": 180, "texture": "#2"},
				"west": {"uv": [6, 4, 8, 6.5], "rotation": 180, "texture": "#2"},
				"up": {"uv": [8, 4, 6, 6.5], "rotation": 180, "texture": "#2"},
				"down": {"uv": [8, 6.5, 6, 4], "rotation": 180, "texture": "#2"}
			}
		},
		{
			"name": "cube_outline",
			"from": [9.0364, 5.05875, 11.87525],
			"to": [6.9277, 0.14125, 7.90125],
			"rotation": {"angle": 0, "axis": "y", "origin": [7.98204, 2.6, 9.88825]},
			"faces": {
				"north": {"uv": [12, 5.5, 14, 7], "rotation": 180, "texture": "#2"},
				"east": {"uv": [14, 5.5, 12, 7], "rotation": 180, "texture": "#2"},
				"south": {"uv": [12, 5.5, 14, 7], "rotation": 180, "texture": "#2"},
				"west": {"uv": [12, 5.5, 14, 7], "rotation": 180, "texture": "#2"},
				"up": {"uv": [14, 5.5, 12, 7], "rotation": 180, "texture": "#2"},
				"down": {"uv": [14, 5.5, 12, 7], "rotation": 180, "texture": "#2"}
			}
		},
		{
			"name": "cube_outline",
			"from": [9.1, 2.225, 11.975],
			"to": [6.9, 0.025, 9.775],
			"rotation": {"angle": 0, "axis": "y", "origin": [7, 0.125, 9.875]},
			"faces": {
				"north": {"uv": [12, 5, 14, 7], "rotation": 180, "texture": "#2"},
				"east": {"uv": [12, 5, 14, 7], "rotation": 180, "texture": "#2"},
				"south": {"uv": [12, 3.125, 14, 5.125], "rotation": 180, "texture": "#2"},
				"west": {"uv": [12, 5, 14, 7], "rotation": 180, "texture": "#2"},
				"up": {"uv": [12, 5, 14, 7], "rotation": 180, "texture": "#2"},
				"down": {"uv": [12, 6.9, 14, 8.9], "rotation": 180, "texture": "#2"}
			}
		},
		{
			"name": "cube_outline",
			"from": [9.1, 5.175, 10.975],
			"to": [6.9, 3.975, 8.9],
			"rotation": {"angle": 0, "axis": "y", "origin": [7, 3.075, 7.9]},
			"faces": {
				"north": {"uv": [12.175, 6.85, 13.675, 8.35], "rotation": 180, "texture": "#2"},
				"east": {"uv": [12.3, 5.3, 13.75, 6.8], "rotation": 180, "texture": "#2"},
				"south": {"uv": [9.3, 5.3, 10.8, 6.8], "rotation": 180, "texture": "#2"},
				"west": {"uv": [12.35, 5.3, 13.8, 6.8], "rotation": 180, "texture": "#2"},
				"up": {"uv": [9.3, 5.35, 10.8, 6.8], "rotation": 180, "texture": "#2"},
				"down": {"uv": [12.3, 5.3, 13.8, 6.75], "rotation": 180, "texture": "#2"}
			}
		},
		{
			"name": "cube_outline",
			"from": [9.1, 5.175, 8.9],
			"to": [6.9, 2, 7.8],
			"rotation": {"angle": 0, "axis": "y", "origin": [7, 3, 7.9]},
			"faces": {
				"north": {"uv": [10.325, 4.45, 11.325, 5.9], "rotation": 180, "texture": "#2"},
				"east": {"uv": [12.3, 5.2, 12.75, 6.65], "rotation": 180, "texture": "#2"},
				"south": {"uv": [12.3, 5.2, 13.3, 6.65], "rotation": 180, "texture": "#2"},
				"west": {"uv": [13.35, 5.2, 13.8, 6.65], "rotation": 180, "texture": "#2"},
				"up": {"uv": [12.3, 6.95, 13.3, 7.4], "rotation": 180, "texture": "#2"},
				"down": {"uv": [12.3, 5.2, 13.3, 5.65], "rotation": 180, "texture": "#2"}
			}
		}
	],
	"display": {
		"thirdperson_righthand": {
			"rotation": [0, 90, 0],
			"translation": [-2.5, 3.25, 1.75],
			"scale": [0.67, 0.67, 0.67]
		},
		"thirdperson_lefthand": {
			"rotation": [0, 90, 0],
			"translation": [-2.5, 3.25, 1.75],
			"scale": [0.67, 0.67, 0.67]
		},
		"firstperson_righthand": {
			"rotation": [0.73, 17, -0.2],
			"translation": [-2.75, 6, 4.25],
			"scale": [0.39, 0.43, 0.39]
		},
		"firstperson_lefthand": {
			"rotation": [0.73, 12, -0.13],
			"translation": [-2.75, 6, 4.25],
			"scale": [0.39, 0.43, 0.39]
		}
	},
	"groups": [
		{
			"name": "flint",
			"origin": [6.95, -0.125, 6.05],
			"color": 0,
			"children": [0, 1, 2]
		},
		{
			"name": "group",
			"origin": [8.93762, 6.60261, 2.36594],
			"color": 0,
			"children": [3, 4, 5]
		},
		{
			"name": "group",
			"origin": [8.93762, 5.70261, 2.36594],
			"color": 0,
			"children": [
				6,
				7,
				8,
				9,
				10,
				11,
				12,
				{
					"name": "group",
					"origin": [8.93762, 5.70261, 2.36594],
					"color": 0,
					"children": [13, 14, 15, 16, 17, 18, 19]
				},
				{
					"name": "group",
					"origin": [8.93762, 5.70261, 2.36594],
					"color": 0,
					"children": [20, 21, 22, 23, 24, 25, 26]
				}
			]
		}
	]
}