{
	"format_version": "1.21.6",
	"credit": "Made with Blockbench",
	"texture_size": [32, 32],
	"textures": {
		"2": "item/flint_and_steel_hand"
	},
	"elements": [
		{
			"from": [7.0277, 0.24125, 8.00125],
			"to": [8.9364, 4.95875, 11.77525],
			"rotation": {"angle": 0, "axis": "y", "origin": [7.98204, 2.6, 9.88825]},
			"faces": {
				"north": {"uv": [5.5, 0, 6, 2.5], "texture": "#2"},
				"east": {"uv": [4, 0, 6, 2.5], "texture": "#2"},
				"south": {"uv": [4, 0, 4.5, 2.5], "texture": "#2"},
				"west": {"uv": [6, 0, 4, 2.5], "texture": "#2"},
				"up": {"uv": [6, 0, 5.5, 2], "texture": "#2"},
				"down": {"uv": [5, 2, 4, 2.5], "texture": "#2"}
			}
		},
		{
			"from": [6.97998, 0.12331, 7.9069],
			"to": [8.98412, 5.07669, 11.8696],
			"rotation": {"angle": 0, "axis": "y", "origin": [7.98204, 2.6, 9.88825]},
			"faces": {
				"north": {"uv": [7.5, 0, 8, 2.5], "texture": "#2"},
				"east": {"uv": [6, 0, 8, 2.5], "texture": "#2"},
				"south": {"uv": [6, 0, 6.5, 2.5], "texture": "#2"},
				"west": {"uv": [8, 0, 6, 2.5], "texture": "#2"},
				"up": {"uv": [10, 2.5, 9, 0.5], "texture": "#2"},
				"down": {"uv": [9, 0.5, 8, 2.5], "texture": "#2"}
			}
		},
		{
			"name": "cube_outline",
			"from": [8.98412, 5.07669, 11.8696],
			"to": [6.97998, 0.12331, 7.9069],
			"rotation": {"angle": 0, "axis": "y", "origin": [7.98204, 2.6, 9.88825]},
			"faces": {
				"north": {"uv": [6.5, 0, 6, 2.5], "rotation": 180, "texture": "#2"},
				"east": {"uv": [6, 0, 8, 2.5], "rotation": 180, "texture": "#2"},
				"south": {"uv": [9, 2.5, 10, 0], "rotation": 180, "texture": "#2"},
				"west": {"uv": [8, 0, 6, 2.5], "rotation": 180, "texture": "#2"},
				"up": {"uv": [9, 2.5, 8, 0.5], "rotation": 180, "texture": "#2"},
				"down": {"uv": [10, 0.5, 9, 2.5], "rotation": 180, "texture": "#2"}
			}
		},
		{
			"from": [7.10862, 3.34866, 3.78378],
			"to": [8.99662, 9.24866, 7.32378],
			"rotation": {"angle": 17.5, "axis": "x", "origin": [8.93762, 5.70261, 2.36594]},
			"faces": {
				"north": {"uv": [1.5, 0, 2, 3], "texture": "#2"},
				"east": {"uv": [0, 0, 2, 3], "texture": "#2"},
				"south": {"uv": [0, 0, 0.5, 3], "texture": "#2"},
				"west": {"uv": [2, 0, 0, 3], "texture": "#2"},
				"up": {"uv": [1, 0.5, 0, 0], "texture": "#2"},
				"down": {"uv": [0, 2.5, 2, 3], "rotation": 90, "texture": "#2"}
			}
		},
		{
			"from": [6.96142, 3.55047, 3.0937],
			"to": [9.14382, 9.14547, 7.5107],
			"rotation": {"angle": 17.5, "axis": "x", "origin": [8.98187, 5.72212, 2.20496]},
			"faces": {
				"north": {"uv": [5, 3, 6, 6], "texture": "#2"},
				"east": {"uv": [0, 3, 2, 6], "texture": "#2"},
				"south": {"uv": [2, 3, 3, 6], "texture": "#2"},
				"west": {"uv": [2, 3, 0, 6], "texture": "#2"},
				"up": {"uv": [11, 2, 10, 0], "texture": "#2"},
				"down": {"uv": [11, 2, 10, 4], "texture": "#2"}
			}
		},
		{
			"name": "cube_outline",
			"from": [9.14382, 9.14547, 7.5107],
			"to": [6.96142, 3.55047, 3.0937],
			"rotation": {"angle": 17.5, "axis": "x", "origin": [8.98187, 5.72212, 2.20496]},
			"faces": {
				"north": {"uv": [2, 3, 3, 6], "rotation": 180, "texture": "#2"},
				"east": {"uv": [2, 3, 4, 6], "rotation": 180, "texture": "#2"},
				"south": {"uv": [3.5, 3, 4.5, 6], "rotation": 180, "texture": "#2"},
				"west": {"uv": [2, 3, 0, 6], "rotation": 180, "texture": "#2"},
				"up": {"uv": [11, 2, 10, 4], "rotation": 180, "texture": "#2"},
				"down": {"uv": [11, 2, 10, 0], "rotation": 180, "texture": "#2"}
			}
		}
	],
	"display": {
		"thirdperson_righthand": {
			"rotation": [0, 90, 0],
			"translation": [-2.5, 3.25, 1.75],
			"scale": [0.67, 0.67, 0.67]
		},
		"thirdperson_lefthand": {
			"rotation": [0, 90, 0],
			"translation": [-2.5, 3.25, 1.75],
			"scale": [0.67, 0.67, 0.67]
		},
		"firstperson_righthand": {
			"rotation": [0.73, 17, -0.2],
			"translation": [-2.75, 6, 4.25],
			"scale": [0.39, 0.43, 0.39]
		},
		"firstperson_lefthand": {
			"rotation": [0.73, 12, -0.13],
			"translation": [-2.75, 6, 4.25],
			"scale": [0.39, 0.43, 0.39]
		}
	},
	"groups": [
		{
			"name": "flint",
			"origin": [6.95, -0.125, 6.05],
			"color": 0,
			"children": [0, 1, 2]
		},
		{
			"name": "group",
			"origin": [8.93762, 6.60261, 2.36594],
			"color": 0,
			"children": [3, 4, 5]
		}
	]
}