{
	"format_version": "1.21.6",
	"credit": "Made with Blockbench",
	"texture_size": [32, 32],
	"textures": {
		"1": "item/golden_nautilus_armor_hand",
		"particle": "item/golden_nautilus_armor_hand"
	},
	"elements": [
		{
			"from": [6, 3, 3.5],
			"to": [10, 10, 12.5],
			"rotation": {"angle": 0, "axis": "y", "origin": [8, 1, 4.5]},
			"faces": {
				"north": {"uv": [6.5, 0, 8.5, 3.5], "texture": "#1"},
				"east": {"uv": [4.5, 3.5, 0, 7], "texture": "#1"},
				"south": {"uv": [6.5, 3.5, 8.5, 7], "texture": "#1"},
				"west": {"uv": [0, 3.5, 4.5, 7], "texture": "#1"},
				"up": {"uv": [6.5, 4.5, 4.5, 0], "texture": "#1"},
				"down": {"uv": [6.5, 4.5, 4.5, 9], "texture": "#1"}
			}
		},
		{
			"from": [6, 0, 6.5],
			"to": [10, 3, 12.5],
			"rotation": {"angle": 0, "axis": "y", "origin": [7, 0, 8.5]},
			"faces": {
				"north": {"uv": [8.5, 1.5, 10.5, 3], "texture": "#1"},
				"east": {"uv": [6.5, 7, 9.5, 8.5], "texture": "#1"},
				"south": {"uv": [8.5, 3, 10.5, 4.5], "texture": "#1"},
				"west": {"uv": [9.5, 7, 6.5, 8.5], "texture": "#1"},
				"up": {"uv": [2, 10, 0, 7], "texture": "#1"},
				"down": {"uv": [4, 7, 2, 10], "texture": "#1"}
			}
		},
		{
			"name": "cube_outline",
			"from": [10.1, 10.1, 12.6],
			"to": [5.9, 2.9, 3.4],
			"rotation": {"angle": 0, "axis": "y", "origin": [8, 1, 4.5]},
			"faces": {
				"north": {"uv": [0, 0, 1, 1], "rotation": 180, "texture": "#1"},
				"east": {"uv": [0, 0, 1, 1], "rotation": 180, "texture": "#1"},
				"south": {"uv": [0, 0, 1, 1], "rotation": 180, "texture": "#1"},
				"west": {"uv": [1, 0, 0, 1], "rotation": 180, "texture": "#1"},
				"up": {"uv": [1, 0.675, 0, 1.675], "rotation": 180, "texture": "#1"},
				"down": {"uv": [1, 1, 0, 0], "rotation": 180, "texture": "#1"}
			}
		},
		{
			"name": "cube_outline",
			"from": [10.1, 3.1, 12.6],
			"to": [5.9, -0.1, 6.4],
			"rotation": {"angle": 0, "axis": "y", "origin": [7, 0, 8.5]},
			"faces": {
				"north": {"uv": [0, 0, 1, 1], "rotation": 180, "texture": "#1"},
				"east": {"uv": [1, 0, 0, 1], "rotation": 180, "texture": "#1"},
				"south": {"uv": [0, 1.0625, 1, 0.0625], "rotation": 180, "texture": "#1"},
				"west": {"uv": [0, 0, 1, 1], "rotation": 180, "texture": "#1"},
				"up": {"uv": [1, 0, 0, 1], "rotation": 180, "texture": "#1"},
				"down": {"uv": [2, 1, 1, 0], "rotation": 180, "texture": "#1"}
			}
		}
	],
	"display": {
		"thirdperson_righthand": {
			"translation": [0, 1, -1.5],
			"scale": [0.64, 0.64, 0.64]
		},
		"thirdperson_lefthand": {
			"translation": [0, 1, -1.5],
			"scale": [0.64, 0.64, 0.64]
		},
		"firstperson_righthand": {
			"rotation": [-46, 117, 44],
			"translation": [1.75, 5.5, 0.5],
			"scale": [0.63, 0.58, 0.63]
		},
		"firstperson_lefthand": {
			"rotation": [-46, 117, 44],
			"translation": [1.75, 5.5, 0.5],
			"scale": [0.63, 0.58, 0.63]
		}
	}
}