{
	"format_version": "1.21.6",
	"credit": "Made with Blockbench",
	"textures": {
		"1": "item/honeycomb_hand"
	},
	"elements": [
		{
			"from": [4.5, 0, 6],
			"to": [5.5, 4, 10],
			"shade": false,
			"light_emission": 3,
			"rotation": {"angle": 0, "axis": "y", "origin": [8, 3.5, 8]},
			"faces": {
				"north": {"uv": [3, 4, 4, 0], "texture": "#1"},
				"east": {"uv": [1, 10, 2, 8], "texture": "#1"},
				"south": {"uv": [0, 4, 1, 0], "texture": "#1"},
				"west": {"uv": [0, 4, 4, 8], "texture": "#1"},
				"up": {"uv": [4, 4, 5, 8], "texture": "#1"},
				"down": {"uv": [0, 8, 1, 12], "texture": "#1"}
			}
		},
		{
			"from": [5.5, 0, 6],
			"to": [7.5, 1, 10],
			"shade": false,
			"light_emission": 3,
			"rotation": {"angle": 0, "axis": "y", "origin": [8, 3.5, 8]},
			"faces": {
				"north": {"uv": [1, 1, 3, 0], "texture": "#1"},
				"east": {"uv": [0, 7, 4, 8], "texture": "#1"},
				"south": {"uv": [1, 1, 3, 0], "texture": "#1"},
				"west": {"uv": [0, 7, 4, 8], "texture": "#1"},
				"up": {"uv": [5, 0, 7, 4], "texture": "#1"},
				"down": {"uv": [1, 8, 3, 12], "texture": "#1"}
			}
		},
		{
			"from": [5.5, 1, 6.5],
			"to": [7.5, 3, 9.5],
			"shade": false,
			"light_emission": 3,
			"rotation": {"angle": 0, "axis": "y", "origin": [8, 3.5, 8]},
			"faces": {
				"north": {"uv": [1, 3, 3, 1], "texture": "#1"},
				"east": {"uv": [0, 5, 4, 7], "texture": "#1"},
				"south": {"uv": [1, 3, 3, 1], "texture": "#1"},
				"west": {"uv": [0, 5, 4, 7], "texture": "#1"},
				"up": {"uv": [5, 4, 7, 8], "texture": "#1"},
				"down": {"uv": [1, 8, 3, 12], "texture": "#1"}
			}
		},
		{
			"from": [5.5, 3, 6],
			"to": [7, 4, 10],
			"shade": false,
			"light_emission": 3,
			"rotation": {"angle": 0, "axis": "y", "origin": [8, 3.5, 8]},
			"faces": {
				"north": {"uv": [1.5, 4, 3, 3], "texture": "#1"},
				"east": {"uv": [0, 4, 4, 5], "texture": "#1"},
				"south": {"uv": [1, 4, 2.5, 3], "texture": "#1"},
				"west": {"uv": [0, 4, 4, 5], "texture": "#1"},
				"up": {"uv": [5, 4, 6.5, 8], "texture": "#1"},
				"down": {"uv": [1, 9, 2.5, 11], "texture": "#1"}
			}
		},
		{
			"from": [7, 3, 6],
			"to": [7.5, 4, 10],
			"shade": false,
			"light_emission": 3,
			"rotation": {"angle": 0, "axis": "y", "origin": [8, 3.5, 8]},
			"faces": {
				"north": {"uv": [1, 4, 1.5, 3], "texture": "#1"},
				"east": {"uv": [0, 4, 4, 5], "texture": "#1"},
				"south": {"uv": [2.5, 4, 3, 3], "texture": "#1"},
				"west": {"uv": [0, 4, 4, 5], "texture": "#1"},
				"up": {"uv": [6.5, 0, 7, 4], "texture": "#1"},
				"down": {"uv": [2.5, 9, 3, 11], "texture": "#1"}
			}
		},
		{
			"from": [7.5, 0, 6],
			"to": [8.5, 4, 10],
			"shade": false,
			"light_emission": 3,
			"rotation": {"angle": 0, "axis": "y", "origin": [8, 3.5, 8]},
			"faces": {
				"north": {"uv": [0, 4, 1, 0], "texture": "#1"},
				"east": {"uv": [0, 4, 4, 8], "texture": "#1"},
				"south": {"uv": [3, 4, 4, 0], "texture": "#1"},
				"west": {"uv": [1, 10, 2, 8], "texture": "#1"},
				"up": {"uv": [4, 0, 5, 4], "texture": "#1"},
				"down": {"uv": [3, 8, 4, 12], "texture": "#1"}
			}
		},
		{
			"from": [8.5, 0, 6],
			"to": [10.5, 1, 10],
			"shade": false,
			"light_emission": 3,
			"rotation": {"angle": 0, "axis": "y", "origin": [8, 3.5, 8]},
			"faces": {
				"north": {"uv": [1, 1, 3, 0], "texture": "#1"},
				"east": {"uv": [0, 7, 4, 8], "texture": "#1"},
				"south": {"uv": [1, 1, 3, 0], "texture": "#1"},
				"west": {"uv": [0, 7, 4, 8], "texture": "#1"},
				"up": {"uv": [5, 0, 7, 4], "texture": "#1"},
				"down": {"uv": [3, 12, 1, 8], "texture": "#1"}
			}
		},
		{
			"from": [8.5, 1, 6.5],
			"to": [10.5, 3, 9.5],
			"shade": false,
			"light_emission": 3,
			"rotation": {"angle": 0, "axis": "y", "origin": [8, 3.5, 8]},
			"faces": {
				"north": {"uv": [1, 3, 3, 1], "texture": "#1"},
				"east": {"uv": [0, 5, 4, 7], "texture": "#1"},
				"south": {"uv": [1, 3, 3, 1], "texture": "#1"},
				"west": {"uv": [0, 5, 4, 7], "texture": "#1"},
				"up": {"uv": [5, 4, 7, 8], "texture": "#1"},
				"down": {"uv": [1, 8, 3, 12], "texture": "#1"}
			}
		},
		{
			"from": [8.5, 3, 6],
			"to": [9, 4, 10],
			"shade": false,
			"light_emission": 3,
			"rotation": {"angle": 0, "axis": "y", "origin": [8, 3.5, 8]},
			"faces": {
				"north": {"uv": [2.5, 4, 3, 3], "texture": "#1"},
				"east": {"uv": [0, 4, 4, 5], "texture": "#1"},
				"south": {"uv": [1, 4, 1.5, 3], "texture": "#1"},
				"west": {"uv": [0, 4, 4, 5], "texture": "#1"},
				"up": {"uv": [5, 0, 5.5, 4], "texture": "#1"},
				"down": {"uv": [1, 9, 1.5, 11], "texture": "#1"}
			}
		},
		{
			"from": [9, 3, 6],
			"to": [10.5, 4, 10],
			"shade": false,
			"light_emission": 3,
			"rotation": {"angle": 0, "axis": "y", "origin": [8, 3.5, 8]},
			"faces": {
				"north": {"uv": [1, 4, 2.5, 3], "texture": "#1"},
				"east": {"uv": [0, 4, 4, 5], "texture": "#1"},
				"south": {"uv": [1.5, 4, 3, 3], "texture": "#1"},
				"west": {"uv": [0, 4, 4, 5], "texture": "#1"},
				"up": {"uv": [5.5, 4, 7, 8], "texture": "#1"},
				"down": {"uv": [1.5, 9, 3, 11], "texture": "#1"}
			}
		},
		{
			"from": [10.5, 0, 6],
			"to": [11.5, 4, 10],
			"shade": false,
			"light_emission": 3,
			"rotation": {"angle": 0, "axis": "y", "origin": [8, 3.5, 8]},
			"faces": {
				"north": {"uv": [0, 4, 1, 0], "texture": "#1"},
				"east": {"uv": [0, 4, 4, 8], "texture": "#1"},
				"south": {"uv": [3, 4, 4, 0], "texture": "#1"},
				"west": {"uv": [1, 10, 2, 8], "texture": "#1"},
				"up": {"uv": [7, 4, 8, 8], "texture": "#1"},
				"down": {"uv": [0, 8, 1, 12], "texture": "#1"}
			}
		},
		{
			"from": [7, 4, 6.5],
			"to": [9, 6, 9.5],
			"shade": false,
			"light_emission": 3,
			"rotation": {"angle": 0, "axis": "y", "origin": [8, 3.5, 8]},
			"faces": {
				"north": {"uv": [1, 3, 3, 1], "texture": "#1"},
				"east": {"uv": [0, 5, 4, 7], "texture": "#1"},
				"south": {"uv": [1, 3, 3, 1], "texture": "#1"},
				"west": {"uv": [0, 5, 4, 7], "texture": "#1"},
				"up": {"uv": [5, 4, 7, 8], "texture": "#1"},
				"down": {"uv": [1, 8, 3, 12], "texture": "#1"}
			}
		},
		{
			"from": [7, 6, 6],
			"to": [9, 7, 10],
			"shade": false,
			"light_emission": 3,
			"rotation": {"angle": 0, "axis": "y", "origin": [8, 3.5, 8]},
			"faces": {
				"north": {"uv": [1, 1, 3, 0], "texture": "#1"},
				"east": {"uv": [0, 4, 4, 5], "texture": "#1"},
				"south": {"uv": [1, 1, 3, 0], "texture": "#1"},
				"west": {"uv": [0, 4, 4, 5], "texture": "#1"},
				"up": {"uv": [5, 4, 7, 8], "texture": "#1"},
				"down": {"uv": [1, 9, 3, 11], "texture": "#1"}
			}
		},
		{
			"from": [9, 4, 6],
			"to": [10, 7, 10],
			"shade": false,
			"light_emission": 3,
			"rotation": {"angle": 0, "axis": "y", "origin": [8, 3.5, 8]},
			"faces": {
				"north": {"uv": [0, 0, 1, 1.5], "texture": "#1"},
				"east": {"uv": [0, 5, 4, 8], "texture": "#1"},
				"south": {"uv": [3, 0, 4, 1.5], "texture": "#1"},
				"west": {"uv": [1, 10, 2, 8.5], "texture": "#1"},
				"up": {"uv": [7, 4, 8, 8], "texture": "#1"},
				"down": {"uv": [0, 8, 1, 12], "texture": "#1"}
			}
		},
		{
			"from": [6, 4, 6],
			"to": [7, 7, 10],
			"shade": false,
			"light_emission": 3,
			"rotation": {"angle": 0, "axis": "y", "origin": [8, 3.5, 8]},
			"faces": {
				"north": {"uv": [0, 0, 1, 1.5], "texture": "#1"},
				"east": {"uv": [1, 11, 2, 8], "texture": "#1"},
				"south": {"uv": [3, 0, 4, 1.5], "texture": "#1"},
				"west": {"uv": [0, 5, 4, 8], "texture": "#1"},
				"up": {"uv": [4, 4, 5, 8], "texture": "#1"},
				"down": {"uv": [3, 8, 4, 12], "texture": "#1"}
			}
		}
	],
	"display": {
		"thirdperson_righthand": {
			"rotation": [0, -180, 0],
			"translation": [0, 5.5, 1.25],
			"scale": [0.69, 0.69, 0.69]
		},
		"thirdperson_lefthand": {
			"rotation": [0, -180, 0],
			"translation": [0, 5.5, 1.25],
			"scale": [0.69, 0.69, 0.69]
		},
		"firstperson_righthand": {
			"rotation": [0.73, 114, -0.13],
			"translation": [-3, 6.5, 4.5],
			"scale": [0.41, 0.41, 0.41]
		},
		"firstperson_lefthand": {
			"rotation": [0.73, 114, -0.13],
			"translation": [-3, 6.5, 4.5],
			"scale": [0.41, 0.41, 0.41]
		}
	},
	"groups": [
		{
			"name": "group",
			"origin": [4.5, 0, 6],
			"color": 0,
			"children": [
				0,
				1,
				2,
				3,
				4,
				5,
				{
					"name": "group",
					"origin": [4.5, 0, 6],
					"color": 0,
					"children": [6, 7, 8, 9, 10]
				},
				{
					"name": "group",
					"origin": [4.5, 0, 6],
					"color": 0,
					"children": [11, 12, 13, 14]
				}
			]
		}
	]
}