{
	"format_version": "1.21.6",
	"credit": "Made with Blockbench",
	"texture_size": [32, 32],
	"textures": {
		"2": "item/handle",
		"4": "item/axe_uncle",
		"particle": "item/tool_sheen"
	},
	"elements": [
		{
			"from": [7.15, 0, 7.15],
			"to": [8.85, 15.9, 8.85],
			"rotation": {"angle": 0, "axis": "y", "origin": [7, 0, 7]},
			"faces": {
				"north": {"uv": [4, 1.5, 5, 10], "texture": "#2"},
				"east": {"uv": [5, 1.5, 4, 10], "texture": "#2"},
				"south": {"uv": [4, 1.5, 5, 10], "texture": "#2"},
				"west": {"uv": [5, 1.5, 4, 10], "texture": "#2"},
				"up": {"uv": [4, 2.5, 5, 1.5], "texture": "#2"},
				"down": {"uv": [5, 1.5, 4, 2.5], "texture": "#2"}
			}
		},
		{
			"from": [6.9, 10.25, 6.9],
			"to": [9.1, 14.95, 9.1],
			"rotation": {"angle": 0, "axis": "y", "origin": [6.9, 13.35, 6.9]},
			"faces": {
				"north": {"uv": [3, 1, 2, 3], "texture": "#4"},
				"east": {"uv": [2, 1, 3, 3], "texture": "#4"},
				"south": {"uv": [3, 1, 2, 3], "texture": "#4"},
				"west": {"uv": [2, 1, 3, 3], "texture": "#4"},
				"up": {"uv": [3, 1, 2, 0], "texture": "#4"},
				"down": {"uv": [2.5, 2.5, 2, 3], "texture": "#4"}
			}
		},
		{
			"from": [7.5, 10.75, 5],
			"to": [8.5, 14.45, 10],
			"rotation": {"angle": 0, "axis": "y", "origin": [7, 12, 5]},
			"faces": {
				"north": {"uv": [0, 3.5, 0.5, 5.5], "texture": "#4"},
				"east": {"uv": [2.5, 3.5, 0, 5.5], "texture": "#4"},
				"south": {"uv": [2, 3.5, 2.5, 5.5], "texture": "#4"},
				"west": {"uv": [0, 3.5, 2.5, 5.5], "texture": "#4"},
				"up": {"uv": [0, 4, 2.5, 3.5], "rotation": 90, "texture": "#4"},
				"down": {"uv": [2.5, 5.5, 0, 5], "rotation": 90, "texture": "#4"}
			}
		},
		{
			"from": [8, 9.7, 2.8],
			"to": [8.001, 15.5, 6],
			"rotation": {"angle": 0, "axis": "y", "origin": [6, 13, 4]},
			"faces": {
				"north": {"uv": [0, 0, 0, 3.5], "texture": "#4"},
				"east": {"uv": [2, 0, 0, 3.5], "texture": "#4"},
				"south": {"uv": [0, 0, 0, 3.5], "texture": "#4"},
				"west": {"uv": [0, 0, 2, 3.5], "texture": "#4"},
				"up": {"uv": [0, 2, 0, 0], "texture": "#4"},
				"down": {"uv": [0, 0, 0, 2], "texture": "#4"}
			}
		}
	],
	"display": {
		"thirdperson_righthand": {
			"translation": [0, 0.5, 1],
			"scale": [0.7, 0.74, 0.7]
		},
		"thirdperson_lefthand": {
			"translation": [0, 0.25, 1],
			"scale": [0.7, 0.74, 0.7]
		},
		"firstperson_righthand": {
			"rotation": [11.61, -3.87, -1.26],
			"translation": [-0.5, 2.25, 2.5],
			"scale": [0.53, 0.53, 0.53]
		},
		"firstperson_lefthand": {
			"rotation": [11.61, -3.87, -1.26],
			"translation": [-0.5, 2.25, 2.5],
			"scale": [0.53, 0.53, 0.53]
		}
	}
}