{
	"format_version": "1.21.11",
	"credit": "Made with Blockbench",
	"texture_size": [32, 32],
	"textures": {
		"2": "item/nautilus_spawn_egg_hand",
		"particle": "item/nautilus_spawn_egg_hand"
	},
	"elements": [
		{
			"name": "egg",
			"from": [5, 0, 7],
			"to": [11, 2, 11],
			"rotation": {"x": 0, "y": 0, "z": 0, "origin": [5, 0, 5]},
			"faces": {
				"north": {"uv": [0, 2.5, 3, 3.5], "texture": "#2"},
				"east": {"uv": [6, 2.5, 4, 3.5], "texture": "#2"},
				"south": {"uv": [0, 9, 3, 10], "texture": "#2"},
				"west": {"uv": [4, 2.5, 6, 3.5], "texture": "#2"},
				"up": {"uv": [3, 5.5, 0, 3.5], "texture": "#2"},
				"down": {"uv": [6, 3.5, 3, 5.5], "texture": "#2"}
			}
		},
		{
			"name": "egg",
			"from": [5, 2, 5],
			"to": [11, 7, 11],
			"rotation": {"x": 0, "y": 0, "z": 0, "origin": [5, 0, 5]},
			"faces": {
				"north": {"uv": [0, 0, 3, 2.5], "texture": "#2"},
				"east": {"uv": [6, 0, 3, 2.5], "texture": "#2"},
				"south": {"uv": [0, 6.5, 3, 9], "texture": "#2"},
				"west": {"uv": [3, 0, 6, 2.5], "texture": "#2"},
				"up": {"uv": [3, 6.5, 0, 3.5], "texture": "#2"},
				"down": {"uv": [6, 3.5, 3, 6.5], "texture": "#2"}
			}
		},
		{
			"from": [6, 0.6, 6.975],
			"to": [10, 1.6, 6.975],
			"rotation": {"x": 0, "y": 0, "z": 0, "origin": [6, -0.4, 6.975]},
			"faces": {
				"north": {"uv": [4, 6.5, 6, 7], "texture": "#2"},
				"east": {"uv": [1, 0, 1, 0.5], "texture": "#2"},
				"south": {"uv": [6, 6.5, 4, 7], "texture": "#2"},
				"west": {"uv": [0, 0, 0, 0.5], "texture": "#2"},
				"up": {"uv": [0, 0, 2, 0], "texture": "#2"},
				"down": {"uv": [0, 1, 2, 1], "texture": "#2"}
			}
		}
	],
	"display": {
		"thirdperson_righthand": {
			"rotation": [0, 90, 0],
			"translation": [0, 4.95, 1.5],
			"scale": [0.62, 0.62, 0.62]
		},
		"thirdperson_lefthand": {
			"rotation": [0, 90, 0],
			"translation": [0, 4.95, 1.5],
			"scale": [0.62, 0.62, 0.62]
		},
		"firstperson_righthand": {
			"rotation": [0.73, 114, -0.13],
			"translation": [-3.5, 7, 5],
			"scale": [0.31, 0.38, 0.31]
		},
		"firstperson_lefthand": {
			"rotation": [0.73, 114, -0.13],
			"translation": [-3.5, 7, 5],
			"scale": [0.31, 0.38, 0.31]
		}
	}
}