{
	"format_version": "1.21.6",
	"credit": "Made with Blockbench",
	"texture_size": [32, 32],
	"textures": {
		"4": "item/pufferfish_spawn_egg_hand"
	},
	"elements": [
		{
			"name": "egg",
			"from": [5, 0, 5],
			"to": [11, 7, 11],
			"light_emission": 7,
			"rotation": {"angle": 0, "axis": "y", "origin": [5, 0, 5]},
			"faces": {
				"north": {"uv": [4, 0, 7, 3.5], "texture": "#4"},
				"east": {"uv": [4, 3.5, 7, 7], "texture": "#4"},
				"south": {"uv": [7, 3.5, 4, 7], "texture": "#4"},
				"west": {"uv": [7, 3.5, 4, 7], "texture": "#4"},
				"up": {"uv": [3, 7.5, 0, 4.5], "texture": "#4"},
				"down": {"uv": [10, 0, 7, 3], "texture": "#4"}
			}
		},
		{
			"from": [4.125, -1, 6],
			"to": [11.9, 8, 6],
			"rotation": {"angle": 0, "axis": "y", "origin": [10, 0, 4]},
			"faces": {
				"north": {"uv": [0, 0, 4, 4.5], "texture": "#4"},
				"east": {"uv": [0, 0, 0, 4.5], "texture": "#4"},
				"south": {"uv": [4, 0, 0, 4.5], "texture": "#4"},
				"west": {"uv": [0, 0, 0, 4.5], "texture": "#4"},
				"up": {"uv": [4, 0, 0, 0], "texture": "#4"},
				"down": {"uv": [0, 0, 4, 0], "texture": "#4"}
			}
		},
		{
			"from": [4.125, -1, 8],
			"to": [11.9, 8, 8],
			"rotation": {"angle": 0, "axis": "y", "origin": [10, 0, 6]},
			"faces": {
				"north": {"uv": [4, 0, 0, 4.5], "texture": "#4"},
				"east": {"uv": [0, 0, 0, 4.5], "texture": "#4"},
				"south": {"uv": [0, 0, 4, 4.5], "texture": "#4"},
				"west": {"uv": [0, 0, 0, 4.5], "texture": "#4"},
				"up": {"uv": [0, 0, 4, 0], "texture": "#4"},
				"down": {"uv": [0, 0, 4, 0], "texture": "#4"}
			}
		},
		{
			"from": [4.125, -1, 10],
			"to": [11.9, 8, 10],
			"rotation": {"angle": 0, "axis": "y", "origin": [10, 0, 8]},
			"faces": {
				"north": {"uv": [0, 0, 4, 4.5], "texture": "#4"},
				"east": {"uv": [0, 0, 0, 4.5], "texture": "#4"},
				"south": {"uv": [4, 0, 0, 4.5], "texture": "#4"},
				"west": {"uv": [0, 0, 0, 4.5], "texture": "#4"},
				"up": {"uv": [0, 0, 4, 0], "texture": "#4"},
				"down": {"uv": [0, 0, 4, 0], "texture": "#4"}
			}
		},
		{
			"from": [2.7, 3.3, 6.2],
			"to": [5, 3.3, 9.8],
			"rotation": {"angle": 15, "axis": "z", "origin": [5, 3.3, 8]},
			"faces": {
				"north": {"uv": [0, 0, 1.5, 0], "texture": "#4"},
				"east": {"uv": [0, 0, 2, 0], "texture": "#4"},
				"south": {"uv": [0, 0, 1.5, 0], "texture": "#4"},
				"west": {"uv": [0, 0, 2, 0], "texture": "#4"},
				"up": {"uv": [4.5, 9, 3, 7], "texture": "#4"},
				"down": {"uv": [4.5, 7, 3, 9], "texture": "#4"}
			}
		},
		{
			"from": [11, 3.3, 6.2],
			"to": [13.3, 3.3, 9.8],
			"rotation": {"angle": -15, "axis": "z", "origin": [11, 3.3, 8]},
			"faces": {
				"north": {"uv": [1.5, 0, 0, 0], "texture": "#4"},
				"east": {"uv": [2, 0, 0, 0], "texture": "#4"},
				"south": {"uv": [1.5, 0, 0, 0], "texture": "#4"},
				"west": {"uv": [2, 0, 0, 0], "texture": "#4"},
				"up": {"uv": [3, 9, 4.5, 7], "texture": "#4"},
				"down": {"uv": [3, 7, 4.5, 9], "texture": "#4"}
			}
		}
	],
	"display": {
		"thirdperson_righthand": {
			"rotation": [0, 90, 0],
			"translation": [0, 4.95, 1.5],
			"scale": [0.62, 0.62, 0.62]
		},
		"thirdperson_lefthand": {
			"rotation": [0, 90, 0],
			"translation": [0, 4.95, 1.5],
			"scale": [0.62, 0.62, 0.62]
		},
		"firstperson_righthand": {
			"rotation": [0.73, 114, -0.13],
			"translation": [-3.5, 6.5, 5],
			"scale": [0.31, 0.34, 0.31]
		},
		"firstperson_lefthand": {
			"rotation": [0.73, 114, -0.13],
			"translation": [-3.5, 6.75, 5],
			"scale": [0.31, 0.35, 0.31]
		}
	}
}