{
	"format_version": "1.21.6",
	"credit": "Made with Blockbench",
	"texture_size": [32, 32],
	"textures": {
		"1": "item/bundle_string",
		"3": "item/purple_bundle_hand"
	},
	"elements": [
		{
			"from": [6.04, 3.36, 3.894],
			"to": [7.96, 6.24, 6.006],
			"rotation": {"angle": 0, "axis": "y", "origin": [6.04, 4.32, 4.086]},
			"faces": {
				"north": {"uv": [0, 4, 2, 7], "texture": "#1"},
				"east": {"uv": [4, 4, 6, 7], "texture": "#1"},
				"south": {"uv": [4, 4, 6, 7], "texture": "#1"},
				"west": {"uv": [4, 4, 6, 7], "texture": "#1"},
				"up": {"uv": [4, 7, 2, 5], "texture": "#1"},
				"down": {"uv": [6, 5, 4, 7], "texture": "#1"}
			}
		},
		{
			"name": "cube_outline",
			"from": [8, 6.2, 6],
			"to": [6, 3.2, 3.8],
			"rotation": {"angle": 0, "axis": "y", "origin": [6, 4.2, 4]},
			"faces": {
				"north": {"uv": [4, 4, 6, 7], "rotation": 180, "texture": "#1"},
				"east": {"uv": [4, 4, 6, 7], "rotation": 180, "texture": "#1"},
				"south": {"uv": [2, 4, 0, 7], "rotation": 180, "texture": "#1"},
				"west": {"uv": [4, 4, 6, 7], "rotation": 180, "texture": "#1"},
				"up": {"uv": [6, 5, 4, 7], "rotation": 180, "texture": "#1"},
				"down": {"uv": [4, 7, 2, 5], "rotation": 180, "texture": "#1"}
			}
		},
		{
			"from": [6, 6, 6],
			"to": [10, 7, 10],
			"rotation": {"angle": 0, "axis": "y", "origin": [7, 6, 7]},
			"faces": {
				"north": {"uv": [0, 0, 4, 1], "texture": "#1"},
				"east": {"uv": [4, 0, 0, 1], "texture": "#1"},
				"south": {"uv": [0, 0, 4, 1], "texture": "#1"},
				"west": {"uv": [4, 0, 0, 1], "texture": "#1"},
				"up": {"uv": [4, 11, 0, 7], "texture": "#1"},
				"down": {"uv": [0, 7, 4, 11], "texture": "#1"}
			}
		},
		{
			"name": "base",
			"from": [4, 0, 4],
			"to": [12, 6, 12],
			"rotation": {"angle": 0, "axis": "y", "origin": [7, 0, 7]},
			"faces": {
				"north": {"uv": [4, 0, 8, 3], "texture": "#3"},
				"east": {"uv": [8, 0, 12, 3], "texture": "#3"},
				"south": {"uv": [8, 0, 12, 3], "texture": "#3"},
				"west": {"uv": [8, 0, 12, 3], "texture": "#3"},
				"up": {"uv": [4, 4, 0, 0], "texture": "#3"},
				"down": {"uv": [4, 4, 0, 8], "texture": "#3"}
			}
		},
		{
			"name": "top",
			"from": [5, 7, 5],
			"to": [11, 9, 11],
			"rotation": {"angle": 0, "axis": "y", "origin": [7, 7, 7]},
			"faces": {
				"north": {"uv": [0, 8, 3, 9], "texture": "#3"},
				"east": {"uv": [0, 8, 3, 9], "texture": "#3"},
				"south": {"uv": [0, 8, 3, 9], "texture": "#3"},
				"west": {"uv": [0, 8, 3, 9], "texture": "#3"},
				"up": {"uv": [7, 6, 4, 3], "texture": "#3"},
				"down": {"uv": [7, 6, 4, 9], "texture": "#3"}
			}
		}
	],
	"display": {
		"thirdperson_righthand": {
			"rotation": [0, 90, 0],
			"translation": [0, 4.25, 1.5],
			"scale": [0.52, 0.53, 0.52]
		},
		"thirdperson_lefthand": {
			"rotation": [0, 90, 0],
			"translation": [0, 4.25, 1.5],
			"scale": [0.52, 0.53, 0.52]
		},
		"firstperson_righthand": {
			"rotation": [0.73, 114, -0.13],
			"translation": [-3.25, 6.25, 4.5],
			"scale": [0.35, 0.38, 0.35]
		},
		"firstperson_lefthand": {
			"rotation": [0.73, 114, -0.13],
			"translation": [-3.25, 6.25, 4.5],
			"scale": [0.35, 0.38, 0.35]
		}
	},
	"groups": [
		{
			"name": "string",
			"origin": [7, 6, 7],
			"color": 0,
			"children": [0, 1, 2]
		},
		{
			"name": "bundle",
			"origin": [7, 7, 7],
			"color": 0,
			"children": [3, 4]
		}
	]
}