{
	"format_version": "1.21.6",
	"credit": "Made with Blockbench",
	"texture_size": [32, 32],
	"textures": {
		"2": "item/rabbit_spawn_egg_hand"
	},
	"elements": [
		{
			"name": "egg",
			"from": [5, 0, 5],
			"to": [11, 7, 11],
			"rotation": {"angle": 0, "axis": "y", "origin": [5, 0, 5]},
			"faces": {
				"north": {"uv": [0, 0, 3, 3.5], "texture": "#2"},
				"east": {"uv": [3, 0, 6, 3.5], "texture": "#2"},
				"south": {"uv": [0, 3.5, 3, 7], "texture": "#2"},
				"west": {"uv": [3, 0, 6, 3.5], "texture": "#2"},
				"up": {"uv": [6, 6.5, 3, 3.5], "texture": "#2"},
				"down": {"uv": [9, 0, 6, 3], "texture": "#2"}
			}
		},
		{
			"from": [5, 7, 8],
			"to": [7, 11, 9],
			"rotation": {"angle": 0, "axis": "y", "origin": [5, 7, 8]},
			"faces": {
				"north": {"uv": [6, 3, 7, 5], "texture": "#2"},
				"east": {"uv": [3, 6.5, 3.5, 8.5], "texture": "#2"},
				"south": {"uv": [6, 5, 7, 7], "texture": "#2"},
				"west": {"uv": [3.5, 6.5, 4, 8.5], "texture": "#2"},
				"up": {"uv": [3, 7.5, 2, 7], "texture": "#2"},
				"down": {"uv": [8, 3, 7, 3.5], "texture": "#2"}
			}
		},
		{
			"from": [9, 7, 8],
			"to": [11, 11, 9],
			"rotation": {"angle": 0, "axis": "y", "origin": [11, 7, 8]},
			"faces": {
				"north": {"uv": [7, 3, 6, 5], "texture": "#2"},
				"east": {"uv": [4, 6.5, 3.5, 8.5], "texture": "#2"},
				"south": {"uv": [7, 5, 6, 7], "texture": "#2"},
				"west": {"uv": [3.5, 6.5, 3, 8.5], "texture": "#2"},
				"up": {"uv": [2, 7.5, 3, 7], "texture": "#2"},
				"down": {"uv": [7, 3, 8, 3.5], "texture": "#2"}
			}
		},
		{
			"from": [7, 2, 4.5],
			"to": [9, 3, 5],
			"rotation": {"angle": 0, "axis": "y", "origin": [7, 1, 3]},
			"faces": {
				"north": {"uv": [4, 6.5, 5, 7], "texture": "#2"},
				"east": {"uv": [7, 3.5, 7.5, 4], "texture": "#2"},
				"south": {"uv": [5, 6.5, 6, 7], "texture": "#2"},
				"west": {"uv": [4, 7, 4.5, 7.5], "texture": "#2"},
				"up": {"uv": [1, 7.5, 0, 7], "texture": "#2"},
				"down": {"uv": [2, 7, 1, 7.5], "texture": "#2"}
			}
		}
	],
	"display": {
		"thirdperson_righthand": {
			"rotation": [0, 90, 0],
			"translation": [0, 4.95, 1.5],
			"scale": [0.62, 0.62, 0.62]
		},
		"thirdperson_lefthand": {
			"rotation": [0, 90, 0],
			"translation": [0, 4.95, 1.5],
			"scale": [0.62, 0.62, 0.62]
		},
		"firstperson_righthand": {
			"rotation": [0.73, 114, -0.13],
			"translation": [-3.5, 6.75, 5],
			"scale": [0.31, 0.35, 0.31]
		},
		"firstperson_lefthand": {
			"rotation": [0.73, 114, -0.13],
			"translation": [-3.5, 6.75, 5],
			"scale": [0.31, 0.35, 0.31]
		}
	}
}