{
	"format_version": "1.21.11",
	"credit": "Made with Blockbench",
	"texture_size": [32, 32],
	"textures": {
		"0": "item/recovery_compass_hand",
		"particle": "item/recovery_compass_hand"
	},
	"elements": [
		{
			"from": [3, 0, 9.25],
			"to": [4, 3, 18.25],
			"rotation": {"x": -90, "y": 0, "z": 0, "origin": [3, 0, 9.25]},
			"faces": {
				"north": {"uv": [9.5, 0, 10, 1.5], "texture": "#0"},
				"east": {"uv": [5.5, 0, 10, 1.5], "texture": "#0"},
				"south": {"uv": [5, 0, 5.5, 1.5], "texture": "#0"},
				"west": {"uv": [10, 0, 5.5, 1.5], "texture": "#0"},
				"up": {"uv": [5, 5, 4.5, 0.5], "texture": "#0"},
				"down": {"uv": [5, 5.5, 4.5, 10], "texture": "#0"}
			}
		},
		{
			"from": [4, 0, 9.25],
			"to": [12, 3, 10.25],
			"rotation": {"x": -90, "y": 0, "z": 0, "origin": [3, 0, 9.25]},
			"faces": {
				"north": {"uv": [5.5, 0, 9.5, 1.5], "texture": "#0"},
				"east": {"uv": [9.5, 0, 10, 1.5], "texture": "#0"},
				"south": {"uv": [9.5, 0, 5.5, 1.5], "texture": "#0"},
				"west": {"uv": [5, 0, 5.5, 1.5], "texture": "#0"},
				"up": {"uv": [4.5, 5, 0.5, 4.5], "texture": "#0"},
				"down": {"uv": [4.5, 9.5, 0.5, 10], "texture": "#0"}
			}
		},
		{
			"from": [4, 4, 4.25],
			"to": [12, 6, 12.25],
			"rotation": {"x": -90, "y": 0, "z": -180, "origin": [8, 5, 8.25]},
			"faces": {
				"north": {"uv": [5.5, 0, 9.5, 1.5], "texture": "#0"},
				"east": {"uv": [5.5, 0, 9.5, 1.5], "texture": "#0"},
				"south": {"uv": [5.5, 0, 9.5, 1.5], "texture": "#0"},
				"west": {"uv": [5.5, 0, 9.5, 1.5], "texture": "#0"},
				"up": {"uv": [4.5, 4.5, 0.5, 0.5], "texture": "#0"},
				"down": {"uv": [4.5, 5.5, 0.5, 9.5], "texture": "#0"}
			}
		},
		{
			"from": [4, 4, 4.25],
			"to": [12, 6, 12.25],
			"rotation": {"x": -90, "y": 0, "z": -180, "origin": [8, 5, 8.25]},
			"faces": {
				"north": {"uv": [5.5, 0, 9.5, 1.5], "texture": "#0"},
				"east": {"uv": [5.5, 0, 9.5, 1.5], "texture": "#0"},
				"south": {"uv": [5.5, 0, 9.5, 1.5], "texture": "#0"},
				"west": {"uv": [5.5, 0, 9.5, 1.5], "texture": "#0"},
				"up": {"uv": [4.5, 4.5, 0.5, 0.5], "texture": "#0"},
				"down": {"uv": [4.5, 5.5, 0.5, 9.5], "texture": "#0"}
			}
		},
		{
			"from": [3, 0, 18.25],
			"to": [12, 3, 19.25],
			"rotation": {"x": -90, "y": 0, "z": 0, "origin": [3, 0, 9.25]},
			"faces": {
				"north": {"uv": [9.5, 0, 5, 1.5], "texture": "#0"},
				"east": {"uv": [5, 0, 5.5, 1.5], "texture": "#0"},
				"south": {"uv": [5, 0, 9.5, 1.5], "texture": "#0"},
				"west": {"uv": [5, 0, 5.5, 1.5], "texture": "#0"},
				"up": {"uv": [5, 0.5, 0.5, 0], "texture": "#0"},
				"down": {"uv": [5, 5, 0.5, 5.5], "texture": "#0"}
			}
		},
		{
			"from": [12, 0, 9.25],
			"to": [13, 3, 19.25],
			"rotation": {"x": -90, "y": 0, "z": 0, "origin": [3, 0, 9.25]},
			"faces": {
				"north": {"uv": [5, 0, 5.5, 1.5], "texture": "#0"},
				"east": {"uv": [10, 0, 5, 1.5], "texture": "#0"},
				"south": {"uv": [9.5, 0, 10, 1.5], "texture": "#0"},
				"west": {"uv": [5, 0, 10, 1.5], "texture": "#0"},
				"up": {"uv": [0.5, 5, 0, 0], "texture": "#0"},
				"down": {"uv": [0.5, 5, 0, 10], "texture": "#0"}
			}
		},
		{
			"from": [7.5, 5, 6.4],
			"to": [8.5, 8.3, 7],
			"rotation": {"x": 0, "y": 0, "z": 90, "origin": [8, 4.95, 6.7]},
			"faces": {
				"north": {"uv": [5, 1.5, 5.5, 3], "texture": "#0"},
				"east": {"uv": [5, 1.5, 5.5, 3], "texture": "#0"},
				"south": {"uv": [5, 1.5, 5.5, 3], "texture": "#0"},
				"west": {"uv": [5, 1.5, 5.5, 3], "texture": "#0"},
				"up": {"uv": [5, 1.5, 5.5, 1.8], "texture": "#0"},
				"down": {"uv": [5, 2.7, 5.5, 3], "texture": "#0"}
			}
		}
	],
	"display": {
		"thirdperson_righthand": {
			"rotation": [0, -180, 0],
			"translation": [0, 3.9, 1.5],
			"scale": [0.49, 0.49, 0.49]
		},
		"thirdperson_lefthand": {
			"rotation": [0, -180, 0],
			"translation": [0, 3.9, 1.5],
			"scale": [0.49, 0.49, 0.49]
		},
		"firstperson_righthand": {
			"rotation": [-180, 44.75, -180],
			"translation": [-0.75, 4.9, 1.5],
			"scale": [0.42, 0.45, 0.45]
		},
		"firstperson_lefthand": {
			"rotation": [-180, 44.75, -180],
			"translation": [-0.75, 4.9, 1.5],
			"scale": [0.42, 0.45, 0.45]
		}
	}
}