{
	"format_version": "1.21.6",
	"credit": "Made with Blockbench",
	"texture_size": [32, 32],
	"textures": {
		"1": "item/sniffer_spawn_egg_hand",
		"particle": "item/sniffer_spawn_egg_hand"
	},
	"elements": [
		{
			"name": "egg",
			"from": [5, 0, 5],
			"to": [11, 7, 11],
			"rotation": {"angle": 0, "axis": "y", "origin": [5, 0, 5]},
			"faces": {
				"north": {"uv": [0, 0, 3, 3.5], "texture": "#1"},
				"east": {"uv": [3, 0, 6, 3.5], "texture": "#1"},
				"south": {"uv": [0, 3.5, 3, 7], "texture": "#1"},
				"west": {"uv": [3, 0, 6, 3.5], "texture": "#1"},
				"up": {"uv": [6, 6.5, 3, 3.5], "texture": "#1"},
				"down": {"uv": [9, 0, 6, 3], "texture": "#1"}
			}
		},
		{
			"from": [6, 0, 3],
			"to": [10, 4, 5],
			"rotation": {"angle": 0, "axis": "y", "origin": [8, 0, 3]},
			"faces": {
				"north": {"uv": [6, 3, 8, 5], "texture": "#1"},
				"east": {"uv": [7, 5, 6, 7], "texture": "#1"},
				"south": {"uv": [6, 3, 8, 5], "texture": "#1"},
				"west": {"uv": [6, 5, 7, 7], "texture": "#1"},
				"up": {"uv": [5, 7.5, 3, 6.5], "texture": "#1"},
				"down": {"uv": [5, 6.5, 3, 7.5], "texture": "#1"}
			}
		},
		{
			"from": [4.9, 3.3, 4.9],
			"to": [11.1, 8, 11.1],
			"rotation": {"angle": 0, "axis": "y", "origin": [5, 6, 5]},
			"faces": {
				"north": {"uv": [9, 2.5, 12, 5], "texture": "#1"},
				"east": {"uv": [9, 0, 12, 2.5], "texture": "#1"},
				"south": {"uv": [9, 0, 12, 2.5], "texture": "#1"},
				"west": {"uv": [9, 0, 12, 2.5], "texture": "#1"},
				"up": {"uv": [12, 0, 15, 3], "texture": "#1"},
				"down": {"uv": [12, 3, 15, 6], "texture": "#1"}
			}
		}
	],
	"display": {
		"thirdperson_righthand": {
			"rotation": [0, 90, 0],
			"translation": [0, 4.95, 1.5],
			"scale": [0.62, 0.62, 0.62]
		},
		"thirdperson_lefthand": {
			"rotation": [0, 90, 0],
			"translation": [0, 4.95, 1.5],
			"scale": [0.62, 0.62, 0.62]
		},
		"firstperson_righthand": {
			"rotation": [0.73, 114, -0.13],
			"translation": [-3.5, 6.75, 5],
			"scale": [0.31, 0.35, 0.31]
		},
		"firstperson_lefthand": {
			"rotation": [0.73, 114, -0.13],
			"translation": [-3.5, 6.75, 5],
			"scale": [0.31, 0.35, 0.31]
		}
	}
}