{
  "parent": "minecraft:item/handheld",
  "textures": {
    "layer0": "minecraft:item/suspicious_stew_allium"
  },
  "overrides": [
    { "predicate": { "pommel:is_held": 1.0 }, "model": "minecraft:item/suspicious_stew_fire_resistance_3d" },
    { "predicate": { "eating": 1.0, "eat": 0.04 }, "model": "minecraft:item/eatinganimation/suspicious_stew_fire_resistance/suspicious_stew_fire_resistance_eat_0" },
    { "predicate": { "eating": 1.0, "eat": 0.12 }, "model": "minecraft:item/eatinganimation/suspicious_stew_fire_resistance/suspicious_stew_fire_resistance_eat_1" },
    { "predicate": { "eating": 1.0, "eat": 0.19 }, "model": "minecraft:item/eatinganimation/suspicious_stew_fire_resistance/suspicious_stew_fire_resistance_eat_2" },
    { "predicate": { "eating": 1.0, "eat": 0.27 }, "model": "minecraft:item/eatinganimation/suspicious_stew_fire_resistance/suspicious_stew_fire_resistance_eat_3" },
    { "predicate": { "eating": 1.0, "eat": 0.35 }, "model": "minecraft:item/eatinganimation/suspicious_stew_fire_resistance/suspicious_stew_fire_resistance_eat_4" },
    { "predicate": { "eating": 1.0, "eat": 0.42 }, "model": "minecraft:item/eatinganimation/suspicious_stew_fire_resistance/suspicious_stew_fire_resistance_eat_5" },
    { "predicate": { "eating": 1.0, "eat": 0.50 }, "model": "minecraft:item/eatinganimation/suspicious_stew_fire_resistance/suspicious_stew_fire_resistance_eat_6" },
    { "predicate": { "eating": 1.0, "eat": 0.58 }, "model": "minecraft:item/eatinganimation/suspicious_stew_fire_resistance/suspicious_stew_fire_resistance_eat_7" },
    { "predicate": { "eating": 1.0, "eat": 0.65 }, "model": "minecraft:item/eatinganimation/suspicious_stew_fire_resistance/suspicious_stew_fire_resistance_eat_8" },
    { "predicate": { "eating": 1.0, "eat": 0.73 }, "model": "minecraft:item/eatinganimation/suspicious_stew_fire_resistance/suspicious_stew_fire_resistance_eat_9" },
    { "predicate": { "eating": 1.0, "eat": 0.81 }, "model": "minecraft:item/eatinganimation/suspicious_stew_fire_resistance/suspicious_stew_fire_resistance_eat_10" },
    { "predicate": { "eating": 1.0, "eat": 0.88 }, "model": "minecraft:item/eatinganimation/suspicious_stew_fire_resistance/suspicious_stew_fire_resistance_eat_11" },
    { "predicate": { "eating": 1.0, "eat": 0.96 }, "model": "minecraft:item/eatinganimation/suspicious_stew_fire_resistance/suspicious_stew_fire_resistance_eat_12" },
    { "predicate": { "pommel:is_ground": 1.0 }, "model": "minecraft:item/suspicious_stew_fire_resistance_3d" }
  ]
}
