{
	"format_version": "1.21.6",
	"credit": "Made with Blockbench",
	"textures": {
		"1": "item/tadpole_hand",
		"3": "item/bucket_hand"
	},
	"elements": [
		{
			"name": "body",
			"from": [4.65943, 8.05046, 6.215],
			"to": [8.22943, 10.43046, 9.785],
			"rotation": {"angle": -27, "axis": "z", "origin": [8.22943, 9.24046, 8]},
			"faces": {
				"north": {"uv": [12.25, 1, 13, 1.5], "texture": "#1"},
				"east": {"uv": [12.25, 1.5, 13, 2], "texture": "#1"},
				"south": {"uv": [10.75, 1.75, 11.5, 2.25], "texture": "#1"},
				"west": {"uv": [12.5, 0, 13.25, 0.5], "texture": "#1"},
				"up": {"uv": [11.5, 1.75, 10.75, 1], "texture": "#1"},
				"down": {"uv": [12.25, 1, 11.5, 1.75], "texture": "#1"}
			}
		},
		{
			"name": "tail",
			"from": [7.03943, 4.00446, 8],
			"to": [9.41943, 9.95446, 8],
			"rotation": {"angle": 40.5, "axis": "z", "origin": [8.22943, 8.76446, 8]},
			"faces": {
				"north": {"uv": [11.25, 0, 12.5, 0.5], "rotation": 270, "texture": "#1"},
				"east": {"uv": [16, 2.75, 11, 2.75], "rotation": 90, "texture": "#1"},
				"south": {"uv": [10.75, 0.5, 12, 1], "rotation": 90, "texture": "#1"},
				"west": {"uv": [9, 2.75, 14, 2.75], "rotation": 90, "texture": "#1"},
				"up": {"uv": [10.75, 0, 10.75, 2], "rotation": 90, "texture": "#1"},
				"down": {"uv": [10.75, 0, 10.75, 2], "rotation": 90, "texture": "#1"}
			}
		},
		{
			"name": "body",
			"from": [4.65943, 7.95046, 6.215],
			"to": [8.22943, 10.33046, 9.785],
			"rotation": {"angle": -24, "axis": "z", "origin": [8.22943, 9.14046, 8]},
			"faces": {
				"north": {"uv": [9.25, 1, 10, 1.5], "texture": "#1"},
				"east": {"uv": [9.25, 1.5, 10, 2], "texture": "#1"},
				"south": {"uv": [7.75, 1.75, 8.5, 2.25], "texture": "#1"},
				"west": {"uv": [9.5, 0, 10.25, 0.5], "texture": "#1"},
				"up": {"uv": [8.5, 1.75, 7.75, 1], "texture": "#1"},
				"down": {"uv": [9.25, 1, 8.5, 1.75], "texture": "#1"}
			}
		},
		{
			"name": "tail",
			"from": [7.03943, 3.90446, 8],
			"to": [9.41943, 9.85446, 8],
			"rotation": {"angle": 43.5, "axis": "z", "origin": [8.22943, 8.66446, 8]},
			"faces": {
				"north": {"uv": [8.25, 0, 9.5, 0.5], "rotation": 270, "texture": "#1"},
				"east": {"uv": [14.75, 0, 9.75, 0], "rotation": 90, "texture": "#1"},
				"south": {"uv": [7.75, 0.5, 9, 1], "rotation": 90, "texture": "#1"},
				"west": {"uv": [7.75, 0, 12.75, 0], "rotation": 90, "texture": "#1"},
				"up": {"uv": [7.75, 0, 7.75, 2], "rotation": 90, "texture": "#1"},
				"down": {"uv": [7.75, 0, 7.75, 2], "rotation": 90, "texture": "#1"}
			}
		},
		{
			"name": "body",
			"from": [4.65943, 7.80046, 6.215],
			"to": [8.22943, 10.18046, 9.785],
			"rotation": {"angle": -29, "axis": "z", "origin": [8.22943, 8.99046, 8]},
			"faces": {
				"north": {"uv": [6.75, 1, 7.5, 1.5], "texture": "#1"},
				"east": {"uv": [6.75, 1.5, 7.5, 2], "texture": "#1"},
				"south": {"uv": [5.25, 1.75, 6, 2.25], "texture": "#1"},
				"west": {"uv": [7, 0, 7.75, 0.5], "texture": "#1"},
				"up": {"uv": [6, 1.75, 5.25, 1], "texture": "#1"},
				"down": {"uv": [6.75, 1, 6, 1.75], "texture": "#1"}
			}
		},
		{
			"name": "tail",
			"from": [7.03943, 3.75446, 8],
			"to": [9.41943, 9.70446, 8],
			"rotation": {"angle": 38.5, "axis": "z", "origin": [8.22943, 8.51446, 8]},
			"faces": {
				"north": {"uv": [5.75, 0, 7, 0.5], "rotation": 270, "texture": "#1"},
				"east": {"uv": [12.25, 0, 7.25, 0], "rotation": 90, "texture": "#1"},
				"south": {"uv": [5.25, 0.5, 6.5, 1], "rotation": 90, "texture": "#1"},
				"west": {"uv": [5.25, 0, 10.25, 0], "rotation": 90, "texture": "#1"},
				"up": {"uv": [5.25, 0, 5.25, 2], "rotation": 90, "texture": "#1"},
				"down": {"uv": [5.25, 0, 5.25, 2], "rotation": 90, "texture": "#1"}
			}
		},
		{
			"name": "body",
			"from": [4.65943, 7.85046, 6.215],
			"to": [8.22943, 10.23046, 9.785],
			"rotation": {"angle": -33, "axis": "z", "origin": [8.22943, 9.04046, 8]},
			"faces": {
				"north": {"uv": [4, 1, 4.75, 1.5], "texture": "#1"},
				"east": {"uv": [4, 1.5, 4.75, 2], "texture": "#1"},
				"south": {"uv": [2.5, 1.75, 3.25, 2.25], "texture": "#1"},
				"west": {"uv": [4.25, 0, 5, 0.5], "texture": "#1"},
				"up": {"uv": [3.25, 1.75, 2.5, 1], "texture": "#1"},
				"down": {"uv": [4, 1, 3.25, 1.75], "texture": "#1"}
			}
		},
		{
			"name": "tail",
			"from": [7.03943, 3.80446, 8],
			"to": [9.41943, 9.75446, 8],
			"rotation": {"angle": 34.5, "axis": "z", "origin": [8.22943, 8.56446, 8]},
			"faces": {
				"north": {"uv": [3, 0, 4.25, 0.5], "rotation": 270, "texture": "#1"},
				"east": {"uv": [9.5, 0, 4.5, 0], "rotation": 90, "texture": "#1"},
				"south": {"uv": [2.5, 0.5, 3.75, 1], "rotation": 90, "texture": "#1"},
				"west": {"uv": [2.5, 0, 7.5, 0], "rotation": 90, "texture": "#1"},
				"up": {"uv": [2.5, 0, 2.5, 2], "rotation": 90, "texture": "#1"},
				"down": {"uv": [2.5, 0, 2.5, 2], "rotation": 90, "texture": "#1"}
			}
		},
		{
			"name": "body",
			"from": [4.73443, 7.95046, 6.215],
			"to": [8.30443, 10.33046, 9.785],
			"rotation": {"angle": -30, "axis": "z", "origin": [8.30443, 9.14046, 8]},
			"faces": {
				"north": {"uv": [1.5, 1, 2.25, 1.5], "texture": "#1"},
				"east": {"uv": [1.5, 1.5, 2.25, 2], "texture": "#1"},
				"south": {"uv": [0, 1.75, 0.75, 2.25], "texture": "#1"},
				"west": {"uv": [1.75, 0, 2.5, 0.5], "texture": "#1"},
				"up": {"uv": [0.75, 1.75, 0, 1], "texture": "#1"},
				"down": {"uv": [1.5, 1, 0.75, 1.75], "texture": "#1"}
			}
		},
		{
			"name": "tail",
			"from": [7.11443, 3.90446, 8],
			"to": [9.49443, 9.85446, 8],
			"rotation": {"angle": 37.5, "axis": "z", "origin": [8.30443, 8.66446, 8]},
			"faces": {
				"north": {"uv": [0.5, 0, 1.75, 0.5], "rotation": 270, "texture": "#1"},
				"east": {"uv": [7, 0, 2, 0], "rotation": 90, "texture": "#1"},
				"south": {"uv": [0, 0.5, 1.25, 1], "rotation": 90, "texture": "#1"},
				"west": {"uv": [0, 0, 5, 0], "rotation": 90, "texture": "#1"},
				"up": {"uv": [0, 0, 0, 2], "rotation": 90, "texture": "#1"},
				"down": {"uv": [0, 0, 0, 2], "rotation": 90, "texture": "#1"}
			}
		},
		{
			"from": [4, 10, 4],
			"to": [12, 10, 12],
			"rotation": {"angle": 0, "axis": "y", "origin": [8, 8, 4]},
			"faces": {
				"north": {"uv": [0, 0, 8, 0], "texture": "#3"},
				"east": {"uv": [0, 0, 8, 0], "texture": "#3"},
				"south": {"uv": [0, 0, 8, 0], "texture": "#3"},
				"west": {"uv": [0, 0, 8, 0], "texture": "#3"},
				"up": {"uv": [16, 4, 12, 0], "texture": "#3"},
				"down": {"uv": [16, 0, 12, 4], "texture": "#3"}
			}
		},
		{
			"from": [3, 2, 3],
			"to": [12, 11, 4],
			"rotation": {"angle": 0, "axis": "y", "origin": [3, 1, 3]},
			"faces": {
				"north": {"uv": [4.5, 0, 9, 4.5], "texture": "#3"},
				"east": {"uv": [1, 9, 1.5, 13.5], "texture": "#3"},
				"south": {"uv": [0, 0, 4.5, 4.5], "texture": "#3"},
				"west": {"uv": [0, 9, 0.5, 13.5], "texture": "#3"},
				"up": {"uv": [9, 4.5, 9.5, 0], "rotation": 90, "texture": "#3"},
				"down": {"uv": [3.5, 9.5, 3, 10], "texture": "#3"}
			}
		},
		{
			"from": [3, 2, 4],
			"to": [4, 11, 13],
			"rotation": {"angle": 0, "axis": "y", "origin": [3, 1, 13]},
			"faces": {
				"north": {"uv": [1.5, 9, 2, 13.5], "texture": "#3"},
				"east": {"uv": [0, 0, 4.5, 4.5], "texture": "#3"},
				"south": {"uv": [0, 9, 0.5, 13.5], "texture": "#3"},
				"west": {"uv": [0, 4.5, 4.5, 9], "texture": "#3"},
				"up": {"uv": [9.5, 4.5, 9, 0], "texture": "#3"},
				"down": {"uv": [1, 9, 0.5, 13.5], "texture": "#3"}
			}
		},
		{
			"from": [4, 2, 12],
			"to": [13, 11, 13],
			"rotation": {"angle": 0, "axis": "y", "origin": [13, 1, 13]},
			"faces": {
				"north": {"uv": [0, 0, 4.5, 4.5], "texture": "#3"},
				"east": {"uv": [0, 9, 0.5, 13.5], "texture": "#3"},
				"south": {"uv": [0, 4.5, 4.5, 9], "texture": "#3"},
				"west": {"uv": [1.5, 9, 2, 13.5], "texture": "#3"},
				"up": {"uv": [9, 0, 9.5, 4.5], "rotation": 90, "texture": "#3"},
				"down": {"uv": [1, 9.5, 0.5, 9], "texture": "#3"}
			}
		},
		{
			"from": [12, 2, 3],
			"to": [13, 11, 12],
			"rotation": {"angle": 0, "axis": "y", "origin": [12, 1, 13]},
			"faces": {
				"north": {"uv": [2, 9, 2.5, 13.5], "texture": "#3"},
				"east": {"uv": [0, 4.5, 4.5, 9], "texture": "#3"},
				"south": {"uv": [2.5, 9, 3, 13.5], "texture": "#3"},
				"west": {"uv": [0, 0, 4.5, 4.5], "texture": "#3"},
				"up": {"uv": [9.5, 0, 9, 4.5], "texture": "#3"},
				"down": {"uv": [3.5, 9, 3, 13.5], "texture": "#3"}
			}
		},
		{
			"from": [4, 0, 4],
			"to": [12, 2, 12],
			"rotation": {"angle": 0, "axis": "y", "origin": [4, 0, 4]},
			"faces": {
				"north": {"uv": [0, 13.5, 4, 14.5], "texture": "#3"},
				"east": {"uv": [0, 13.5, 4, 14.5], "texture": "#3"},
				"south": {"uv": [0, 13.5, 4, 14.5], "texture": "#3"},
				"west": {"uv": [0, 13.5, 4, 14.5], "texture": "#3"},
				"up": {"uv": [8.5, 8.5, 4.5, 4.5], "texture": "#3"},
				"down": {"uv": [8.5, 8.5, 4.5, 12.5], "texture": "#3"}
			}
		}
	],
	"display": {
		"thirdperson_righthand": {
			"rotation": [68, -90, 0],
			"translation": [-0.05, 0.5, -1.5],
			"scale": [0.57, 0.59, 0.57]
		},
		"thirdperson_lefthand": {
			"rotation": [68, 90, 0],
			"translation": [-0.05, 0.5, -1.5],
			"scale": [0.57, 0.59, 0.57]
		},
		"firstperson_righthand": {
			"rotation": [1.08, 22.22, 0.99],
			"translation": [-2.5, 4.5, 3.75],
			"scale": [0.31, 0.38, 0.31]
		},
		"firstperson_lefthand": {
			"rotation": [-178.96, -21.01, 179.34],
			"translation": [-2.5, 4.5, 3.75],
			"scale": [0.31, 0.38, 0.31]
		}
	},
	"groups": [
		{
			"name": "5",
			"origin": [0, 0, 0],
			"color": 0,
			"children": [0, 1]
		},
		{
			"name": "4",
			"origin": [0, 0, 0],
			"color": 0,
			"children": [2, 3]
		},
		{
			"name": "3",
			"origin": [0, 0, 0],
			"color": 0,
			"children": [4, 5]
		},
		{
			"name": "2",
			"origin": [0, 0, 0],
			"color": 0,
			"children": [6, 7]
		},
		{
			"name": "1",
			"origin": [0, 0, 0],
			"color": 0,
			"children": [8, 9]
		},
		10,
		11,
		12,
		13,
		14,
		15
	]
}