{
	"format_version": "1.21.6",
	"credit": "Made with Blockbench",
	"texture_size": [32, 32],
	"textures": {
		"1": "item/tropical_fish_3d",
		"particle": "item/tropical_fish"
	},
	"elements": [
		{
			"name": "body",
			"from": [7, 0, 3],
			"to": [9, 3, 9],
			"rotation": {"angle": 0, "axis": "y", "origin": [8, 0, 6]},
			"faces": {
				"north": {"uv": [3, 3, 4, 4.5], "texture": "#1"},
				"east": {"uv": [0, 3, 3, 4.5], "texture": "#1"},
				"south": {"uv": [7, 3, 8, 4.5], "texture": "#1"},
				"west": {"uv": [4, 3, 7, 4.5], "texture": "#1"},
				"up": {"uv": [4, 3, 3, 0], "texture": "#1"},
				"down": {"uv": [5, 0, 4, 3], "texture": "#1"}
			}
		},
		{
			"name": "right_fin",
			"from": [9, 0, 6],
			"to": [11, 2, 6],
			"rotation": {"angle": -45, "axis": "y", "origin": [9, 1, 6]},
			"faces": {
				"north": {"uv": [1, 8, 2, 9], "texture": "#1"},
				"east": {"uv": [1, 8, 1, 9], "texture": "#1"},
				"south": {"uv": [1, 6, 2, 7], "texture": "#1"},
				"west": {"uv": [2, 8, 2, 9], "texture": "#1"},
				"up": {"uv": [2, 8, 1, 8], "texture": "#1"},
				"down": {"uv": [3, 8, 2, 8], "texture": "#1"}
			}
		},
		{
			"name": "left_fin",
			"from": [5, 0, 6],
			"to": [7, 2, 6],
			"rotation": {"angle": 45, "axis": "y", "origin": [7, 1, 6]},
			"faces": {
				"north": {"uv": [1, 6, 2, 7], "texture": "#1"},
				"east": {"uv": [1, 6, 1, 7], "texture": "#1"},
				"south": {"uv": [1, 8, 2, 9], "texture": "#1"},
				"west": {"uv": [2, 6, 2, 7], "texture": "#1"},
				"up": {"uv": [2, 6, 1, 6], "texture": "#1"},
				"down": {"uv": [3, 6, 2, 6], "texture": "#1"}
			}
		},
		{
			"name": "fin_top",
			"from": [8, 3, 3],
			"to": [8, 7, 9],
			"rotation": {"angle": 0, "axis": "y", "origin": [8, 0, 6]},
			"faces": {
				"north": {"uv": [8, 0, 8, 2], "texture": "#1"},
				"east": {"uv": [5, 0, 8, 2], "texture": "#1"},
				"south": {"uv": [11, 0, 11, 2], "texture": "#1"},
				"west": {"uv": [8, 0, 11, 2], "texture": "#1"},
				"up": {"uv": [8, 0, 8, -3], "texture": "#1"},
				"down": {"uv": [8, -3, 8, 0], "texture": "#1"}
			}
		},
		{
			"name": "tail",
			"from": [8, 0, 9],
			"to": [8, 3, 13],
			"rotation": {"angle": 0, "axis": "y", "origin": [8, 0, 6]},
			"faces": {
				"north": {"uv": [14, 0, 14, 1.5], "texture": "#1"},
				"east": {"uv": [12, 0, 14, 1.5], "texture": "#1"},
				"south": {"uv": [16, 0, 16, 1.5], "texture": "#1"},
				"west": {"uv": [14, 0, 16, 1.5], "texture": "#1"},
				"up": {"uv": [14, 0, 14, -2], "texture": "#1"},
				"down": {"uv": [14, -2, 14, 0], "texture": "#1"}
			}
		}
	],
	"display": {
		"thirdperson_righthand": {
			"rotation": [90, 0, -180],
			"translation": [0, -1.75, -4.25],
			"scale": [0.75, 0.75, 0.75]
		},
		"thirdperson_lefthand": {
			"rotation": [90, 0, -180],
			"translation": [0, -1.75, -4.25],
			"scale": [0.75, 0.75, 0.75]
		},
		"firstperson_righthand": {
			"translation": [0.5, 8.25, 3]
		},
		"firstperson_lefthand": {
			"translation": [0.5, 8.25, 3]
		},
		"ground": {
			"translation": [0, 4.25, 0],
			"scale": [0.75, 0.75, 0.75]
		},
		"gui": {
			"rotation": [30, 135, 0],
			"translation": [1.25, 10.5, 1],
			"scale": [1.75, 1.75, 1.75]
		},
		"head": {
			"translation": [0, 14.5, 0]
		},
		"fixed": {
			"rotation": [0, 90, 0],
			"translation": [1.25, 9.5, 0.9],
			"scale": [1.5, 1.5, 1.5]
		}
	},
	"groups": [
		{
			"name": "body",
			"origin": [0, 1.5, 0],
			"color": 0,
			"children": [
				0,
				{
					"name": "right_fin",
					"origin": [1, 0, 0],
					"rotation": [0, -45, 0],
					"color": 0,
					"children": [1]
				},
				{
					"name": "left_fin",
					"origin": [-1, 0, 0],
					"rotation": [0, 45, 0],
					"color": 0,
					"children": [2]
				}
			]
		},
		{
			"name": "fin_top",
			"origin": [0, 3, -3],
			"color": 0,
			"children": [3]
		},
		{
			"name": "tail",
			"origin": [0, 1.5, 3],
			"color": 0,
			"children": [4]
		}
	]
}