{
	"format_version": "1.21.11",
	"credit": "Made with Blockbench",
	"textures": {
		"0": "item/turtle_scute_hand",
		"particle": "item/turtle_scute_hand"
	},
	"elements": [
		{
			"from": [4.5, 0, 5.5],
			"to": [11.5, 2, 10.5],
			"rotation": {"x": 0, "y": 0, "z": 0, "origin": [4.5, 0, 10.5]},
			"faces": {
				"north": {"uv": [12, 7, 5, 9], "texture": "#0"},
				"east": {"uv": [0, 5, 5, 7], "texture": "#0"},
				"south": {"uv": [12, 5, 5, 7], "texture": "#0"},
				"west": {"uv": [5, 5, 0, 7], "texture": "#0"},
				"up": {"uv": [7, 0, 0, 5], "texture": "#0"},
				"down": {"uv": [14, 5, 7, 0], "texture": "#0"}
			}
		},
		{
			"name": "cube_outline",
			"from": [11.6, 2.1, 10.6],
			"to": [4.4, -0.1, 5.4],
			"rotation": {"x": 0, "y": 0, "z": 0, "origin": [4.5, 0, 10.5]},
			"faces": {
				"north": {"uv": [3, 7, 0, 9], "rotation": 180, "texture": "#0"},
				"east": {"uv": [3, 7, 0, 9], "rotation": 180, "texture": "#0"},
				"south": {"uv": [3, 7, 0, 9], "rotation": 180, "texture": "#0"},
				"west": {"uv": [0, 7, 3, 9], "rotation": 180, "texture": "#0"},
				"up": {"uv": [3, 10, 0, 7], "rotation": 180, "texture": "#0"},
				"down": {"uv": [3, 7, 0, 10], "rotation": 180, "texture": "#0"}
			}
		}
	],
	"display": {
		"thirdperson_righthand": {
			"translation": [0, 4.5, 1.75],
			"scale": [0.56, 0.56, 0.56]
		},
		"thirdperson_lefthand": {
			"translation": [0, 4.5, 1.75],
			"scale": [0.56, 0.56, 0.56]
		},
		"firstperson_righthand": {
			"rotation": [0, -70, 0],
			"translation": [0, 6.25, 1.75],
			"scale": [0.41, 0.61, 0.63]
		},
		"firstperson_lefthand": {
			"rotation": [0, -70, 0],
			"translation": [0, 6.25, 1.75],
			"scale": [0.41, 0.61, 0.63]
		}
	}
}