{
	"format_version": "1.21.6",
	"credit": "Made with Blockbench",
	"texture_size": [32, 32],
	"textures": {
		"2": "item/warden_spawn_egg_hand"
	},
	"elements": [
		{
			"name": "egg",
			"from": [5, 0, 5],
			"to": [11, 7, 11],
			"rotation": {"angle": 0, "axis": "y", "origin": [5, 0, 5]},
			"faces": {
				"north": {"uv": [0, 0, 3, 3.5], "texture": "#2"},
				"east": {"uv": [6, 0, 3, 3.5], "texture": "#2"},
				"south": {"uv": [0, 3.5, 3, 7], "texture": "#2"},
				"west": {"uv": [3, 0, 6, 3.5], "texture": "#2"},
				"up": {"uv": [9, 6, 6, 3], "texture": "#2"},
				"down": {"uv": [9, 6, 6, 9], "texture": "#2"}
			}
		},
		{
			"from": [5.98, 0.7, 4.95],
			"to": [10.02, 6.3, 4.95],
			"rotation": {"angle": 0, "axis": "y", "origin": [6.18, 0.9, 3.91]},
			"faces": {
				"north": {"uv": [10, 0.5, 13, 5], "texture": "#2"},
				"east": {"uv": [0, 0, 0, 5], "texture": "#2"},
				"south": {"uv": [13, 0, 9.5, 5], "texture": "#2"},
				"west": {"uv": [0, 0, 0, 5], "texture": "#2"},
				"up": {"uv": [0, 0, 3.5, 0], "texture": "#2"},
				"down": {"uv": [0, 0, 3.5, 0], "texture": "#2"}
			}
		},
		{
			"from": [4.807, 0.495, 4.807],
			"to": [11.193, 7.705, 11.193],
			"rotation": {"angle": 0, "axis": "y", "origin": [4.91, 0.495, 4.91]},
			"faces": {
				"north": {"uv": [0, 9.5, 3, 13], "texture": "#2"},
				"east": {"uv": [3, 9.5, 6.5, 13], "texture": "#2"},
				"south": {"uv": [6.5, 12, 9.6, 15.5], "texture": "#2"},
				"west": {"uv": [6.5, 9.5, 3, 13], "texture": "#2"},
				"up": {"uv": [0, 13.45, 3.1, 16], "texture": "#2"},
				"down": {"uv": [0, 13.45, 3.1, 16], "texture": "#2"}
			}
		},
		{
			"name": "cube_outline",
			"from": [11.193, 7.705, 11.193],
			"to": [4.807, 0.495, 4.807],
			"rotation": {"angle": 0, "axis": "y", "origin": [4.91, 0.495, 4.91]},
			"faces": {
				"north": {"uv": [6.5, 12, 9.6, 15.5], "rotation": 180, "texture": "#2"},
				"east": {"uv": [3, 9.5, 6.5, 13], "rotation": 180, "texture": "#2"},
				"south": {"uv": [0, 9.5, 3, 13], "rotation": 180, "texture": "#2"},
				"west": {"uv": [6.5, 9.5, 3, 13], "rotation": 180, "texture": "#2"},
				"up": {"uv": [0, 13.45, 3.1, 16], "rotation": 180, "texture": "#2"},
				"down": {"uv": [0, 13.45, 3.1, 16], "rotation": 180, "texture": "#2"}
			}
		},
		{
			"from": [1, 4, 8],
			"to": [15, 10.5, 8],
			"rotation": {"angle": 0, "axis": "y", "origin": [3, 4, 6]},
			"faces": {
				"north": {"uv": [9, 6, 16, 9], "texture": "#2"},
				"east": {"uv": [0, 0, 0, 3], "texture": "#2"},
				"south": {"uv": [16, 6, 9, 9], "texture": "#2"},
				"west": {"uv": [0, 0, 0, 3], "texture": "#2"},
				"up": {"uv": [0, 0, 7, 0], "texture": "#2"},
				"down": {"uv": [0, 0, 7, 0], "texture": "#2"}
			}
		}
	],
	"display": {
		"thirdperson_righthand": {
			"rotation": [0, 90, 0],
			"translation": [0, 4.95, 1.5],
			"scale": [0.62, 0.62, 0.62]
		},
		"thirdperson_lefthand": {
			"rotation": [0, 90, 0],
			"translation": [0, 4.95, 1.5],
			"scale": [0.62, 0.62, 0.62]
		},
		"firstperson_righthand": {
			"rotation": [0.73, 114, -0.13],
			"translation": [-3.5, 6.75, 5],
			"scale": [0.31, 0.35, 0.31]
		},
		"firstperson_lefthand": {
			"rotation": [0.73, 114, -0.13],
			"translation": [-3.5, 6.75, 5],
			"scale": [0.31, 0.35, 0.31]
		}
	}
}