{
	"format_version": "1.21.6",
	"credit": "Made with Blockbench",
	"texture_size": [32, 32],
	"textures": {
		"1": "item/zoglin_spawn_egg_hand",
		"particle": "item/zoglin_spawn_egg_hand"
	},
	"elements": [
		{
			"name": "egg",
			"from": [5, 0, 5],
			"to": [11, 6, 11],
			"light_emission": 7,
			"rotation": {"angle": 0, "axis": "y", "origin": [5, 0, 5]},
			"faces": {
				"north": {"uv": [0, 0, 3, 3], "texture": "#1"},
				"east": {"uv": [0, 0, 3, 3], "texture": "#1"},
				"south": {"uv": [3, 0, 6, 3], "texture": "#1"},
				"west": {"uv": [3, 3, 0, 6], "texture": "#1"},
				"up": {"uv": [6, 6, 3, 3], "texture": "#1"},
				"down": {"uv": [3, 6, 0, 9], "texture": "#1"}
			}
		},
		{
			"name": "egg",
			"from": [5, 6, 5],
			"to": [11, 7, 11],
			"light_emission": 7,
			"rotation": {"angle": 0, "axis": "y", "origin": [5, -1, 5]},
			"faces": {
				"north": {"uv": [7.5, 3, 10.5, 3.5], "texture": "#1"},
				"east": {"uv": [7.5, 3.5, 10.5, 4], "texture": "#1"},
				"south": {"uv": [7.5, 4, 10.5, 4.5], "texture": "#1"},
				"west": {"uv": [10.5, 3.5, 7.5, 4], "texture": "#1"},
				"up": {"uv": [3, 6, 6, 3], "texture": "#1"},
				"down": {"uv": [0, 6, 3, 9], "texture": "#1"}
			}
		},
		{
			"from": [6.025, 1.01047, 3.22883],
			"to": [9.975, 6.51047, 6.02883],
			"rotation": {"angle": 25.5, "axis": "x", "origin": [8, 2.8, 5.2]},
			"faces": {
				"north": {"uv": [6, 0, 8, 3], "texture": "#1"},
				"east": {"uv": [3, 6, 4.5, 9], "texture": "#1"},
				"south": {"uv": [6, 0, 8, 3], "texture": "#1"},
				"west": {"uv": [9.5, 0, 8, 3], "texture": "#1"},
				"up": {"uv": [6.5, 7.5, 4.5, 6], "texture": "#1"},
				"down": {"uv": [8.5, 5, 6.5, 6.5], "texture": "#1"}
			}
		},
		{
			"from": [5.1, 3.50768, 0.92388],
			"to": [6.1, 4.50768, 4.74888],
			"rotation": {"angle": 22.5, "axis": "x", "origin": [6.1, 2.125, 1]},
			"faces": {
				"north": {"uv": [6, 5, 6.5, 5.5], "texture": "#1"},
				"east": {"uv": [7.5, 4.5, 9.5, 5], "texture": "#1"},
				"south": {"uv": [6, 5.5, 6.5, 6], "texture": "#1"},
				"west": {"uv": [9.5, 4.5, 7.5, 5], "texture": "#1"},
				"up": {"uv": [9.5, 5, 7.5, 4.5], "rotation": 90, "texture": "#1"},
				"down": {"uv": [7.5, 5, 9.5, 4.5], "rotation": 90, "texture": "#1"}
			}
		},
		{
			"from": [9.9, 3.50768, 0.92388],
			"to": [10.9, 4.50768, 4.74888],
			"rotation": {"angle": 22.5, "axis": "x", "origin": [9.9, 2.125, 1]},
			"faces": {
				"north": {"uv": [6.5, 5, 6, 5.5], "texture": "#1"},
				"east": {"uv": [7.5, 4.5, 9.5, 5], "texture": "#1"},
				"south": {"uv": [6.5, 5.5, 6, 6], "texture": "#1"},
				"west": {"uv": [9.5, 4.5, 7.5, 5], "texture": "#1"},
				"up": {"uv": [9.5, 4.5, 7.5, 5], "rotation": 90, "texture": "#1"},
				"down": {"uv": [7.5, 4.5, 9.5, 5], "rotation": 90, "texture": "#1"}
			}
		},
		{
			"from": [4.075, 3, 6.5],
			"to": [5.075, 6, 9.5],
			"rotation": {"angle": -26, "axis": "z", "origin": [4.575, 4, 8]},
			"faces": {
				"north": {"uv": [4.5, 7.5, 5, 9.5], "texture": "#1"},
				"east": {"uv": [6, 3, 7.5, 5], "texture": "#1"},
				"south": {"uv": [4.5, 7.5, 5, 9.5], "texture": "#1"},
				"west": {"uv": [6, 3, 7.5, 5], "texture": "#1"},
				"up": {"uv": [5.5, 9, 5, 7.5], "texture": "#1"},
				"down": {"uv": [5.5, 7.5, 5, 9], "texture": "#1"}
			}
		},
		{
			"from": [10.925, 3, 6.5],
			"to": [11.925, 6, 9.5],
			"rotation": {"angle": 26, "axis": "z", "origin": [11.425, 4, 8]},
			"faces": {
				"north": {"uv": [5, 7.5, 4.5, 9.5], "texture": "#1"},
				"east": {"uv": [7.5, 3, 6, 5], "texture": "#1"},
				"south": {"uv": [5, 7.5, 4.5, 9.5], "texture": "#1"},
				"west": {"uv": [7.5, 3, 6, 5], "texture": "#1"},
				"up": {"uv": [5.5, 7.5, 5, 9], "texture": "#1"},
				"down": {"uv": [5, 7.5, 5.5, 9], "texture": "#1"}
			}
		},
		{
			"from": [8, 7, 5],
			"to": [8, 9, 9],
			"rotation": {"angle": 0, "axis": "y", "origin": [6, 7, 5]},
			"faces": {
				"north": {"uv": [0, 0, 0, 1], "texture": "#1"},
				"east": {"uv": [6.5, 6.5, 8.5, 7.5], "texture": "#1"},
				"south": {"uv": [0, 0, 0, 1], "texture": "#1"},
				"west": {"uv": [6.5, 6.5, 8.5, 7.5], "texture": "#1"},
				"up": {"uv": [0, 2, 0, 0], "texture": "#1"},
				"down": {"uv": [0, 0, 0, 2], "texture": "#1"}
			}
		},
		{
			"from": [4.95, 2.2, 7],
			"to": [4.95, 4.6, 9.5],
			"rotation": {"angle": 0, "axis": "y", "origin": [2.95, 1.9, 6.6]},
			"faces": {
				"north": {"uv": [0, 0, 0, 1.5], "texture": "#1"},
				"east": {"uv": [5.5, 7.5, 7, 9], "texture": "#1"},
				"south": {"uv": [0, 0, 0, 1.5], "texture": "#1"},
				"west": {"uv": [5.5, 7.5, 7, 9], "texture": "#1"},
				"up": {"uv": [0, 0, 0, 1.5], "texture": "#1"},
				"down": {"uv": [0, 0, 0, 1.5], "texture": "#1"}
			}
		},
		{
			"from": [4.95, 2.2, 6.6],
			"to": [4.95, 4.6, 7],
			"rotation": {"angle": 0, "axis": "y", "origin": [2.95, 1.9, 6.2]},
			"faces": {
				"north": {"uv": [0, 0, 0, 1.5], "texture": "#1"},
				"east": {"uv": [7, 7.5, 7.5, 9], "texture": "#1"},
				"south": {"uv": [0, 0, 0, 1.5], "texture": "#1"},
				"west": {"uv": [7, 7.5, 7.5, 9], "texture": "#1"},
				"up": {"uv": [0, 0, 0, 1.5], "texture": "#1"},
				"down": {"uv": [0, 0, 0, 1.5], "texture": "#1"}
			}
		},
		{
			"from": [11.05, 2.2, 6.5],
			"to": [11.05, 4.6, 9.5],
			"rotation": {"angle": 0, "axis": "y", "origin": [13.05, 1.9, 6.6]},
			"faces": {
				"north": {"uv": [0, 0, 0, 1.5], "texture": "#1"},
				"east": {"uv": [9, 7.5, 7.5, 9], "texture": "#1"},
				"south": {"uv": [0, 0, 0, 1.5], "texture": "#1"},
				"west": {"uv": [9, 7.5, 7.5, 9], "texture": "#1"},
				"up": {"uv": [0, 0, 0, 1.5], "texture": "#1"},
				"down": {"uv": [0, 0, 0, 1.5], "texture": "#1"}
			}
		}
	],
	"display": {
		"thirdperson_righthand": {
			"rotation": [0, 90, 0],
			"translation": [0, 4.95, 1.5],
			"scale": [0.62, 0.62, 0.62]
		},
		"thirdperson_lefthand": {
			"rotation": [0, 90, 0],
			"translation": [0, 4.95, 1.5],
			"scale": [0.62, 0.62, 0.62]
		},
		"firstperson_righthand": {
			"rotation": [0.73, 114, -0.13],
			"translation": [-3.5, 6.5, 5],
			"scale": [0.31, 0.34, 0.31]
		},
		"firstperson_lefthand": {
			"rotation": [0.73, 114, -0.13],
			"translation": [-3.5, 6.75, 5],
			"scale": [0.31, 0.35, 0.31]
		}
	}
}