{
	"format_version": "1.21.6",
	"credit": "Made with Blockbench",
	"parent": "item/generic_sword",
	"texture_size": [32, 32],
	"textures": {
		"1": "item/weapons/royal_netherite_warhammer",
		"particle": "item/weapons/royal_netherite_warhammer"
	},
	"elements": [
		{
			"name": "royal_netherite_warhammer_0",
			"from": [8, 0, 3.5],
			"to": [9.5, 0.5, 8.5],
			"faces": {
				"north": {"uv": [9.5, 3.5, 8, 4], "texture": "#1"},
				"east": {"uv": [9, 3.5, 9.5, 8.5], "rotation": 90, "texture": "#1"},
				"south": {"uv": [8, 8, 9.5, 8.5], "texture": "#1"},
				"west": {"uv": [8, 3.5, 8.5, 8.5], "rotation": 270, "texture": "#1"},
				"up": {"uv": [8, 3.5, 9.5, 8.5], "texture": "#1"},
				"down": {"uv": [8, 8.5, 9.5, 3.5], "texture": "#1"}
			}
		},
		{
			"name": "royal_netherite_warhammer_1",
			"from": [7.5, 0, 4],
			"to": [8, 0.5, 9],
			"faces": {
				"north": {"uv": [8, 4, 7.5, 4.5], "texture": "#1"},
				"east": {"uv": [7.5, 4, 8, 9], "rotation": 90, "texture": "#1"},
				"south": {"uv": [7.5, 8.5, 8, 9], "texture": "#1"},
				"west": {"uv": [7.5, 4, 8, 9], "rotation": 270, "texture": "#1"},
				"up": {"uv": [7.5, 4, 8, 9], "texture": "#1"},
				"down": {"uv": [7.5, 9, 8, 4], "texture": "#1"}
			}
		},
		{
			"name": "royal_netherite_warhammer_2",
			"from": [7, 0, 4.5],
			"to": [7.5, 0.5, 7],
			"faces": {
				"north": {"uv": [7.5, 4.5, 7, 5], "texture": "#1"},
				"east": {"uv": [7, 4.5, 7.5, 7], "rotation": 90, "texture": "#1"},
				"south": {"uv": [7, 6.5, 7.5, 7], "texture": "#1"},
				"west": {"uv": [7, 4.5, 7.5, 7], "rotation": 270, "texture": "#1"},
				"up": {"uv": [7, 4.5, 7.5, 7], "texture": "#1"},
				"down": {"uv": [7, 7, 7.5, 4.5], "texture": "#1"}
			}
		},
		{
			"name": "royal_netherite_warhammer_3",
			"from": [6.5, 0, 5],
			"to": [7, 0.5, 7],
			"faces": {
				"north": {"uv": [7, 5, 6.5, 5.5], "texture": "#1"},
				"east": {"uv": [6.5, 5, 7, 7], "rotation": 90, "texture": "#1"},
				"south": {"uv": [6.5, 6.5, 7, 7], "texture": "#1"},
				"west": {"uv": [6.5, 5, 7, 7], "rotation": 270, "texture": "#1"},
				"up": {"uv": [6.5, 5, 7, 7], "texture": "#1"},
				"down": {"uv": [6.5, 7, 7, 5], "texture": "#1"}
			}
		},
		{
			"name": "royal_netherite_warhammer_4",
			"from": [9.5, 0, 5],
			"to": [10, 0.5, 10],
			"faces": {
				"north": {"uv": [10, 5, 9.5, 5.5], "texture": "#1"},
				"east": {"uv": [9.5, 5, 10, 10], "rotation": 90, "texture": "#1"},
				"south": {"uv": [9.5, 9.5, 10, 10], "texture": "#1"},
				"west": {"uv": [9.5, 5, 10, 10], "rotation": 270, "texture": "#1"},
				"up": {"uv": [9.5, 5, 10, 10], "texture": "#1"},
				"down": {"uv": [9.5, 10, 10, 5], "texture": "#1"}
			}
		},
		{
			"name": "royal_netherite_warhammer_5",
			"from": [6, 0, 5.5],
			"to": [6.5, 0.5, 7],
			"faces": {
				"north": {"uv": [6.5, 5.5, 6, 6], "texture": "#1"},
				"east": {"uv": [6, 5.5, 6.5, 7], "rotation": 90, "texture": "#1"},
				"south": {"uv": [6, 6.5, 6.5, 7], "texture": "#1"},
				"west": {"uv": [6, 5.5, 6.5, 7], "rotation": 270, "texture": "#1"},
				"up": {"uv": [6, 5.5, 6.5, 7], "texture": "#1"},
				"down": {"uv": [6, 7, 6.5, 5.5], "texture": "#1"}
			}
		},
		{
			"name": "royal_netherite_warhammer_6",
			"from": [10, 0, 5.5],
			"to": [10.5, 0.5, 10],
			"faces": {
				"north": {"uv": [10.5, 5.5, 10, 6], "texture": "#1"},
				"east": {"uv": [10, 5.5, 10.5, 10], "rotation": 90, "texture": "#1"},
				"south": {"uv": [10, 9.5, 10.5, 10], "texture": "#1"},
				"west": {"uv": [10, 5.5, 10.5, 10], "rotation": 270, "texture": "#1"},
				"up": {"uv": [10, 5.5, 10.5, 10], "texture": "#1"},
				"down": {"uv": [10, 10, 10.5, 5.5], "texture": "#1"}
			}
		},
		{
			"name": "royal_netherite_warhammer_7",
			"from": [10.5, 0, 6],
			"to": [11, 0.5, 9.5],
			"faces": {
				"north": {"uv": [11, 6, 10.5, 6.5], "texture": "#1"},
				"east": {"uv": [10.5, 6, 11, 9.5], "rotation": 90, "texture": "#1"},
				"south": {"uv": [10.5, 9, 11, 9.5], "texture": "#1"},
				"west": {"uv": [10.5, 6, 11, 9.5], "rotation": 270, "texture": "#1"},
				"up": {"uv": [10.5, 6, 11, 9.5], "texture": "#1"},
				"down": {"uv": [10.5, 9.5, 11, 6], "texture": "#1"}
			}
		},
		{
			"name": "royal_netherite_warhammer_8",
			"from": [11, 0, 6.5],
			"to": [12.5, 0.5, 8],
			"faces": {
				"north": {"uv": [12.5, 6.5, 11, 7], "texture": "#1"},
				"east": {"uv": [12, 6.5, 12.5, 8], "rotation": 90, "texture": "#1"},
				"south": {"uv": [11, 7.5, 12.5, 8], "texture": "#1"},
				"west": {"uv": [11, 6.5, 11.5, 8], "rotation": 270, "texture": "#1"},
				"up": {"uv": [11, 6.5, 12.5, 8], "texture": "#1"},
				"down": {"uv": [11, 8, 12.5, 6.5], "texture": "#1"}
			}
		},
		{
			"name": "royal_netherite_warhammer_9",
			"from": [7, 0, 8],
			"to": [7.5, 0.5, 9.5],
			"faces": {
				"north": {"uv": [7.5, 8, 7, 8.5], "texture": "#1"},
				"east": {"uv": [7, 8, 7.5, 9.5], "rotation": 90, "texture": "#1"},
				"south": {"uv": [7, 9, 7.5, 9.5], "texture": "#1"},
				"west": {"uv": [7, 8, 7.5, 9.5], "rotation": 270, "texture": "#1"},
				"up": {"uv": [7, 8, 7.5, 9.5], "texture": "#1"},
				"down": {"uv": [7, 9.5, 7.5, 8], "texture": "#1"}
			}
		},
		{
			"name": "royal_netherite_warhammer_10",
			"from": [11, 0, 8],
			"to": [12, 0.5, 8.5],
			"faces": {
				"north": {"uv": [12, 8, 11, 8.5], "texture": "#1"},
				"east": {"uv": [11.5, 8, 12, 8.5], "rotation": 90, "texture": "#1"},
				"south": {"uv": [11, 8, 12, 8.5], "texture": "#1"},
				"west": {"uv": [11, 8, 11.5, 8.5], "rotation": 270, "texture": "#1"},
				"up": {"uv": [11, 8, 12, 8.5], "texture": "#1"},
				"down": {"uv": [11, 8.5, 12, 8], "texture": "#1"}
			}
		},
		{
			"name": "royal_netherite_warhammer_11",
			"from": [6.5, 0, 8.5],
			"to": [7, 0.5, 10],
			"faces": {
				"north": {"uv": [7, 8.5, 6.5, 9], "texture": "#1"},
				"east": {"uv": [6.5, 8.5, 7, 10], "rotation": 90, "texture": "#1"},
				"south": {"uv": [6.5, 9.5, 7, 10], "texture": "#1"},
				"west": {"uv": [6.5, 8.5, 7, 10], "rotation": 270, "texture": "#1"},
				"up": {"uv": [6.5, 8.5, 7, 10], "texture": "#1"},
				"down": {"uv": [6.5, 10, 7, 8.5], "texture": "#1"}
			}
		},
		{
			"name": "royal_netherite_warhammer_12",
			"from": [9, 0, 8.5],
			"to": [9.5, 0.5, 10],
			"faces": {
				"north": {"uv": [9.5, 8.5, 9, 9], "texture": "#1"},
				"east": {"uv": [9, 8.5, 9.5, 10], "rotation": 90, "texture": "#1"},
				"south": {"uv": [9, 9.5, 9.5, 10], "texture": "#1"},
				"west": {"uv": [9, 8.5, 9.5, 10], "rotation": 270, "texture": "#1"},
				"up": {"uv": [9, 8.5, 9.5, 10], "texture": "#1"},
				"down": {"uv": [9, 10, 9.5, 8.5], "texture": "#1"}
			}
		},
		{
			"name": "royal_netherite_warhammer_13",
			"from": [11, 0, 8.5],
			"to": [11.5, 0.5, 9],
			"faces": {
				"north": {"uv": [11.5, 8.5, 11, 9], "texture": "#1"},
				"east": {"uv": [11, 8.5, 11.5, 9], "rotation": 90, "texture": "#1"},
				"south": {"uv": [11, 8.5, 11.5, 9], "texture": "#1"},
				"west": {"uv": [11, 8.5, 11.5, 9], "rotation": 270, "texture": "#1"},
				"up": {"uv": [11, 8.5, 11.5, 9], "texture": "#1"},
				"down": {"uv": [11, 9, 11.5, 8.5], "texture": "#1"}
			}
		},
		{
			"name": "royal_netherite_warhammer_14",
			"from": [6, 0, 9],
			"to": [6.5, 0.5, 10.5],
			"faces": {
				"north": {"uv": [6.5, 9, 6, 9.5], "texture": "#1"},
				"east": {"uv": [6, 9, 6.5, 10.5], "rotation": 90, "texture": "#1"},
				"south": {"uv": [6, 10, 6.5, 10.5], "texture": "#1"},
				"west": {"uv": [6, 9, 6.5, 10.5], "rotation": 270, "texture": "#1"},
				"up": {"uv": [6, 9, 6.5, 10.5], "texture": "#1"},
				"down": {"uv": [6, 10.5, 6.5, 9], "texture": "#1"}
			}
		},
		{
			"name": "royal_netherite_warhammer_15",
			"from": [5.5, 0, 9.5],
			"to": [6, 0.5, 11],
			"faces": {
				"north": {"uv": [6, 9.5, 5.5, 10], "texture": "#1"},
				"east": {"uv": [5.5, 9.5, 6, 11], "rotation": 90, "texture": "#1"},
				"south": {"uv": [5.5, 10.5, 6, 11], "texture": "#1"},
				"west": {"uv": [5.5, 9.5, 6, 11], "rotation": 270, "texture": "#1"},
				"up": {"uv": [5.5, 9.5, 6, 11], "texture": "#1"},
				"down": {"uv": [5.5, 11, 6, 9.5], "texture": "#1"}
			}
		},
		{
			"name": "royal_netherite_warhammer_16",
			"from": [5, 0, 10],
			"to": [5.5, 0.5, 11.5],
			"faces": {
				"north": {"uv": [5.5, 10, 5, 10.5], "texture": "#1"},
				"east": {"uv": [5, 10, 5.5, 11.5], "rotation": 90, "texture": "#1"},
				"south": {"uv": [5, 11, 5.5, 11.5], "texture": "#1"},
				"west": {"uv": [5, 10, 5.5, 11.5], "rotation": 270, "texture": "#1"},
				"up": {"uv": [5, 10, 5.5, 11.5], "texture": "#1"},
				"down": {"uv": [5, 11.5, 5.5, 10], "texture": "#1"}
			}
		},
		{
			"name": "royal_netherite_warhammer_17",
			"from": [4.5, 0, 10.5],
			"to": [5, 0.5, 12],
			"faces": {
				"north": {"uv": [5, 10.5, 4.5, 11], "texture": "#1"},
				"east": {"uv": [4.5, 10.5, 5, 12], "rotation": 90, "texture": "#1"},
				"south": {"uv": [4.5, 11.5, 5, 12], "texture": "#1"},
				"west": {"uv": [4.5, 10.5, 5, 12], "rotation": 270, "texture": "#1"},
				"up": {"uv": [4.5, 10.5, 5, 12], "texture": "#1"},
				"down": {"uv": [4.5, 12, 5, 10.5], "texture": "#1"}
			}
		},
		{
			"name": "royal_netherite_warhammer_18",
			"from": [4, 0, 11],
			"to": [4.5, 0.5, 12.5],
			"faces": {
				"north": {"uv": [4.5, 11, 4, 11.5], "texture": "#1"},
				"east": {"uv": [4, 11, 4.5, 12.5], "rotation": 90, "texture": "#1"},
				"south": {"uv": [4, 12, 4.5, 12.5], "texture": "#1"},
				"west": {"uv": [4, 11, 4.5, 12.5], "rotation": 270, "texture": "#1"},
				"up": {"uv": [4, 11, 4.5, 12.5], "texture": "#1"},
				"down": {"uv": [4, 12.5, 4.5, 11], "texture": "#1"}
			}
		},
		{
			"name": "royal_netherite_warhammer_19",
			"from": [3.5, 0, 11.5],
			"to": [4, 0.5, 13],
			"faces": {
				"north": {"uv": [4, 11.5, 3.5, 12], "texture": "#1"},
				"east": {"uv": [3.5, 11.5, 4, 13], "rotation": 90, "texture": "#1"},
				"south": {"uv": [3.5, 12.5, 4, 13], "texture": "#1"},
				"west": {"uv": [3.5, 11.5, 4, 13], "rotation": 270, "texture": "#1"},
				"up": {"uv": [3.5, 11.5, 4, 13], "texture": "#1"},
				"down": {"uv": [3.5, 13, 4, 11.5], "texture": "#1"}
			}
		},
		{
			"name": "royal_netherite_warhammer_20",
			"from": [3, 0, 12],
			"to": [3.5, 0.5, 13.5],
			"faces": {
				"north": {"uv": [3.5, 12, 3, 12.5], "texture": "#1"},
				"east": {"uv": [3, 12, 3.5, 13.5], "rotation": 90, "texture": "#1"},
				"south": {"uv": [3, 13, 3.5, 13.5], "texture": "#1"},
				"west": {"uv": [3, 12, 3.5, 13.5], "rotation": 270, "texture": "#1"},
				"up": {"uv": [3, 12, 3.5, 13.5], "texture": "#1"},
				"down": {"uv": [3, 13.5, 3.5, 12], "texture": "#1"}
			}
		},
		{
			"name": "royal_netherite_warhammer_21",
			"from": [2.5, 0, 12.5],
			"to": [3, 0.5, 14],
			"faces": {
				"north": {"uv": [3, 12.5, 2.5, 13], "texture": "#1"},
				"east": {"uv": [2.5, 12.5, 3, 14], "rotation": 90, "texture": "#1"},
				"south": {"uv": [2.5, 13.5, 3, 14], "texture": "#1"},
				"west": {"uv": [2.5, 12.5, 3, 14], "rotation": 270, "texture": "#1"},
				"up": {"uv": [2.5, 12.5, 3, 14], "texture": "#1"},
				"down": {"uv": [2.5, 14, 3, 12.5], "texture": "#1"}
			}
		},
		{
			"name": "royal_netherite_warhammer_22",
			"from": [2, 0, 13],
			"to": [2.5, 0.5, 14.5],
			"faces": {
				"north": {"uv": [2.5, 13, 2, 13.5], "texture": "#1"},
				"east": {"uv": [2, 13, 2.5, 14.5], "rotation": 90, "texture": "#1"},
				"south": {"uv": [2, 14, 2.5, 14.5], "texture": "#1"},
				"west": {"uv": [2, 13, 2.5, 14.5], "rotation": 270, "texture": "#1"},
				"up": {"uv": [2, 13, 2.5, 14.5], "texture": "#1"},
				"down": {"uv": [2, 14.5, 2.5, 13], "texture": "#1"}
			}
		},
		{
			"name": "royal_netherite_warhammer_23",
			"from": [1.5, 0, 13.5],
			"to": [2, 0.5, 15],
			"faces": {
				"north": {"uv": [2, 13.5, 1.5, 14], "texture": "#1"},
				"east": {"uv": [1.5, 13.5, 2, 15], "rotation": 90, "texture": "#1"},
				"south": {"uv": [1.5, 14.5, 2, 15], "texture": "#1"},
				"west": {"uv": [1.5, 13.5, 2, 15], "rotation": 270, "texture": "#1"},
				"up": {"uv": [1.5, 13.5, 2, 15], "texture": "#1"},
				"down": {"uv": [1.5, 15, 2, 13.5], "texture": "#1"}
			}
		},
		{
			"name": "royal_netherite_warhammer_24",
			"from": [1, 0, 14],
			"to": [1.5, 0.5, 16],
			"faces": {
				"north": {"uv": [1.5, 14, 1, 14.5], "texture": "#1"},
				"east": {"uv": [1, 14, 1.5, 16], "rotation": 90, "texture": "#1"},
				"south": {"uv": [1, 15.5, 1.5, 16], "texture": "#1"},
				"west": {"uv": [1, 14, 1.5, 16], "rotation": 270, "texture": "#1"},
				"up": {"uv": [1, 14, 1.5, 16], "texture": "#1"},
				"down": {"uv": [1, 16, 1.5, 14], "texture": "#1"}
			}
		},
		{
			"name": "royal_netherite_warhammer_25",
			"from": [0, 0, 14.5],
			"to": [1, 0.5, 16],
			"faces": {
				"north": {"uv": [1, 14.5, 0, 15], "texture": "#1"},
				"east": {"uv": [0.5, 14.5, 1, 16], "rotation": 90, "texture": "#1"},
				"south": {"uv": [0, 15.5, 1, 16], "texture": "#1"},
				"west": {"uv": [0, 14.5, 0.5, 16], "rotation": 270, "texture": "#1"},
				"up": {"uv": [0, 14.5, 1, 16], "texture": "#1"},
				"down": {"uv": [0, 16, 1, 14.5], "texture": "#1"}
			}
		}
	],
	"gui_light": "front",
	"display": {
		"thirdperson_righthand": {
			"rotation": [45, 0, 90],
			"translation": [-15.5, 13, 1.5],
			"scale": [2, 2, 2]
		},
		"thirdperson_lefthand": {
			"rotation": [45, 0, -90],
			"translation": [15.5, 13, 1.5],
			"scale": [2, 2, 2]
		},
		"firstperson_righthand": {
			"rotation": [55, 0, 90],
			"translation": [0, 4, -9],
			"scale": [1.7, 1.7, 1.7]
		},
		"firstperson_lefthand": {
			"rotation": [55, 0, -90],
			"translation": [26, 4, -9],
			"scale": [1.7, 1.7, 1.7]
		},
		"ground": {
			"rotation": [90, 0, 0],
			"translation": [0, 4, 8]
		},
		"gui": {
			"rotation": [90, 0, 0],
			"translation": [3.15, 3.125, 0],
			"scale": [1.3913, 1.3913, 1.3913]
		},
		"head": {
			"rotation": [0, -180, 90],
			"translation": [15.5, 5.75, -9.75],
			"scale": [2, 2, 2]
		},
		"fixed": {
			"rotation": [90, 90, 0],
			"translation": [-3.5, 3.5, 15.25],
			"scale": [1.5, 2, 1.5]
		}
	},
	"groups": [
		{
			"name": "royal_netherite_warhammer",
			"origin": [8, 8, 8],
			"color": 0,
			"children": [0, 1, 2, 3, 4, 5, 6, 7, 8, 9, 10, 11, 12, 13, 14, 15, 16, 17, 18, 19, 20, 21, 22, 23, 24, 25]
		}
	]
}