{
	"credit": "Made with Blockbench by Zentheon",
	"ambientocclusion": false,
	"textures": {
		"1": "block/dark_oak_sides",
		"bottom": "block/dark_oak_door_bottom",
		"particle": "block/dark_oak_door_top",
		"top": "block/dark_oak_door_top"
	},
	"elements": [
		{
			"from": [0, 0, 7],
			"to": [16, 16, 10],
			"faces": {
				"north": {"uv": [0, 0, 16, 16], "texture": "#bottom", "cullface": "west"},
				"east": {"uv": [0, 0, 3, 16], "texture": "#1", "cullface": "north"},
				"south": {"uv": [16, 0, 0, 16], "texture": "#bottom"},
				"west": {"uv": [3, 0, 6, 16], "texture": "#1", "cullface": "south"},
				"down": {"uv": [3, 0, 6, 16], "rotation": 270, "texture": "#1", "cullface": "down"}
			}
		},
		{
			"from": [4, 15, 6.4],
			"to": [5, 16, 10.6],
			"rotation": {"angle": 0, "axis": "y", "origin": [-19, 23, 8]},
			"faces": {
				"north": {"uv": [11, 0, 12, 1], "texture": "#bottom", "cullface": "west"},
				"east": {"uv": [11, 0, 12, 1], "texture": "#bottom"},
				"south": {"uv": [11, 0, 12, 1], "texture": "#bottom"},
				"west": {"uv": [11, 0, 12, 1], "texture": "#bottom"},
				"down": {"uv": [11, 0, 12, 1], "rotation": 270, "texture": "#bottom"}
			}
		},
		{
			"from": [0, 16, 7],
			"to": [16, 32, 10],
			"faces": {
				"north": {"uv": [0, 0, 16, 16], "texture": "#top", "cullface": "west"},
				"east": {"uv": [6, 0, 9, 16], "texture": "#1", "cullface": "north"},
				"south": {"uv": [16, 0, 0, 16], "texture": "#top"},
				"west": {"uv": [9, 0, 12, 16], "texture": "#1", "cullface": "south"},
				"up": {"uv": [12, 0, 15, 16], "rotation": 90, "texture": "#1", "cullface": "up"}
			}
		},
		{
			"from": [2, 16, 6.4],
			"to": [5, 17, 10.6],
			"rotation": {"angle": 0, "axis": "y", "origin": [-21, 8, 8]},
			"faces": {
				"north": {"uv": [11, 15, 14, 16], "texture": "#top", "cullface": "west"},
				"east": {"uv": [11, 15, 12, 16], "texture": "#top"},
				"south": {"uv": [11, 15, 14, 16], "rotation": 180, "texture": "#top"},
				"west": {"uv": [13, 15, 14, 16], "texture": "#top"},
				"up": {"uv": [11, 15, 14, 16], "rotation": 180, "texture": "#top"},
				"down": {"uv": [14, 15, 11, 16], "texture": "#top"}
			}
		}
	],
	"gui_light": "front",
	"display": {
		"thirdperson_righthand": {
			"rotation": [0, -90, 0],
			"translation": [-1, -6, 2.5],
			"scale": [0.52, 0.52, 0.52]
		},
		"thirdperson_lefthand": {
			"rotation": [0, -90, 0],
			"translation": [-1.25, -6, 2.75],
			"scale": [0.52, 0.52, 0.52]
		},
		"firstperson_righthand": {
			"rotation": [0, -64, 0],
			"translation": [0, -3.5, 0],
			"scale": [0.4, 0.4, 0.4]
		},
		"firstperson_lefthand": {
			"rotation": [0, -64, 0],
			"translation": [0, -3.5, 0],
			"scale": [0.4, 0.4, 0.4]
		},
		"ground": {
			"translation": [0, 3, 0],
			"scale": [0.25, 0.25, 0.25]
		},
		"gui": {
			"rotation": [15, -135, 0],
			"translation": [0, -3.5, 0],
			"scale": [0.44, 0.44, 0.44]
		},
		"head": {
			"rotation": [90, 0, 90],
			"translation": [8, 8.5, 0]
		},
		"fixed": {
			"translation": [0, -3.5, -0.5],
			"scale": [0.42, 0.42, 0.42]
		}
	},
	"groups": [
		{
			"name": "dark_oak_door_bottom",
			"origin": [8, 8, 8],
			"color": 0,
			"children": [0, 1]
		},
		{
			"name": "dark_oak_door_top",
			"origin": [8, 8, 8],
			"color": 0,
			"children": [2, 3]
		}
	]
}
