{
	"credit": "Made with Blockbench by Zentheon",
	"ambientocclusion": false,
	"textures": {
		"1": "block/iron_sides",
		"bottom": "block/iron_door_bottom",
		"particle": "block/iron_door_top",
		"top": "block/iron_door_top"
	},
	"elements": [
		{
			"from": [0, 0, 7],
			"to": [16, 3, 10],
			"rotation": {"angle": 0, "axis": "y", "origin": [8, -4, 16]},
			"faces": {
				"north": {"uv": [0, 13, 16, 16], "texture": "#bottom", "cullface": "west"},
				"east": {"uv": [0, 13, 3, 16], "texture": "#1", "cullface": "north"},
				"south": {"uv": [16, 13, 0, 16], "texture": "#bottom"},
				"west": {"uv": [3, 13, 6, 16], "texture": "#1"},
				"up": {"uv": [12, 0, 15, 16], "rotation": 90, "texture": "#1"},
				"down": {"uv": [6, 16, 3, 0], "rotation": 270, "texture": "#1", "cullface": "down"}
			}
		},
		{
			"from": [0, 3, 7],
			"to": [3, 16, 10],
			"rotation": {"angle": 0, "axis": "y", "origin": [3, 12, 16]},
			"faces": {
				"north": {"uv": [13, 0, 16, 13], "texture": "#bottom", "cullface": "west"},
				"east": {"uv": [12, 1, 15, 14], "texture": "#1"},
				"south": {"uv": [16, 0, 13, 13], "texture": "#bottom"},
				"west": {"uv": [3, 0, 6, 13], "texture": "#1"}
			}
		},
		{
			"from": [13, 3, 7],
			"to": [16, 16, 10],
			"rotation": {"angle": 0, "axis": "y", "origin": [16, 12, 16]},
			"faces": {
				"north": {"uv": [0, 0, 3, 13], "texture": "#bottom", "cullface": "west"},
				"east": {"uv": [0, 0, 3, 13], "texture": "#1", "cullface": "north"},
				"south": {"uv": [3, 0, 0, 13], "texture": "#bottom"},
				"west": {"uv": [3, 0, 6, 13], "texture": "#1"}
			}
		},
		{
			"from": [5, 3, 7],
			"to": [7, 16, 10],
			"rotation": {"angle": 0, "axis": "y", "origin": [7, 11, 16]},
			"faces": {
				"north": {"uv": [9, 0, 11, 13], "texture": "#bottom", "cullface": "west"},
				"east": {"uv": [6, 2, 9, 15], "texture": "#1"},
				"south": {"uv": [11, 0, 9, 13], "texture": "#bottom"},
				"west": {"uv": [3, 3, 6, 16], "texture": "#1"}
			}
		},
		{
			"from": [9, 3, 7],
			"to": [11, 16, 10],
			"rotation": {"angle": 0, "axis": "y", "origin": [11, 11, 16]},
			"faces": {
				"north": {"uv": [5, 0, 7, 13], "texture": "#bottom", "cullface": "west"},
				"east": {"uv": [0, 3, 3, 16], "texture": "#1"},
				"south": {"uv": [7, 0, 5, 13], "texture": "#bottom"},
				"west": {"uv": [9, 1, 12, 14], "texture": "#1"}
			}
		},
		{
			"from": [3, 12, 7],
			"to": [13, 14, 10],
			"rotation": {"angle": 0, "axis": "y", "origin": [13, 22, 17]},
			"faces": {
				"north": {"uv": [3, 2, 13, 4], "texture": "#bottom", "cullface": "west"},
				"south": {"uv": [13, 2, 3, 4], "texture": "#bottom"},
				"up": {"uv": [15, 15, 12, 5], "rotation": 90, "texture": "#1"},
				"down": {"uv": [12, 13, 9, 3], "rotation": 90, "texture": "#1"}
			}
		},
		{
			"from": [3, 7, 7],
			"to": [13, 9, 10],
			"rotation": {"angle": 0, "axis": "y", "origin": [7, 12, 17]},
			"faces": {
				"north": {"uv": [3, 7, 13, 9], "texture": "#bottom", "cullface": "west"},
				"south": {"uv": [13, 7, 3, 9], "texture": "#bottom"},
				"up": {"uv": [0, 14, 3, 4], "rotation": 90, "texture": "#1"},
				"down": {"uv": [3, 13, 6, 3], "rotation": 270, "texture": "#1"}
			}
		},
		{
			"from": [0, 29, 7],
			"to": [16, 32, 10],
			"rotation": {"angle": 0, "axis": "y", "origin": [8, 9, 16]},
			"faces": {
				"north": {"uv": [0, 0, 16, 3], "texture": "#top", "cullface": "west"},
				"east": {"uv": [6, 0, 9, 3], "texture": "#1"},
				"south": {"uv": [16, 0, 0, 3], "texture": "#top"},
				"west": {"uv": [9, 0, 12, 3], "texture": "#1", "cullface": "south"},
				"up": {"uv": [12, 0, 15, 16], "rotation": 90, "texture": "#1", "cullface": "up"},
				"down": {"uv": [6, 16, 3, 0], "rotation": 270, "texture": "#1"}
			}
		},
		{
			"from": [0, 16, 7],
			"to": [3, 29, 10],
			"rotation": {"angle": 0, "axis": "y", "origin": [3, 9, 16]},
			"faces": {
				"north": {"uv": [13, 3, 16, 16], "texture": "#top", "cullface": "west"},
				"east": {"uv": [12, 3, 15, 16], "texture": "#1"},
				"south": {"uv": [16, 3, 13, 16], "texture": "#top"},
				"west": {"uv": [9, 3, 12, 16], "texture": "#1", "cullface": "south"}
			}
		},
		{
			"from": [13, 16, 7],
			"to": [16, 29, 10],
			"rotation": {"angle": 0, "axis": "y", "origin": [16, 9, 16]},
			"faces": {
				"north": {"uv": [0, 3, 3, 16], "texture": "#top", "cullface": "west"},
				"east": {"uv": [6, 3, 9, 16], "texture": "#1"},
				"south": {"uv": [3, 3, 0, 16], "texture": "#top"},
				"west": {"uv": [3, 1, 6, 14], "rotation": 180, "texture": "#1"}
			}
		},
		{
			"from": [3, 23, 7],
			"to": [13, 25, 10],
			"rotation": {"angle": 0, "axis": "y", "origin": [13, 18, 17]},
			"faces": {
				"north": {"uv": [3, 7, 13, 9], "texture": "#top", "cullface": "west"},
				"south": {"uv": [13, 7, 3, 9], "texture": "#top"},
				"up": {"uv": [15, 12, 12, 2], "rotation": 90, "texture": "#1"},
				"down": {"uv": [6, 12, 3, 2], "rotation": 90, "texture": "#1"}
			}
		},
		{
			"from": [3, 18, 7],
			"to": [13, 20, 10],
			"rotation": {"angle": 0, "axis": "y", "origin": [7, 4, 17]},
			"faces": {
				"north": {"uv": [3, 12, 13, 14], "texture": "#top", "cullface": "west"},
				"south": {"uv": [13, 12, 3, 14], "texture": "#top"},
				"up": {"uv": [15, 12, 12, 2], "rotation": 90, "texture": "#1"},
				"down": {"uv": [6, 15, 3, 5], "rotation": 270, "texture": "#1"}
			}
		},
		{
			"from": [9, 16, 7],
			"to": [11, 29, 10],
			"rotation": {"angle": 0, "axis": "y", "origin": [11, 8, 16]},
			"faces": {
				"north": {"uv": [5, 3, 7, 16], "texture": "#top", "cullface": "west"},
				"east": {"uv": [6, 2, 9, 15], "rotation": 180, "texture": "#1"},
				"south": {"uv": [7, 3, 5, 16], "texture": "#top"},
				"west": {"uv": [9, 3, 12, 16], "texture": "#1"}
			}
		},
		{
			"from": [5, 16, 7],
			"to": [7, 29, 10],
			"rotation": {"angle": 0, "axis": "y", "origin": [7, 8, 16]},
			"faces": {
				"north": {"uv": [9, 3, 11, 16], "texture": "#top", "cullface": "west"},
				"east": {"uv": [12, 1, 15, 14], "texture": "#1"},
				"south": {"uv": [11, 3, 9, 16], "texture": "#top"},
				"west": {"uv": [3, 3, 6, 16], "texture": "#1"}
			}
		}
	],
	"gui_light": "front",
	"display": {
		"thirdperson_righthand": {
			"rotation": [0, -90, 0],
			"translation": [-1, -6, 2.5],
			"scale": [0.52, 0.52, 0.52]
		},
		"thirdperson_lefthand": {
			"rotation": [0, -90, 0],
			"translation": [-1.25, -6, 2.75],
			"scale": [0.52, 0.52, 0.52]
		},
		"firstperson_righthand": {
			"rotation": [0, -64, 0],
			"translation": [0, -3.5, 0],
			"scale": [0.4, 0.4, 0.4]
		},
		"firstperson_lefthand": {
			"rotation": [0, -64, 0],
			"translation": [0, -3.5, 0],
			"scale": [0.4, 0.4, 0.4]
		},
		"ground": {
			"translation": [0, 3, 0],
			"scale": [0.25, 0.25, 0.25]
		},
		"gui": {
			"rotation": [15, -135, 0],
			"translation": [0, -3.5, 0],
			"scale": [0.44, 0.44, 0.44]
		},
		"head": {
			"rotation": [90, 0, 90],
			"translation": [8, 8.5, 0]
		},
		"fixed": {
			"translation": [0, -3.5, -0.5],
			"scale": [0.42, 0.42, 0.42]
		}
	},
	"groups": [
		{
			"name": "iron_door_bottom",
			"origin": [8, 8, 8],
			"color": 0,
			"children": [0, 1, 2, 3, 4, 5, 6]
		},
		{
			"name": "iron_door_top",
			"origin": [8, 8, 8],
			"color": 0,
			"children": [7, 8, 9, 10, 11, 12, 13]
		}
	]
}
