{
	"credit": "Made with Blockbench by Zentheon",
	"ambientocclusion": false,
	"textures": {
		"side": "block/jungle_sides",
		"top": "block/jungle_door_top",
		"particle": "block/jungle_door_bottom",
		"bottom": "block/jungle_door_bottom"
	},
	"elements": [
		{
			"from": [4, 29, 7],
			"to": [12, 32, 10],
			"rotation": {"angle": 0, "axis": "y", "origin": [29, 0, 13]},
			"faces": {
				"north": {"uv": [4, 0, 12, 3], "texture": "#top", "cullface": "west"},
				"south": {"uv": [12, 0, 4, 3], "texture": "#top"},
				"up": {"uv": [12, 3, 15, 11], "rotation": 90, "texture": "#side", "cullface": "up"},
				"down": {"uv": [3, 7, 6, 15], "rotation": 270, "texture": "#side"}
			}
		},
		{
			"from": [0, 16, 7],
			"to": [4, 32, 10],
			"rotation": {"angle": 0, "axis": "y", "origin": [29, 0, 13]},
			"faces": {
				"north": {"uv": [12, 0, 16, 16], "texture": "#top", "cullface": "west"},
				"east": {"uv": [9, 0, 12, 16], "texture": "#side"},
				"south": {"uv": [16, 0, 12, 16], "texture": "#top"},
				"west": {"uv": [12, 0, 9, 16], "texture": "#side", "cullface": "south"},
				"up": {"uv": [12, 12, 15, 16], "rotation": 90, "texture": "#side", "cullface": "up"}
			}
		},
		{
			"from": [12, 16, 7],
			"to": [16, 32, 10],
			"rotation": {"angle": 0, "axis": "y", "origin": [29, 0, 13]},
			"faces": {
				"north": {"uv": [0, 0, 4, 16], "texture": "#top", "cullface": "west"},
				"east": {"uv": [9, 0, 6, 16], "texture": "#side", "cullface": "north"},
				"south": {"uv": [4, 0, 0, 16], "texture": "#top"},
				"west": {"uv": [9, 0, 12, 16], "texture": "#side"},
				"up": {"uv": [12, 0, 15, 4], "rotation": 90, "texture": "#side", "cullface": "up"}
			}
		},
		{
			"from": [4, 16, 7],
			"to": [12, 20, 10],
			"rotation": {"angle": 0, "axis": "y", "origin": [29, 0, 13]},
			"faces": {
				"north": {"uv": [4, 12, 12, 16], "texture": "#top", "cullface": "west"},
				"south": {"uv": [12, 12, 4, 16], "texture": "#top"},
				"up": {"uv": [12, 3, 15, 11], "rotation": 90, "texture": "#side"}
			}
		},
		{
			"from": [4, 20, 7],
			"to": [6, 24, 10],
			"rotation": {"angle": 0, "axis": "y", "origin": [29, 0, 13]},
			"faces": {
				"north": {"uv": [10, 8, 12, 12], "texture": "#top", "cullface": "west"},
				"east": {"uv": [10, 8, 11, 12], "texture": "#top"},
				"south": {"uv": [4, 8, 6, 12], "texture": "#top"},
				"up": {"uv": [0, 12, 3, 14], "rotation": 90, "texture": "#side"}
			}
		},
		{
			"from": [10, 20, 7],
			"to": [12, 24, 10],
			"rotation": {"angle": 0, "axis": "y", "origin": [29, 0, 13]},
			"faces": {
				"north": {"uv": [4, 8, 6, 12], "texture": "#top", "cullface": "west"},
				"south": {"uv": [10, 8, 12, 12], "texture": "#top"},
				"west": {"uv": [5, 8, 6, 12], "texture": "#top"},
				"up": {"uv": [6, 8, 9, 10], "rotation": 90, "texture": "#side"}
			}
		},
		{
			"from": [6, 22, 7],
			"to": [10, 24, 10],
			"rotation": {"angle": 0, "axis": "y", "origin": [29, 0, 13]},
			"faces": {
				"north": {"uv": [6, 8, 10, 10], "texture": "#top", "cullface": "west"},
				"south": {"uv": [6, 8, 10, 10], "texture": "#top"},
				"up": {"uv": [0, 4, 3, 8], "rotation": 90, "texture": "#side"},
				"down": {"uv": [9, 0, 12, 4], "rotation": 270, "texture": "#side"}
			}
		},
		{
			"from": [9, 24, 7],
			"to": [10, 29, 10],
			"rotation": {"angle": 0, "axis": "y", "origin": [29, 0, 13]},
			"faces": {
				"north": {"uv": [6, 3, 7, 8], "texture": "#top", "cullface": "west"},
				"east": {"uv": [6, 12, 11, 15], "rotation": 270, "texture": "#side"},
				"south": {"uv": [9, 3, 10, 8], "texture": "#top"},
				"west": {"uv": [6, 12, 11, 15], "rotation": 270, "texture": "#side"}
			}
		},
		{
			"from": [6, 24, 7],
			"to": [7, 29, 10],
			"rotation": {"angle": 0, "axis": "y", "origin": [29, 0, 13]},
			"faces": {
				"north": {"uv": [9, 3, 10, 8], "texture": "#top", "cullface": "west"},
				"east": {"uv": [0, 4, 5, 7], "rotation": 270, "texture": "#side"},
				"south": {"uv": [6, 3, 7, 8], "texture": "#top"},
				"west": {"uv": [6, 10, 11, 13], "rotation": 270, "texture": "#side"}
			}
		},
		{
			"from": [10, 28, 7],
			"to": [12, 29, 10],
			"rotation": {"angle": 0, "axis": "y", "origin": [28, 9, 21]},
			"faces": {
				"north": {"uv": [10, 3, 12, 4], "rotation": 180, "texture": "#top", "cullface": "west"},
				"south": {"uv": [10, 3, 12, 4], "texture": "#top"},
				"west": {"uv": [10, 3, 12, 4], "texture": "#top"},
				"down": {"uv": [3, 11, 6, 13], "rotation": 270, "texture": "#side"}
			}
		},
		{
			"from": [4, 28, 7],
			"to": [6, 29, 10],
			"rotation": {"angle": 0, "axis": "y", "origin": [29, 0, 13]},
			"faces": {
				"north": {"uv": [4, 3, 6, 4], "rotation": 180, "texture": "#top", "cullface": "west"},
				"east": {"uv": [4, 3, 6, 4], "texture": "#top"},
				"south": {"uv": [4, 3, 6, 4], "texture": "#top"},
				"down": {"uv": [12, 7, 15, 9], "rotation": 270, "texture": "#top"}
			}
		},
		{
			"from": [4, 27, 7],
			"to": [5, 28, 10],
			"rotation": {"angle": 0, "axis": "y", "origin": [20, 7, 21]},
			"faces": {
				"north": {"uv": [11, 4, 12, 5], "texture": "#top", "cullface": "west"},
				"east": {"uv": [12, 8, 15, 9], "rotation": 180, "texture": "#top"},
				"south": {"uv": [11, 4, 12, 5], "texture": "#top"},
				"down": {"uv": [12, 8, 15, 9], "rotation": 270, "texture": "#top"}
			}
		},
		{
			"from": [11, 27, 7],
			"to": [12, 28, 10],
			"rotation": {"angle": 0, "axis": "y", "origin": [22, 7, 21]},
			"faces": {
				"north": {"uv": [4, 4, 5, 5], "texture": "#top", "cullface": "west"},
				"south": {"uv": [4, 4, 5, 5], "texture": "#top"},
				"west": {"uv": [3, 10, 6, 11], "texture": "#side"},
				"down": {"uv": [3, 10, 6, 11], "rotation": 270, "texture": "#side"}
			}
		},
		{
			"from": [6, 20, 7],
			"to": [7, 21, 10],
			"rotation": {"angle": 0, "axis": "y", "origin": [29, 0, 13]},
			"faces": {
				"north": {"uv": [9, 11, 10, 12], "texture": "#top", "cullface": "west"},
				"east": {"uv": [9, 11, 10, 12], "texture": "#top"},
				"south": {"uv": [6, 11, 7, 12], "texture": "#top"},
				"up": {"uv": [9, 11, 10, 12], "rotation": 90, "texture": "#top"}
			}
		},
		{
			"from": [9, 20, 7],
			"to": [10, 21, 10],
			"rotation": {"angle": 0, "axis": "y", "origin": [29, 0, 13]},
			"faces": {
				"north": {"uv": [6, 11, 7, 12], "texture": "#top", "cullface": "west"},
				"south": {"uv": [9, 11, 10, 12], "texture": "#top"},
				"west": {"uv": [6, 11, 7, 12], "texture": "#top"},
				"up": {"uv": [6, 11, 7, 12], "rotation": 90, "texture": "#top"}
			}
		},
		{
			"from": [4, 16, 6.4],
			"to": [5, 17, 10.6],
			"rotation": {"angle": 0, "axis": "y", "origin": [10, 8, 24]},
			"faces": {
				"north": {"uv": [11, 15, 12, 16], "texture": "#top", "cullface": "west"},
				"east": {"uv": [11, 15, 12, 16], "texture": "#top"},
				"south": {"uv": [11, 15, 12, 16], "texture": "#top"},
				"west": {"uv": [11, 15, 12, 16], "texture": "#top"},
				"down": {"uv": [11, 15, 12, 16], "rotation": 270, "texture": "#top"}
			}
		},
		{
			"from": [2, 17, 6.4],
			"to": [5, 18, 10.6],
			"rotation": {"angle": 0, "axis": "y", "origin": [9, 8, 24]},
			"faces": {
				"north": {"uv": [11, 14, 14, 15], "texture": "#top", "cullface": "west"},
				"east": {"uv": [11, 14, 12, 15], "texture": "#top"},
				"south": {"uv": [11, 14, 14, 15], "rotation": 180, "texture": "#top"},
				"west": {"uv": [13, 14, 14, 15], "texture": "#top"},
				"up": {"uv": [11, 14, 14, 15], "rotation": 180, "texture": "#top"},
				"down": {"uv": [11, 14, 14, 15], "rotation": 180, "texture": "#top"}
			}
		},
		{
			"from": [0, 0, 7],
			"to": [16, 16, 10],
			"rotation": {"angle": 0, "axis": "y", "origin": [8, 12, 21]},
			"faces": {
				"north": {"uv": [0, 0, 16, 16], "texture": "#bottom", "cullface": "west"},
				"east": {"uv": [0, 0, 3, 16], "texture": "#side", "cullface": "north"},
				"south": {"uv": [16, 0, 0, 16], "texture": "#bottom"},
				"west": {"uv": [3, 0, 6, 16], "texture": "#side", "cullface": "south"},
				"down": {"uv": [9, 0, 12, 16], "rotation": 270, "texture": "#side", "cullface": "down"}
			}
		}
	],
	"gui_light": "front",
	"display": {
		"thirdperson_righthand": {
			"rotation": [0, -90, 0],
			"translation": [-1, -6, 2.5],
			"scale": [0.52, 0.52, 0.52]
		},
		"thirdperson_lefthand": {
			"rotation": [0, -90, 0],
			"translation": [-1.25, -6, 2.75],
			"scale": [0.52, 0.52, 0.52]
		},
		"firstperson_righthand": {
			"rotation": [0, -64, 0],
			"translation": [0, -3.5, 0],
			"scale": [0.4, 0.4, 0.4]
		},
		"firstperson_lefthand": {
			"rotation": [0, -64, 0],
			"translation": [0, -3.5, 0],
			"scale": [0.4, 0.4, 0.4]
		},
		"ground": {
			"translation": [0, 3, 0],
			"scale": [0.25, 0.25, 0.25]
		},
		"gui": {
			"rotation": [15, -135, 0],
			"translation": [0, -3.5, 0],
			"scale": [0.44, 0.44, 0.44]
		},
		"head": {
			"rotation": [90, 0, 90],
			"translation": [8, 8.5, 0]
		},
		"fixed": {
			"translation": [0, -3.5, -0.5],
			"scale": [0.42, 0.42, 0.42]
		}
	},
	"groups": [
		{
			"name": "jungle_door_top",
			"origin": [8, 8, 8],
			"color": 0,
			"children": [0, 1, 2, 3, 4, 5, 6, 7, 8, 9, 10, 11, 12, 13, 14, 15, 16]
		},
		{
			"name": "generic_door_bottom",
			"origin": [8, 8, 8],
			"color": 0,
			"children": [17]
		}
	]
}
