{
  "model": {
    "type": "minecraft:select",
    "property": "minecraft:display_context",
    "cases": [
      {
        "when": [
          "gui",
          "ground"
        ],
        "model": {
          "type": "minecraft:model",
          "model": "more_armor_trims:item/horizon_armor_trim_smithing_template"
        }
      }
    ],
    "fallback": {
      "type": "minecraft:model",
      "model": "more_armor_trims:item/horizon_armor_trim_smithing_template3d"
    }
  }
}