{
	"format_version": "1.21.6",
	"credit": "Made with Blockbench",
	"textures": {
		"0": "item/eatinganimation/cooked_mutton/cooked_mutton_eat_4",
		"particle": "item/mutton"
	},
	"elements": [
		{
			"name": "raw_mutton2",
			"from": [7.35894, 1, 10.83186],
			"to": [11.35894, 2, 12.83186],
			"rotation": {"angle": 22.5, "axis": "y", "origin": [9.85894, 1.5, 10.58186]},
			"faces": {
				"north": {"uv": [6, 12, 10, 13], "texture": "#0"},
				"east": {"uv": [0, 11, 2, 12], "texture": "#0"},
				"south": {"uv": [6, 11, 10, 12], "texture": "#0"},
				"west": {"uv": [4, 11, 6, 12], "texture": "#0"},
				"up": {"uv": [10, 4, 14, 6], "texture": "#0"},
				"down": {"uv": [10, 10, 14, 12], "texture": "#0"}
			}
		},
		{
			"name": "raw_mutton3",
			"from": [9.35894, 1, 8.83186],
			"to": [11.35894, 2, 9.83186],
			"rotation": {"angle": 22.5, "axis": "y", "origin": [9.85894, 1.5, 10.58186]},
			"faces": {
				"north": {"uv": [6, 14, 8, 15], "texture": "#0"},
				"east": {"uv": [3, 11, 4, 12], "texture": "#0"},
				"south": {"uv": [6, 11, 10, 12], "texture": "#0"},
				"west": {"uv": [2, 11, 3, 12], "texture": "#0"},
				"up": {"uv": [12, 2, 14, 3], "texture": "#0"},
				"down": {"uv": [12, 13, 14, 14], "texture": "#0"}
			}
		},
		{
			"name": "raw_mutton4",
			"from": [8.35894, 1, 9.83186],
			"to": [11.35894, 2, 10.83186],
			"rotation": {"angle": 22.5, "axis": "y", "origin": [9.85894, 1.5, 10.58186]},
			"faces": {
				"north": {"uv": [6, 15, 9, 16], "texture": "#0"},
				"east": {"uv": [2, 11, 3, 12], "texture": "#0"},
				"south": {"uv": [6, 11, 10, 12], "texture": "#0"},
				"west": {"uv": [3, 11, 4, 12], "texture": "#0"},
				"up": {"uv": [11, 3, 14, 4], "texture": "#0"},
				"down": {"uv": [11, 12, 14, 13], "texture": "#0"}
			}
		}
	],
	"display": {
		"thirdperson_righthand": {
			"rotation": [0, -180, 0],
			"translation": [0, 5.25, 2.25],
			"scale": [0.65, 0.65, 0.65]
		},
		"thirdperson_lefthand": {
			"rotation": [0, -180, 0],
			"translation": [0, 5.25, 2.25],
			"scale": [0.65, 0.65, 0.65]
		},
		"firstperson_righthand": {
			"rotation": [-2, 94, -8],
			"translation": [-4, 10, 0.75],
			"scale": [0.5, 0.5, 0.5]
		},
		"firstperson_lefthand": {
			"rotation": [-2, 94, -8],
			"translation": [-4, 10, 0.75],
			"scale": [0.5, 0.5, 0.5]
		},
		"ground": {
			"translation": [0, 4.5, 0],
			"scale": [0.75, 0.75, 0.75]
		},
		"gui": {
			"rotation": [30, -45, 0],
			"translation": [0.25, 9.25, 0],
			"scale": [1.4, 1.4, 1.4]
		},
		"head": {
			"rotation": [0, -180, 0],
			"translation": [1, 18.25, 0.75],
			"scale": [1.5, 1.5, 1.5]
		},
		"fixed": {
			"rotation": [-90, -90, 0],
			"translation": [2, -1.25, -9.5],
			"scale": [1.5, 1.5, 1.5]
		}
	},
	"groups": [
		{
			"name": "raw_mutton",
			"origin": [8, 0, 9],
			"color": 0,
			"children": [0, 1, 2]
		}
	]
}