{
	"format_version": "1.9.0",
	"credit": "Made with Blockbench",
	"texture_size": [32, 32],
	"textures": {
		"2": "more_armor_trims:item/greed_armor_trim_smithing_template3d",
		"particle": "more_armor_trims:item/greed_armor_trim_smithing_template3d"
	},
	"elements": [
		{
			"from": [4, 0, 6],
			"to": [12, 11, 10],
			"rotation": {"angle": 0, "axis": "y", "origin": [6, 0, 7]},
			"faces": {
				"north": {"uv": [0, 0, 4, 5.5], "texture": "#2"},
				"east": {"uv": [0, 5.5, 2, 11], "texture": "#2"},
				"south": {"uv": [4, 0, 8, 5.5], "texture": "#2"},
				"west": {"uv": [2, 5.5, 4, 11], "texture": "#2"},
				"up": {"uv": [8, 7.5, 4, 5.5], "texture": "#2"},
				"down": {"uv": [8, 7.5, 4, 9.5], "texture": "#2"}
			}
		},
		{
			"from": [12.15, 11.15, 10.15],
			"to": [3.85, -0.15, 5.85],
			"rotation": {"angle": 0, "axis": "y", "origin": [16.25, 16.75, 12.25]},
			"faces": {
				"north": {"uv": [2, 2, 2.5, 2.5], "texture": "#2"},
				"east": {"uv": [2, 2, 2.5, 2.5], "texture": "#2"},
				"south": {"uv": [2, 2, 2.5, 2.5], "texture": "#2"},
				"west": {"uv": [2, 2, 2.5, 2.5], "texture": "#2"},
				"up": {"uv": [2.5, 2.5, 2, 2], "texture": "#2"},
				"down": {"uv": [2.5, 2, 2, 2.5], "texture": "#2"}
			}
		},
		{
			"from": [10, 9, 6.05],
			"to": [8, 8, 5.75],
			"rotation": {"angle": 0, "axis": "y", "origin": [10, 9, 6.05]},
			"faces": {
				"north": {"uv": [2, 2, 2.5, 2.5], "texture": "#2"},
				"east": {"uv": [2, 2, 2.5, 2.5], "texture": "#2"},
				"south": {"uv": [2, 2, 2.5, 2.5], "texture": "#2"},
				"west": {"uv": [2, 2, 2.5, 2.5], "texture": "#2"},
				"up": {"uv": [2, 2, 2.5, 2.5], "texture": "#2"},
				"down": {"uv": [2, 2, 2.5, 2.5], "texture": "#2"}
			}
		},
		{
			"from": [9, 3, 6.05],
			"to": [7, 2, 5.75],
			"rotation": {"angle": 0, "axis": "y", "origin": [9, 3, 6.05]},
			"faces": {
				"north": {"uv": [2, 2, 2.5, 2.5], "texture": "#2"},
				"east": {"uv": [2, 2, 2.5, 2.5], "texture": "#2"},
				"south": {"uv": [2, 2, 2.5, 2.5], "texture": "#2"},
				"west": {"uv": [2, 2, 2.5, 2.5], "texture": "#2"},
				"up": {"uv": [2, 2, 2.5, 2.5], "texture": "#2"},
				"down": {"uv": [2, 2, 2.5, 2.5], "texture": "#2"}
			}
		},
		{
			"from": [6, 6, 6.05],
			"to": [5, 5, 5.75],
			"rotation": {"angle": 0, "axis": "y", "origin": [6, 6, 6.05]},
			"faces": {
				"north": {"uv": [2, 2, 2.5, 2.5], "texture": "#2"},
				"east": {"uv": [2, 2, 2.5, 2.5], "texture": "#2"},
				"south": {"uv": [2, 2, 2.5, 2.5], "texture": "#2"},
				"west": {"uv": [2, 2, 2.5, 2.5], "texture": "#2"},
				"up": {"uv": [2, 2, 2.5, 2.5], "texture": "#2"},
				"down": {"uv": [2, 2, 2.5, 2.5], "texture": "#2"}
			}
		},
		{
			"from": [12, 6, 6.05],
			"to": [11, 5, 5.75],
			"rotation": {"angle": 0, "axis": "y", "origin": [12, 6, 6.05]},
			"faces": {
				"north": {"uv": [2, 2, 2.5, 2.5], "texture": "#2"},
				"east": {"uv": [2, 2, 2.5, 2.5], "texture": "#2"},
				"south": {"uv": [2, 2, 2.5, 2.5], "texture": "#2"},
				"west": {"uv": [2, 2, 2.5, 2.5], "texture": "#2"},
				"up": {"uv": [2, 2, 2.5, 2.5], "texture": "#2"},
				"down": {"uv": [2, 2, 2.5, 2.5], "texture": "#2"}
			}
		},
		{
			"from": [11, 7, 6.05],
			"to": [7, 7, 5.75],
			"rotation": {"angle": 0, "axis": "y", "origin": [11, 7, 6.05]},
			"faces": {
				"north": {"uv": [2, 2, 2.5, 2.5], "texture": "#2"},
				"east": {"uv": [2, 2, 2.5, 2.5], "texture": "#2"},
				"south": {"uv": [2, 2, 2.5, 2.5], "texture": "#2"},
				"west": {"uv": [2, 2, 2.5, 2.5], "texture": "#2"},
				"down": {"uv": [2, 2, 2.5, 2.5], "texture": "#2"}
			}
		},
		{
			"from": [10, 4, 6.05],
			"to": [6, 4, 5.75],
			"rotation": {"angle": 0, "axis": "y", "origin": [10, 4, 6.05]},
			"faces": {
				"north": {"uv": [2, 2, 2.5, 2.5], "texture": "#2"},
				"east": {"uv": [2, 2, 2.5, 2.5], "texture": "#2"},
				"south": {"uv": [2, 2, 2.5, 2.5], "texture": "#2"},
				"west": {"uv": [2, 2, 2.5, 2.5], "texture": "#2"},
				"up": {"uv": [2, 2, 2.5, 2.5], "texture": "#2"}
			}
		},
		{
			"from": [11, 6, 6.05],
			"to": [9, 6, 5.75],
			"rotation": {"angle": 0, "axis": "y", "origin": [11, 6, 6.05]},
			"faces": {
				"north": {"uv": [2, 2, 2.5, 2.5], "texture": "#2"},
				"east": {"uv": [2, 2, 2.5, 2.5], "texture": "#2"},
				"south": {"uv": [2, 2, 2.5, 2.5], "texture": "#2"},
				"west": {"uv": [2, 2, 2.5, 2.5], "texture": "#2"},
				"up": {"uv": [2, 2, 2.5, 2.5], "texture": "#2"},
				"down": {"uv": [2, 2, 2.5, 2.5], "texture": "#2"}
			}
		},
		{
			"from": [10, 5, 6.05],
			"to": [9, 5, 5.75],
			"rotation": {"angle": 0, "axis": "y", "origin": [10, 5, 6.05]},
			"faces": {
				"north": {"uv": [2, 2, 2.5, 2.5], "texture": "#2"},
				"east": {"uv": [2, 2, 2.5, 2.5], "texture": "#2"},
				"south": {"uv": [2, 2, 2.5, 2.5], "texture": "#2"},
				"west": {"uv": [2, 2, 2.5, 2.5], "texture": "#2"},
				"up": {"uv": [2, 2, 2.5, 2.5], "texture": "#2"},
				"down": {"uv": [2, 2, 2.5, 2.5], "texture": "#2"}
			}
		},
		{
			"from": [8, 5, 6.05],
			"to": [6, 5, 5.75],
			"rotation": {"angle": 0, "axis": "y", "origin": [8, 5, 6.05]},
			"faces": {
				"north": {"uv": [2, 2, 2.5, 2.5], "texture": "#2"},
				"east": {"uv": [2, 2, 2.5, 2.5], "texture": "#2"},
				"south": {"uv": [2, 2, 2.5, 2.5], "texture": "#2"},
				"west": {"uv": [2, 2, 2.5, 2.5], "texture": "#2"},
				"up": {"uv": [2, 2, 2.5, 2.5], "texture": "#2"},
				"down": {"uv": [2, 2, 2.5, 2.5], "texture": "#2"}
			}
		},
		{
			"from": [8, 6, 6.05],
			"to": [7, 6, 5.75],
			"rotation": {"angle": 0, "axis": "y", "origin": [8, 6, 6.05]},
			"faces": {
				"north": {"uv": [2, 2, 2.5, 2.5], "texture": "#2"},
				"east": {"uv": [2, 2, 2.5, 2.5], "texture": "#2"},
				"south": {"uv": [2, 2, 2.5, 2.5], "texture": "#2"},
				"west": {"uv": [2, 2, 2.5, 2.5], "texture": "#2"},
				"up": {"uv": [2, 2, 2.5, 2.5], "texture": "#2"}
			}
		},
		{
			"from": [7, 7, 6.05],
			"to": [7, 6, 5.75],
			"rotation": {"angle": 0, "axis": "y", "origin": [7, 7, 6.05]},
			"faces": {
				"north": {"uv": [2, 2, 2.5, 2.5], "texture": "#2"},
				"east": {"uv": [2, 2, 2.5, 2.5], "texture": "#2"},
				"south": {"uv": [2, 2, 2.5, 2.5], "texture": "#2"},
				"up": {"uv": [2, 2, 2.5, 2.5], "texture": "#2"},
				"down": {"uv": [2, 2, 2.5, 2.5], "texture": "#2"}
			}
		},
		{
			"from": [11, 7, 6.05],
			"to": [11, 6, 5.75],
			"rotation": {"angle": 0, "axis": "y", "origin": [11, 7, 6.05]},
			"faces": {
				"north": {"uv": [2, 2, 2.5, 2.5], "texture": "#2"},
				"south": {"uv": [2, 2, 2.5, 2.5], "texture": "#2"},
				"west": {"uv": [2, 2, 2.5, 2.5], "texture": "#2"},
				"up": {"uv": [2, 2, 2.5, 2.5], "texture": "#2"},
				"down": {"uv": [2, 2, 2.5, 2.5], "texture": "#2"}
			}
		},
		{
			"from": [10, 5, 6.05],
			"to": [10, 4, 5.75],
			"rotation": {"angle": 0, "axis": "y", "origin": [10, 5, 6.05]},
			"faces": {
				"north": {"uv": [2, 2, 2.5, 2.5], "texture": "#2"},
				"south": {"uv": [2, 2, 2.5, 2.5], "texture": "#2"},
				"west": {"uv": [2, 2, 2.5, 2.5], "texture": "#2"},
				"up": {"uv": [2, 2, 2.5, 2.5], "texture": "#2"},
				"down": {"uv": [2, 2, 2.5, 2.5], "texture": "#2"}
			}
		},
		{
			"from": [6, 5, 6.05],
			"to": [6, 4, 5.75],
			"rotation": {"angle": 0, "axis": "y", "origin": [6, 5, 6.05]},
			"faces": {
				"north": {"uv": [2, 2, 2.5, 2.5], "texture": "#2"},
				"east": {"uv": [2, 2, 2.5, 2.5], "texture": "#2"},
				"south": {"uv": [2, 2, 2.5, 2.5], "texture": "#2"},
				"up": {"uv": [2, 2, 2.5, 2.5], "texture": "#2"},
				"down": {"uv": [2, 2, 2.5, 2.5], "texture": "#2"}
			}
		},
		{
			"from": [9, 6, 6.05],
			"to": [9, 5, 5.75],
			"rotation": {"angle": 0, "axis": "y", "origin": [9, 6, 6.05]},
			"faces": {
				"north": {"uv": [2, 2, 2.5, 2.5], "texture": "#2"},
				"south": {"uv": [2, 2, 2.5, 2.5], "texture": "#2"},
				"west": {"uv": [2, 2, 2.5, 2.5], "texture": "#2"},
				"up": {"uv": [2, 2, 2.5, 2.5], "texture": "#2"},
				"down": {"uv": [2, 2, 2.5, 2.5], "texture": "#2"}
			}
		},
		{
			"from": [8, 6, 6.05],
			"to": [8, 5, 5.75],
			"rotation": {"angle": 0, "axis": "y", "origin": [8, 6, 6.05]},
			"faces": {
				"north": {"uv": [2, 2, 2.5, 2.5], "texture": "#2"},
				"east": {"uv": [2, 2, 2.5, 2.5], "texture": "#2"},
				"south": {"uv": [2, 2, 2.5, 2.5], "texture": "#2"},
				"up": {"uv": [2, 2, 2.5, 2.5], "texture": "#2"},
				"down": {"uv": [2, 2, 2.5, 2.5], "texture": "#2"}
			}
		}
	],
	"display": {
		"thirdperson_righthand": {
			"rotation": [156, 85, -162.5],
			"translation": [0, -0.25, -2.5],
			"scale": [0.64102, 0.64102, 0.64102]
		},
		"thirdperson_lefthand": {
			"rotation": [156, 85, -162.5],
			"translation": [0, -0.25, -2.5],
			"scale": [0.64102, 0.64102, 0.64102]
		},
		"firstperson_righthand": {
			"rotation": [137.89, 66.36, -141.16],
			"translation": [-0.25, 5.5, 1.5],
			"scale": [0.51953, 0.51953, 0.51953]
		},
		"firstperson_lefthand": {
			"rotation": [137.89, 66.36, -141.16],
			"translation": [-0.25, 5.5, 1.5],
			"scale": [0.51953, 0.51953, 0.51953]
		},
		"head": {
			"translation": [0, 2.75, -8.5]
		},
		"fixed": {
			"translation": [0, 2.5, -1]
		}
	}
}