{
	"format_version": "1.9.0",
	"credit": "Made with Blockbench",
	"texture_size": [32, 32],
	"textures": {
		"0": "more_armor_trims:item/nihility_armor_trim_smithing_template3d",
		"particle": "more_armor_trims:item/nihility_armor_trim_smithing_template3d"
	},
	"elements": [
		{
			"from": [4, 0, 6],
			"to": [12, 11, 10],
			"rotation": {"angle": 0, "axis": "y", "origin": [8, 5.5, 8]},
			"faces": {
				"north": {"uv": [0, 0, 4, 5.5], "texture": "#0"},
				"east": {"uv": [2, 5.5, 4, 11], "texture": "#0"},
				"south": {"uv": [4, 0, 8, 5.5], "texture": "#0"},
				"west": {"uv": [0, 5.5, 2, 11], "texture": "#0"},
				"up": {"uv": [8, 5.5, 4, 7.5], "texture": "#0"},
				"down": {"uv": [8, 7.5, 4, 9.5], "texture": "#0"}
			}
		},
		{
			"from": [12.15, 11.15, 10.15],
			"to": [3.85, -0.15, 5.85],
			"rotation": {"angle": 0, "axis": "y", "origin": [16.25, 16.75, 12.25]},
			"faces": {
				"north": {"uv": [1.5, 2, 2, 2.5], "texture": "#0"},
				"east": {"uv": [1.5, 2, 2, 2.5], "texture": "#0"},
				"south": {"uv": [1.5, 2, 2, 2.5], "texture": "#0"},
				"west": {"uv": [1.5, 2, 2, 2.5], "texture": "#0"},
				"up": {"uv": [2, 2.5, 1.5, 2], "texture": "#0"},
				"down": {"uv": [2, 2, 1.5, 2.5], "texture": "#0"}
			}
		},
		{
			"from": [10, 8, 6.05],
			"to": [9, 8, 5.75],
			"rotation": {"angle": 0, "axis": "y", "origin": [10, 8, 6.05]},
			"faces": {
				"north": {"uv": [1.5, 2, 2, 2.5], "texture": "#0"},
				"east": {"uv": [1.5, 2, 2, 2.5], "texture": "#0"},
				"south": {"uv": [1.5, 2, 2, 2.5], "texture": "#0"},
				"west": {"uv": [1.5, 2, 2, 2.5], "texture": "#0"},
				"down": {"uv": [1.5, 2, 2, 2.5], "texture": "#0"}
			}
		},
		{
			"from": [10, 3, 6.05],
			"to": [9, 3, 5.75],
			"rotation": {"angle": 0, "axis": "y", "origin": [10, 3, 6.05]},
			"faces": {
				"north": {"uv": [1.5, 2, 2, 2.5], "texture": "#0"},
				"east": {"uv": [1.5, 2, 2, 2.5], "texture": "#0"},
				"south": {"uv": [1.5, 2, 2, 2.5], "texture": "#0"},
				"west": {"uv": [1.5, 2, 2, 2.5], "texture": "#0"},
				"up": {"uv": [1.5, 2, 2, 2.5], "texture": "#0"}
			}
		},
		{
			"from": [9, 6, 6.05],
			"to": [8, 6, 5.75],
			"rotation": {"angle": 0, "axis": "y", "origin": [9, 6, 6.05]},
			"faces": {
				"north": {"uv": [1.5, 2, 2, 2.5], "texture": "#0"},
				"east": {"uv": [1.5, 2, 2, 2.5], "texture": "#0"},
				"south": {"uv": [1.5, 2, 2, 2.5], "texture": "#0"},
				"west": {"uv": [1.5, 2, 2, 2.5], "texture": "#0"},
				"up": {"uv": [1.5, 2, 2, 2.5], "texture": "#0"}
			}
		},
		{
			"from": [9, 7, 6.05],
			"to": [8, 7, 5.75],
			"rotation": {"angle": 0, "axis": "y", "origin": [9, 7, 6.05]},
			"faces": {
				"north": {"uv": [1.5, 2, 2, 2.5], "texture": "#0"},
				"east": {"uv": [1.5, 2, 2, 2.5], "texture": "#0"},
				"south": {"uv": [1.5, 2, 2, 2.5], "texture": "#0"},
				"west": {"uv": [1.5, 2, 2, 2.5], "texture": "#0"},
				"down": {"uv": [1.5, 2, 2, 2.5], "texture": "#0"}
			}
		},
		{
			"from": [8, 10, 6.05],
			"to": [8, 7, 5.75],
			"rotation": {"angle": 0, "axis": "y", "origin": [8, 10, 6.05]},
			"faces": {
				"north": {"uv": [1.5, 2, 2, 2.5], "texture": "#0"},
				"south": {"uv": [1.5, 2, 2, 2.5], "texture": "#0"},
				"west": {"uv": [1.5, 2, 2, 2.5], "texture": "#0"},
				"up": {"uv": [1.5, 2, 2, 2.5], "texture": "#0"},
				"down": {"uv": [1.5, 2, 2, 2.5], "texture": "#0"}
			}
		},
		{
			"from": [8, 10, 6.05],
			"to": [7, 10, 5.75],
			"rotation": {"angle": 0, "axis": "y", "origin": [8, 10, 6.05]},
			"faces": {
				"north": {"uv": [1.5, 2, 2, 2.5], "texture": "#0"},
				"east": {"uv": [1.5, 2, 2, 2.5], "texture": "#0"},
				"south": {"uv": [1.5, 2, 2, 2.5], "texture": "#0"},
				"west": {"uv": [1.5, 2, 2, 2.5], "texture": "#0"},
				"down": {"uv": [1.5, 2, 2, 2.5], "texture": "#0"}
			}
		},
		{
			"from": [8, 5, 6.05],
			"to": [7, 5, 5.75],
			"rotation": {"angle": 0, "axis": "y", "origin": [8, 5, 6.05]},
			"faces": {
				"north": {"uv": [1.5, 2, 2, 2.5], "texture": "#0"},
				"east": {"uv": [1.5, 2, 2, 2.5], "texture": "#0"},
				"south": {"uv": [1.5, 2, 2, 2.5], "texture": "#0"},
				"west": {"uv": [1.5, 2, 2, 2.5], "texture": "#0"},
				"up": {"uv": [1.5, 2, 2, 2.5], "texture": "#0"}
			}
		},
		{
			"from": [7, 7, 6.05],
			"to": [6, 7, 5.75],
			"rotation": {"angle": 0, "axis": "y", "origin": [7, 7, 6.05]},
			"faces": {
				"north": {"uv": [1.5, 2, 2, 2.5], "texture": "#0"},
				"east": {"uv": [1.5, 2, 2, 2.5], "texture": "#0"},
				"south": {"uv": [1.5, 2, 2, 2.5], "texture": "#0"},
				"west": {"uv": [1.5, 2, 2, 2.5], "texture": "#0"},
				"down": {"uv": [1.5, 2, 2, 2.5], "texture": "#0"}
			}
		},
		{
			"from": [7, 8, 6.05],
			"to": [5, 8, 5.75],
			"rotation": {"angle": 0, "axis": "y", "origin": [7, 8, 6.05]},
			"faces": {
				"north": {"uv": [1.5, 2, 2, 2.5], "texture": "#0"},
				"east": {"uv": [1.5, 2, 2, 2.5], "texture": "#0"},
				"south": {"uv": [1.5, 2, 2, 2.5], "texture": "#0"},
				"west": {"uv": [1.5, 2, 2, 2.5], "texture": "#0"},
				"up": {"uv": [1.5, 2, 2, 2.5], "texture": "#0"}
			}
		},
		{
			"from": [7, 9, 6.05],
			"to": [5, 9, 5.75],
			"rotation": {"angle": 0, "axis": "y", "origin": [7, 9, 6.05]},
			"faces": {
				"north": {"uv": [1.5, 2, 2, 2.5], "texture": "#0"},
				"east": {"uv": [1.5, 2, 2, 2.5], "texture": "#0"},
				"south": {"uv": [1.5, 2, 2, 2.5], "texture": "#0"},
				"west": {"uv": [1.5, 2, 2, 2.5], "texture": "#0"},
				"down": {"uv": [1.5, 2, 2, 2.5], "texture": "#0"}
			}
		},
		{
			"from": [7, 6, 6.05],
			"to": [6, 6, 5.75],
			"rotation": {"angle": 0, "axis": "y", "origin": [7, 6, 6.05]},
			"faces": {
				"north": {"uv": [1.5, 2, 2, 2.5], "texture": "#0"},
				"east": {"uv": [1.5, 2, 2, 2.5], "texture": "#0"},
				"south": {"uv": [1.5, 2, 2, 2.5], "texture": "#0"},
				"west": {"uv": [1.5, 2, 2, 2.5], "texture": "#0"},
				"up": {"uv": [1.5, 2, 2, 2.5], "texture": "#0"}
			}
		},
		{
			"from": [7, 10, 6.05],
			"to": [7, 9, 5.75],
			"rotation": {"angle": 0, "axis": "y", "origin": [7, 10, 6.05]},
			"faces": {
				"north": {"uv": [1.5, 2, 2, 2.5], "texture": "#0"},
				"east": {"uv": [1.5, 2, 2, 2.5], "texture": "#0"},
				"south": {"uv": [1.5, 2, 2, 2.5], "texture": "#0"},
				"up": {"uv": [1.5, 2, 2, 2.5], "texture": "#0"},
				"down": {"uv": [1.5, 2, 2, 2.5], "texture": "#0"}
			}
		},
		{
			"from": [7, 8, 6.05],
			"to": [7, 7, 5.75],
			"rotation": {"angle": 0, "axis": "y", "origin": [7, 8, 6.05]},
			"faces": {
				"north": {"uv": [1.5, 2, 2, 2.5], "texture": "#0"},
				"east": {"uv": [1.5, 2, 2, 2.5], "texture": "#0"},
				"south": {"uv": [1.5, 2, 2, 2.5], "texture": "#0"},
				"up": {"uv": [1.5, 2, 2, 2.5], "texture": "#0"},
				"down": {"uv": [1.5, 2, 2, 2.5], "texture": "#0"}
			}
		},
		{
			"from": [5, 9, 6.05],
			"to": [5, 8, 5.75],
			"rotation": {"angle": 0, "axis": "y", "origin": [5, 9, 6.05]},
			"faces": {
				"north": {"uv": [1.5, 2, 2, 2.5], "texture": "#0"},
				"east": {"uv": [1.5, 2, 2, 2.5], "texture": "#0"},
				"south": {"uv": [1.5, 2, 2, 2.5], "texture": "#0"},
				"up": {"uv": [1.5, 2, 2, 2.5], "texture": "#0"},
				"down": {"uv": [1.5, 2, 2, 2.5], "texture": "#0"}
			}
		},
		{
			"from": [7, 6, 6.05],
			"to": [7, 5, 5.75],
			"rotation": {"angle": 0, "axis": "y", "origin": [7, 6, 6.05]},
			"faces": {
				"north": {"uv": [1.5, 2, 2, 2.5], "texture": "#0"},
				"east": {"uv": [1.5, 2, 2, 2.5], "texture": "#0"},
				"south": {"uv": [1.5, 2, 2, 2.5], "texture": "#0"},
				"up": {"uv": [1.5, 2, 2, 2.5], "texture": "#0"},
				"down": {"uv": [1.5, 2, 2, 2.5], "texture": "#0"}
			}
		},
		{
			"from": [8, 6, 6.05],
			"to": [8, 5, 5.75],
			"rotation": {"angle": 0, "axis": "y", "origin": [8, 6, 6.05]},
			"faces": {
				"north": {"uv": [1.5, 2, 2, 2.5], "texture": "#0"},
				"east": {"uv": [1.5, 2, 2, 2.5], "texture": "#0"},
				"south": {"uv": [1.5, 2, 2, 2.5], "texture": "#0"},
				"west": {"uv": [1.5, 2, 2, 2.5], "texture": "#0"},
				"up": {"uv": [1.5, 2, 2, 2.5], "texture": "#0"},
				"down": {"uv": [1.5, 2, 2, 2.5], "texture": "#0"}
			}
		},
		{
			"from": [10, 8, 6.05],
			"to": [10, 6, 5.75],
			"rotation": {"angle": 0, "axis": "y", "origin": [10, 8, 6.05]},
			"faces": {
				"north": {"uv": [1.5, 2, 2, 2.5], "texture": "#0"},
				"south": {"uv": [1.5, 2, 2, 2.5], "texture": "#0"},
				"west": {"uv": [1.5, 2, 2, 2.5], "texture": "#0"},
				"up": {"uv": [1.5, 2, 2, 2.5], "texture": "#0"},
				"down": {"uv": [1.5, 2, 2, 2.5], "texture": "#0"}
			}
		},
		{
			"from": [6, 7, 6.05],
			"to": [6, 6, 5.75],
			"rotation": {"angle": 0, "axis": "y", "origin": [6, 7, 6.05]},
			"faces": {
				"north": {"uv": [1.5, 2, 2, 2.5], "texture": "#0"},
				"east": {"uv": [1.5, 2, 2, 2.5], "texture": "#0"},
				"south": {"uv": [1.5, 2, 2, 2.5], "texture": "#0"},
				"up": {"uv": [1.5, 2, 2, 2.5], "texture": "#0"},
				"down": {"uv": [1.5, 2, 2, 2.5], "texture": "#0"}
			}
		},
		{
			"from": [9, 8, 6.05],
			"to": [9, 7, 5.75],
			"rotation": {"angle": 0, "axis": "y", "origin": [9, 8, 6.05]},
			"faces": {
				"north": {"uv": [1.5, 2, 2, 2.5], "texture": "#0"},
				"south": {"uv": [1.5, 2, 2, 2.5], "texture": "#0"},
				"west": {"uv": [1.5, 2, 2, 2.5], "texture": "#0"},
				"up": {"uv": [1.5, 2, 2, 2.5], "texture": "#0"},
				"down": {"uv": [1.5, 2, 2, 2.5], "texture": "#0"}
			}
		},
		{
			"from": [9, 6, 6.05],
			"to": [9, 3, 5.75],
			"rotation": {"angle": 0, "axis": "y", "origin": [9, 6, 6.05]},
			"faces": {
				"north": {"uv": [1.5, 2, 2, 2.5], "texture": "#0"},
				"east": {"uv": [1.5, 2, 2, 2.5], "texture": "#0"},
				"south": {"uv": [1.5, 2, 2, 2.5], "texture": "#0"},
				"up": {"uv": [1.5, 2, 2, 2.5], "texture": "#0"},
				"down": {"uv": [1.5, 2, 2, 2.5], "texture": "#0"}
			}
		},
		{
			"from": [8, 4, 6.05],
			"to": [7, 2, 5.75],
			"rotation": {"angle": 0, "axis": "y", "origin": [8, 4, 6.05]},
			"faces": {
				"north": {"uv": [1.5, 2, 2, 2.5], "texture": "#0"},
				"east": {"uv": [1.5, 2, 2, 2.5], "texture": "#0"},
				"south": {"uv": [1.5, 2, 2, 2.5], "texture": "#0"},
				"west": {"uv": [1.5, 2, 2, 2.5], "texture": "#0"},
				"up": {"uv": [1.5, 2, 2, 2.5], "texture": "#0"},
				"down": {"uv": [1.5, 2, 2, 2.5], "texture": "#0"}
			}
		},
		{
			"from": [11, 6, 6.05],
			"to": [10, 6, 5.75],
			"rotation": {"angle": 0, "axis": "y", "origin": [11, 6, 6.05]},
			"faces": {
				"north": {"uv": [1.5, 2, 2, 2.5], "texture": "#0"},
				"east": {"uv": [1.5, 2, 2, 2.5], "texture": "#0"},
				"south": {"uv": [1.5, 2, 2, 2.5], "texture": "#0"},
				"west": {"uv": [1.5, 2, 2, 2.5], "texture": "#0"},
				"down": {"uv": [1.5, 2, 2, 2.5], "texture": "#0"}
			}
		},
		{
			"from": [11, 5, 6.05],
			"to": [10, 5, 5.75],
			"rotation": {"angle": 0, "axis": "y", "origin": [11, 5, 6.05]},
			"faces": {
				"north": {"uv": [1.5, 2, 2, 2.5], "texture": "#0"},
				"east": {"uv": [1.5, 2, 2, 2.5], "texture": "#0"},
				"south": {"uv": [1.5, 2, 2, 2.5], "texture": "#0"},
				"west": {"uv": [1.5, 2, 2, 2.5], "texture": "#0"},
				"up": {"uv": [1.5, 2, 2, 2.5], "texture": "#0"},
				"down": {"uv": [1.5, 2, 2, 2.5], "texture": "#0"}
			}
		},
		{
			"from": [11, 6, 6.05],
			"to": [11, 5, 5.75],
			"rotation": {"angle": 0, "axis": "y", "origin": [11, 6, 6.05]},
			"faces": {
				"north": {"uv": [1.5, 2, 2, 2.5], "texture": "#0"},
				"south": {"uv": [1.5, 2, 2, 2.5], "texture": "#0"},
				"west": {"uv": [1.5, 2, 2, 2.5], "texture": "#0"},
				"up": {"uv": [1.5, 2, 2, 2.5], "texture": "#0"},
				"down": {"uv": [1.5, 2, 2, 2.5], "texture": "#0"}
			}
		},
		{
			"from": [10, 5, 6.05],
			"to": [10, 3, 5.75],
			"rotation": {"angle": 0, "axis": "y", "origin": [10, 5, 6.05]},
			"faces": {
				"north": {"uv": [1.5, 2, 2, 2.5], "texture": "#0"},
				"east": {"uv": [1.5, 2, 2, 2.5], "texture": "#0"},
				"south": {"uv": [1.5, 2, 2, 2.5], "texture": "#0"},
				"west": {"uv": [1.5, 2, 2, 2.5], "texture": "#0"},
				"up": {"uv": [1.5, 2, 2, 2.5], "texture": "#0"},
				"down": {"uv": [1.5, 2, 2, 2.5], "texture": "#0"}
			}
		}
	],
	"display": {
		"thirdperson_righthand": {
			"rotation": [156, 85, -162.5],
			"translation": [0, -0.25, -2.5],
			"scale": [0.64102, 0.64102, 0.64102]
		},
		"thirdperson_lefthand": {
			"rotation": [156, 85, -162.5],
			"translation": [0, -0.25, -2.5],
			"scale": [0.64102, 0.64102, 0.64102]
		},
		"firstperson_righthand": {
			"rotation": [137.89, 66.36, -141.16],
			"translation": [-0.25, 5.5, 1.5],
			"scale": [0.51953, 0.51953, 0.51953]
		},
		"firstperson_lefthand": {
			"rotation": [137.89, 66.36, -141.16],
			"translation": [-0.25, 5.5, 1.5],
			"scale": [0.51953, 0.51953, 0.51953]
		},
		"head": {
			"translation": [0, 2.75, -8.5]
		},
		"fixed": {
			"translation": [0, 2.5, -1]
		}
	},
	"groups": [
		0,
		1,
		{
			"name": "group",
			"origin": [21, 8, 6.05],
			"color": 0,
			"children": [2, 3, 4, 5, 6, 7, 8, 9, 10, 11, 12, 13, 14, 15, 16, 17, 18, 19, 20, 21, 22, 23, 24, 25, 26]
		}
	]
}