{
	"credit": "Made with Blockbench by Zentheon",
	"ambientocclusion": false,
	"textures": {
		"1": "block/acacia_sides",
		"3": "block/acacia_handle",
		"1_bottom": "block/acacia_door_bottom",
		"particle": "block/acacia_door_top",
		"2_top": "block/acacia_door_top"
	},
	"elements": [
		{
			"from": [3, 15, 7],
			"to": [13, 16, 10],
			"faces": {
				"north": {"uv": [3, 0, 13, 1], "texture": "#1_bottom", "cullface": "west"},
				"east": {"uv": [1, 0, 0, 1], "texture": "#1_bottom"},
				"south": {"uv": [13, 0, 3, 1], "texture": "#1_bottom"},
				"west": {"uv": [15, 0, 16, 1], "texture": "#1_bottom"},
				"down": {"uv": [9, 5, 12, 15], "rotation": 270, "texture": "#1"}
			}
		},
		{
			"from": [0, 0, 7],
			"to": [3, 16, 10],
			"faces": {
				"north": {"uv": [13, 0, 16, 16], "texture": "#1_bottom", "cullface": "west"},
				"east": {"uv": [15, 0, 12, 16], "rotation": 180, "texture": "#1"},
				"south": {"uv": [16, 0, 13, 16], "texture": "#1_bottom"},
				"west": {"uv": [3, 0, 6, 16], "texture": "#1", "cullface": "south"},
				"down": {"uv": [9, 0, 12, 3], "rotation": 270, "texture": "#1", "cullface": "down"}
			}
		},
		{
			"from": [13, 0, 7],
			"to": [16, 16, 10],
			"faces": {
				"north": {"uv": [0, 0, 3, 16], "texture": "#1_bottom", "cullface": "west"},
				"east": {"uv": [0, 0, 3, 16], "texture": "#1", "cullface": "north"},
				"south": {"uv": [3, 0, 0, 16], "texture": "#1_bottom"},
				"west": {"uv": [12, 0, 9, 16], "rotation": 180, "texture": "#1"},
				"down": {"uv": [9, 13, 12, 16], "rotation": 270, "texture": "#1", "cullface": "down"}
			}
		},
		{
			"from": [3, 0, 7],
			"to": [13, 3, 10],
			"faces": {
				"north": {"uv": [13, 13, 3, 16], "texture": "#1_bottom", "cullface": "west"},
				"south": {"uv": [13, 13, 3, 16], "texture": "#1_bottom"},
				"up": {"uv": [15, 3, 12, 13], "rotation": 90, "texture": "#1"},
				"down": {"uv": [9, 3, 12, 13], "rotation": 270, "texture": "#1", "cullface": "down"}
			}
		},
		{
			"from": [5, 3, 7],
			"to": [7, 15, 10],
			"faces": {
				"north": {"uv": [9, 1, 11, 13], "texture": "#1_bottom", "cullface": "west"},
				"east": {"uv": [15, 2, 12, 14], "texture": "#1"},
				"south": {"uv": [11, 1, 9, 13], "texture": "#1_bottom"},
				"west": {"uv": [6, 4, 3, 16], "texture": "#1"}
			}
		},
		{
			"from": [9, 3, 7],
			"to": [11, 15, 10],
			"faces": {
				"north": {"uv": [5, 1, 7, 13], "texture": "#1_bottom", "cullface": "west"},
				"east": {"uv": [15, 1, 12, 13], "texture": "#1"},
				"south": {"uv": [7, 1, 5, 13], "texture": "#1_bottom"},
				"west": {"uv": [6, 0, 3, 12], "texture": "#1"}
			}
		},
		{
			"from": [1, 15, 6.5],
			"to": [2, 16, 10.5],
			"rotation": {"angle": 0, "axis": "y", "origin": [-22, 23, 8]},
			"faces": {
				"north": {"uv": [14, 0, 15, 1], "texture": "#1_bottom", "cullface": "west"},
				"east": {"uv": [14, 0, 15, 1], "texture": "#1_bottom"},
				"south": {"uv": [14, 0, 15, 1], "texture": "#1_bottom", "cullface": "east"},
				"west": {"uv": [14, 0, 15, 1], "texture": "#1_bottom"},
				"down": {"uv": [14, 0, 15, 1], "rotation": 270, "texture": "#1_bottom"}
			}
		},
		{
			"from": [3, 29, 7],
			"to": [13, 32, 10],
			"faces": {
				"north": {"uv": [3, 0, 13, 3], "texture": "#2_top", "cullface": "west"},
				"south": {"uv": [13, 0, 3, 3], "texture": "#2_top"},
				"up": {"uv": [12, 3, 15, 13], "rotation": 90, "texture": "#1"},
				"down": {"uv": [9, 3, 12, 13], "rotation": 270, "texture": "#1"}
			}
		},
		{
			"from": [0, 16, 7],
			"to": [3, 32, 10],
			"faces": {
				"north": {"uv": [13, 0, 16, 16], "texture": "#2_top", "cullface": "west"},
				"east": {"uv": [15, 0, 12, 16], "rotation": 180, "texture": "#1"},
				"south": {"uv": [16, 0, 13, 16], "texture": "#2_top"},
				"west": {"uv": [9, 0, 12, 16], "texture": "#1", "cullface": "south"},
				"up": {"uv": [12, 13, 15, 16], "rotation": 90, "texture": "#1"}
			}
		},
		{
			"from": [13, 16, 7],
			"to": [16, 32, 10],
			"faces": {
				"north": {"uv": [0, 0, 3, 16], "texture": "#2_top", "cullface": "west"},
				"east": {"uv": [6, 0, 9, 16], "texture": "#1", "cullface": "north"},
				"south": {"uv": [3, 0, 0, 16], "texture": "#2_top"},
				"west": {"uv": [6, 0, 3, 16], "texture": "#1"},
				"up": {"uv": [12, 0, 15, 3], "rotation": 90, "texture": "#1"}
			}
		},
		{
			"from": [3, 16, 7],
			"to": [13, 17, 10],
			"faces": {
				"north": {"uv": [3, 15, 13, 16], "texture": "#2_top", "cullface": "west"},
				"east": {"uv": [1, 15, 0, 16], "texture": "#2_top"},
				"south": {"uv": [13, 15, 3, 16], "texture": "#2_top"},
				"west": {"uv": [15, 15, 16, 16], "texture": "#2_top"},
				"up": {"uv": [12, 4, 15, 14], "rotation": 90, "texture": "#1"}
			}
		},
		{
			"from": [5, 17, 7],
			"to": [7, 29, 10],
			"faces": {
				"north": {"uv": [9, 3, 11, 15], "texture": "#2_top", "cullface": "west"},
				"east": {"uv": [15, 1, 12, 13], "texture": "#1"},
				"south": {"uv": [11, 3, 9, 15], "texture": "#2_top"},
				"west": {"uv": [12, 4, 9, 16], "texture": "#1"}
			}
		},
		{
			"from": [9, 17, 7],
			"to": [11, 29, 10],
			"faces": {
				"north": {"uv": [5, 3, 7, 15], "texture": "#2_top", "cullface": "west"},
				"east": {"uv": [15, 0, 12, 12], "texture": "#1"},
				"south": {"uv": [7, 3, 5, 15], "texture": "#2_top"},
				"west": {"uv": [12, 2, 9, 14], "texture": "#1"}
			}
		},
		{
			"from": [1, 16, 6.5],
			"to": [4, 16.99, 10.5],
			"rotation": {"angle": 0, "axis": "y", "origin": [-22, 8, 8]},
			"faces": {
				"north": {"uv": [6, 3, 9, 4], "texture": "#3", "cullface": "west"},
				"east": {"uv": [6, 3, 7, 4], "texture": "#3"},
				"south": {"uv": [6, 3, 9, 4], "rotation": 180, "texture": "#3"},
				"west": {"uv": [8, 3, 9, 4], "texture": "#3"},
				"up": {"uv": [6, 3, 9, 4], "rotation": 180, "texture": "#3"},
				"down": {"uv": [6, 3, 9, 4], "rotation": 180, "texture": "#3"}
			}
		}
	],
	"gui_light": "front",
	"display": {
		"thirdperson_righthand": {
			"rotation": [0, -90, 0],
			"translation": [-1, -6, 2.5],
			"scale": [0.52, 0.52, 0.52]
		},
		"thirdperson_lefthand": {
			"rotation": [0, -90, 0],
			"translation": [-1.25, -6, 2.75],
			"scale": [0.52, 0.52, 0.52]
		},
		"firstperson_righthand": {
			"rotation": [0, -64, 0],
			"translation": [0, -3.5, 0],
			"scale": [0.4, 0.4, 0.4]
		},
		"firstperson_lefthand": {
			"rotation": [0, -64, 0],
			"translation": [0, -3.5, 0],
			"scale": [0.4, 0.4, 0.4]
		},
		"ground": {
			"translation": [0, 3, 0],
			"scale": [0.25, 0.25, 0.25]
		},
		"gui": {
			"rotation": [15, -135, 0],
			"translation": [0, -3.5, 0],
			"scale": [0.44, 0.44, 0.44]
		},
		"head": {
			"rotation": [90, 0, 90],
			"translation": [8, 8.5, 0]
		},
		"fixed": {
			"translation": [0, -3.5, -0.5],
			"scale": [0.42, 0.42, 0.42]
		}
	},
	"groups": [
		{
			"name": "acacia_door_bottom",
			"origin": [8, 8, 8],
			"color": 0,
			"children": [0, 1, 2, 3, 4, 5, 6]
		},
		{
			"name": "acacia_door_top",
			"origin": [8, 8, 8],
			"color": 0,
			"children": [7, 8, 9, 10, 11, 12, 13]
		}
	]
}
