{
	"credit": "Made with Blockbench by Zentheon",
	"ambientocclusion": false,
	"textures": {
		"2": "block/cherry_sides",
		"particle": "block/cherry_door_bottom",
		"bottom": "block/cherry_door_bottom",
		"top": "block/cherry_door_top"
	},
	"elements": [
		{
			"from": [3, 0, 7],
			"to": [13, 15, 10],
			"rotation": {"angle": 0, "axis": "y", "origin": [16, 0, 7]},
			"faces": {
				"north": {"uv": [13, 1, 3, 16], "texture": "#bottom", "cullface": "west"},
				"south": {"uv": [13, 13, 3, 16], "texture": "#bottom"},
				"up": {"uv": [15, 3, 12, 13], "rotation": 90, "texture": "#2"},
				"down": {"uv": [3, 3, 6, 13], "rotation": 270, "texture": "#2", "cullface": "down"}
			}
		},
		{
			"from": [0, 0, 7],
			"to": [3, 16, 10],
			"rotation": {"angle": 0, "axis": "y", "origin": [16, 0, 7]},
			"faces": {
				"north": {"uv": [13, 0, 16, 16], "texture": "#bottom", "cullface": "west"},
				"east": {"uv": [15, 0, 12, 16], "rotation": 180, "texture": "#2"},
				"south": {"uv": [16, 0, 13, 16], "texture": "#bottom"},
				"west": {"uv": [3, 0, 6, 16], "rotation": 180, "texture": "#2", "cullface": "south"},
				"down": {"uv": [3, 0, 6, 3], "rotation": 270, "texture": "#2", "cullface": "down"}
			}
		},
		{
			"from": [13, 0, 7],
			"to": [16, 16, 10],
			"rotation": {"angle": 0, "axis": "y", "origin": [16, 0, 7]},
			"faces": {
				"north": {"uv": [0, 0, 3, 16], "texture": "#bottom", "cullface": "west"},
				"east": {"uv": [0, 0, 3, 16], "texture": "#2", "cullface": "north"},
				"south": {"uv": [3, 0, 0, 16], "texture": "#bottom"},
				"west": {"uv": [12, 0, 9, 16], "rotation": 180, "texture": "#2"},
				"down": {"uv": [3, 13, 6, 16], "rotation": 270, "texture": "#2", "cullface": "down"}
			}
		},
		{
			"from": [6, 10, 6.5],
			"to": [7, 12, 10.5],
			"rotation": {"angle": 0, "axis": "y", "origin": [-6, 23, 15]},
			"faces": {
				"north": {"uv": [9, 4, 10, 6], "texture": "#bottom", "cullface": "west"},
				"east": {"uv": [9, 4, 10, 6], "texture": "#bottom"},
				"south": {"uv": [9, 4, 10, 6], "texture": "#bottom"},
				"west": {"uv": [9, 4, 10, 6], "texture": "#bottom"},
				"up": {"uv": [9, 4, 10, 5], "rotation": 90, "texture": "#bottom"},
				"down": {"uv": [9, 5, 10, 6], "rotation": 270, "texture": "#bottom"}
			}
		},
		{
			"from": [9, 10, 6.5],
			"to": [10, 12, 10.5],
			"rotation": {"angle": 0, "axis": "y", "origin": [-6, 23, 15]},
			"faces": {
				"north": {"uv": [6, 4, 7, 6], "texture": "#bottom", "cullface": "west"},
				"east": {"uv": [6, 4, 7, 6], "texture": "#bottom"},
				"south": {"uv": [6, 4, 7, 5], "texture": "#bottom"},
				"west": {"uv": [6, 4, 7, 6], "texture": "#bottom"},
				"up": {"uv": [6, 4, 7, 5], "rotation": 90, "texture": "#bottom"},
				"down": {"uv": [6, 5, 7, 6], "rotation": 270, "texture": "#bottom"}
			}
		},
		{
			"from": [7, 12, 6.5],
			"to": [9, 13, 10.5],
			"rotation": {"angle": 0, "axis": "y", "origin": [-6, 23, 15]},
			"faces": {
				"north": {"uv": [7, 3, 9, 4], "texture": "#bottom", "cullface": "west"},
				"east": {"uv": [7, 3, 8, 4], "texture": "#bottom"},
				"south": {"uv": [7, 3, 9, 4], "texture": "#bottom"},
				"west": {"uv": [8, 3, 9, 4], "texture": "#bottom"},
				"up": {"uv": [7, 3, 9, 4], "rotation": 90, "texture": "#bottom"},
				"down": {"uv": [7, 3, 9, 4], "rotation": 270, "texture": "#bottom"}
			}
		},
		{
			"from": [7, 9, 6.5],
			"to": [9, 10, 10.5],
			"rotation": {"angle": 0, "axis": "y", "origin": [-6, 23, 15]},
			"faces": {
				"north": {"uv": [7, 6, 9, 7], "texture": "#bottom", "cullface": "west"},
				"east": {"uv": [7, 6, 8, 7], "texture": "#bottom"},
				"south": {"uv": [7, 6, 9, 7], "texture": "#bottom"},
				"west": {"uv": [8, 6, 9, 7], "texture": "#bottom"},
				"up": {"uv": [0, 0, 0, 0], "rotation": 90, "texture": "#bottom"},
				"down": {"uv": [7, 6, 9, 7], "rotation": 270, "texture": "#bottom"}
			}
		},
		{
			"from": [3, 15, 8.5],
			"to": [13, 16, 8.5],
			"rotation": {"angle": 0, "axis": "y", "origin": [16, 0, 7]},
			"faces": {
				"north": {"uv": [3, 0, 13, 1], "texture": "#bottom", "cullface": "west"},
				"east": {"uv": [1, 0, 0, 1], "texture": "#bottom"},
				"south": {"uv": [13, 0, 3, 1], "texture": "#bottom"},
				"west": {"uv": [15, 0, 16, 1], "texture": "#bottom"},
				"down": {"uv": [9, 5, 12, 15], "rotation": 270, "texture": "#2"}
			}
		},
		{
			"from": [3, 15, 8],
			"to": [13, 16, 8],
			"rotation": {"angle": 0, "axis": "y", "origin": [16, 0, 7]},
			"faces": {
				"north": {"uv": [3, 0, 13, 1], "texture": "#bottom", "cullface": "west"},
				"east": {"uv": [1, 0, 0, 1], "texture": "#bottom"},
				"south": {"uv": [13, 0, 3, 1], "texture": "#bottom"},
				"west": {"uv": [15, 0, 16, 1], "texture": "#bottom"},
				"down": {"uv": [9, 5, 12, 15], "rotation": 270, "texture": "#2"}
			}
		},
		{
			"from": [3, 15, 9],
			"to": [13, 16, 9],
			"rotation": {"angle": 0, "axis": "y", "origin": [16, 0, 7]},
			"faces": {
				"north": {"uv": [3, 0, 13, 1], "texture": "#bottom", "cullface": "west"},
				"east": {"uv": [1, 0, 0, 1], "texture": "#bottom"},
				"south": {"uv": [13, 0, 3, 1], "texture": "#bottom"},
				"west": {"uv": [15, 0, 16, 1], "texture": "#bottom"},
				"down": {"uv": [9, 5, 12, 15], "rotation": 270, "texture": "#2"}
			}
		},
		{
			"from": [12, 16, 7],
			"to": [16, 32, 10],
			"rotation": {"angle": 0, "axis": "y", "origin": [16, 16, 7]},
			"faces": {
				"north": {"uv": [0, 0, 4, 16], "texture": "#top", "cullface": "west"},
				"east": {"uv": [6, 0, 9, 16], "texture": "#2", "cullface": "north"},
				"south": {"uv": [4, 0, 0, 16], "texture": "#top"},
				"west": {"uv": [12, 0, 9, 16], "texture": "#2"},
				"up": {"uv": [12, 0, 15, 4], "rotation": 90, "texture": "#2"}
			}
		},
		{
			"from": [4, 28, 7],
			"to": [12, 32, 10],
			"rotation": {"angle": 0, "axis": "y", "origin": [16, 16, 7]},
			"faces": {
				"north": {"uv": [4, 0, 12, 4], "texture": "#top", "cullface": "west"},
				"south": {"uv": [12, 0, 4, 4], "texture": "#top"},
				"up": {"uv": [12, 4, 15, 12], "rotation": 90, "texture": "#2"},
				"down": {"uv": [9, 3, 12, 13], "rotation": 270, "texture": "#2"}
			}
		},
		{
			"from": [0, 16, 7],
			"to": [4, 32, 10],
			"rotation": {"angle": 0, "axis": "y", "origin": [16, 16, 7]},
			"faces": {
				"north": {"uv": [12, 0, 16, 16], "texture": "#top", "cullface": "west"},
				"east": {"uv": [12, 0, 9, 16], "rotation": 180, "texture": "#2"},
				"south": {"uv": [16, 0, 12, 16], "texture": "#top"},
				"west": {"uv": [9, 0, 12, 16], "texture": "#2", "cullface": "south"},
				"up": {"uv": [12, 12, 15, 16], "rotation": 90, "texture": "#2"}
			}
		},
		{
			"from": [4, 16, 8.5],
			"to": [12, 28, 8.5],
			"rotation": {"angle": 0, "axis": "y", "origin": [16, 16, 7]},
			"faces": {
				"north": {"uv": [4, 4, 12, 16], "texture": "#top", "cullface": "west"},
				"south": {"uv": [12, 4, 4, 16], "texture": "#top"}
			}
		},
		{
			"from": [4, 16, 9],
			"to": [12, 28, 9],
			"rotation": {"angle": 0, "axis": "y", "origin": [16, 16, 7]},
			"faces": {
				"north": {"uv": [4, 4, 12, 16], "texture": "#top", "cullface": "west"},
				"south": {"uv": [12, 4, 4, 16], "texture": "#top"}
			}
		},
		{
			"from": [4, 16, 8],
			"to": [12, 28, 8],
			"rotation": {"angle": 0, "axis": "y", "origin": [16, 16, 7]},
			"faces": {
				"north": {"uv": [4, 4, 12, 16], "texture": "#top", "cullface": "west"},
				"south": {"uv": [12, 4, 4, 16], "texture": "#top"}
			}
		}
	],
	"gui_light": "front",
	"display": {
		"thirdperson_righthand": {
			"rotation": [0, -90, 0],
			"translation": [-1, -6, 2.5],
			"scale": [0.52, 0.52, 0.52]
		},
		"thirdperson_lefthand": {
			"rotation": [0, -90, 0],
			"translation": [-1.25, -6, 2.75],
			"scale": [0.52, 0.52, 0.52]
		},
		"firstperson_righthand": {
			"rotation": [0, -64, 0],
			"translation": [0, -3.5, 0],
			"scale": [0.4, 0.4, 0.4]
		},
		"firstperson_lefthand": {
			"rotation": [0, -64, 0],
			"translation": [0, -3.5, 0],
			"scale": [0.4, 0.4, 0.4]
		},
		"ground": {
			"translation": [0, 3, 0],
			"scale": [0.25, 0.25, 0.25]
		},
		"gui": {
			"rotation": [15, -135, 0],
			"translation": [0, -3.5, 0],
			"scale": [0.44, 0.44, 0.44]
		},
		"head": {
			"rotation": [90, 0, 90],
			"translation": [8, 8.5, 0]
		},
		"fixed": {
			"translation": [0, -3.5, -0.5],
			"scale": [0.42, 0.42, 0.42]
		}
	},
	"groups": [
		{
			"name": "cherry_door_bottom",
			"origin": [8, 8, 8],
			"color": 0,
			"children": [
				{
					"name": "Base",
					"origin": [0, 0, 0],
					"color": 0,
					"children": [0, 1, 2]
				},
				{
					"name": "Handle",
					"origin": [8, 23, 22],
					"color": 0,
					"children": [3, 4, 5, 6]
				},
				{
					"name": "Window",
					"origin": [0, 0, 0],
					"color": 0,
					"children": [7, 8, 9]
				}
			]
		},
		{
			"name": "cherry_door_top",
			"origin": [8, 8, 8],
			"color": 0,
			"children": [
				{
					"name": "Base",
					"origin": [0, 0, 0],
					"color": 0,
					"children": [10, 11, 12]
				},
				{
					"name": "Window",
					"origin": [0, 0, 0],
					"color": 0,
					"children": [13, 14, 15]
				}
			]
		}
	]
}
