{
	"credit": "Made with Blockbench by Zentheon",
	"ambientocclusion": false,
	"textures": {
		"side": "block/crimson_sides",
		"4_top": "block/crimson_door_top",
		"5_bottom": "block/crimson_door_bottom"
	},
	"elements": [
		{
			"from": [0, 16, 7],
			"to": [16, 32, 10],
			"faces": {
				"north": {"uv": [0, 0, 16, 16], "texture": "#4_top", "cullface": "west"},
				"east": {"uv": [6, 0, 9, 16], "texture": "#side", "cullface": "north"},
				"south": {"uv": [16, 0, 0, 16], "texture": "#4_top"},
				"west": {"uv": [9, 0, 12, 16], "texture": "#side", "cullface": "south"},
				"up": {"uv": [12, 0, 15, 16], "rotation": 90, "texture": "#side", "cullface": "up"}
			}
		},
		{
			"from": [1, 16, 6.4],
			"to": [2, 18, 10.6],
			"rotation": {"angle": 0, "axis": "y", "origin": [-11, -6, 5]},
			"faces": {
				"north": {"uv": [10, 14, 11, 16], "texture": "#4_top", "cullface": "west"},
				"east": {"uv": [10, 14, 11, 16], "texture": "#4_top", "cullface": "north"},
				"south": {"uv": [14, 14, 15, 16], "texture": "#4_top"},
				"west": {"uv": [10, 14, 11, 16], "texture": "#4_top", "cullface": "south"},
				"up": {"uv": [10, 14, 11, 15], "rotation": 180, "texture": "#4_top"},
				"down": {"uv": [10, 15, 11, 16], "texture": "#4_top", "cullface": "down"}
			}
		},
		{
			"from": [5, 16, 6.4],
			"to": [6, 18, 10.6],
			"rotation": {"angle": 0, "axis": "y", "origin": [-7, -6, 5]},
			"faces": {
				"north": {"uv": [10, 14, 11, 16], "texture": "#4_top", "cullface": "west"},
				"east": {"uv": [10, 14, 11, 16], "texture": "#4_top", "cullface": "north"},
				"south": {"uv": [14, 14, 15, 16], "texture": "#4_top"},
				"west": {"uv": [10, 14, 11, 16], "texture": "#4_top", "cullface": "south"},
				"up": {"uv": [10, 14, 11, 15], "rotation": 180, "texture": "#4_top"},
				"down": {"uv": [10, 15, 11, 16], "texture": "#4_top", "cullface": "down"}
			}
		},
		{
			"from": [0, 0, 7],
			"to": [16, 16, 10],
			"faces": {
				"north": {"uv": [0, 0, 16, 16], "texture": "#5_bottom", "cullface": "west"},
				"east": {"uv": [0, 0, 3, 16], "texture": "#side", "cullface": "north"},
				"south": {"uv": [16, 0, 0, 16], "texture": "#5_bottom"},
				"west": {"uv": [3, 0, 6, 16], "texture": "#side", "cullface": "south"},
				"down": {"uv": [9, 0, 12, 16], "rotation": 270, "texture": "#side", "cullface": "down"}
			}
		},
		{
			"from": [2, 15, 6.4],
			"to": [5, 16, 10.6],
			"rotation": {"angle": 0, "axis": "y", "origin": [-8, 8, 8.5]},
			"faces": {
				"north": {"uv": [11, 0, 14, 1], "texture": "#5_bottom", "cullface": "west"},
				"east": {"uv": [11, 0, 12, 1], "texture": "#5_bottom"},
				"south": {"uv": [11, 0, 14, 1], "texture": "#5_bottom"},
				"west": {"uv": [13, 0, 14, 1], "texture": "#5_bottom"},
				"up": {"uv": [11, 0, 14, 1], "rotation": 180, "texture": "#5_bottom"},
				"down": {"uv": [11, 0, 14, 1], "texture": "#5_bottom"}
			}
		}
	],
	"gui_light": "front",
	"display": {
		"thirdperson_righthand": {
			"rotation": [0, -90, 0],
			"translation": [-1, -6, 2.5],
			"scale": [0.52, 0.52, 0.52]
		},
		"thirdperson_lefthand": {
			"rotation": [0, -90, 0],
			"translation": [-1.25, -6, 2.75],
			"scale": [0.52, 0.52, 0.52]
		},
		"firstperson_righthand": {
			"rotation": [0, -64, 0],
			"translation": [0, -3.5, 0],
			"scale": [0.4, 0.4, 0.4]
		},
		"firstperson_lefthand": {
			"rotation": [0, -64, 0],
			"translation": [0, -3.5, 0],
			"scale": [0.4, 0.4, 0.4]
		},
		"ground": {
			"translation": [0, 3, 0],
			"scale": [0.25, 0.25, 0.25]
		},
		"gui": {
			"rotation": [15, -135, 0],
			"translation": [0, -3.5, 0],
			"scale": [0.44, 0.44, 0.44]
		},
		"head": {
			"rotation": [90, 0, 90],
			"translation": [8, 8.5, 0]
		},
		"fixed": {
			"translation": [0, -3.5, -0.5],
			"scale": [0.42, 0.42, 0.42]
		}
	},
	"groups": [
		{
			"name": "warped_door_top",
			"origin": [8, 8, 8],
			"color": 0,
			"children": [0, 1, 2]
		},
		{
			"name": "warped_door_bottom",
			"origin": [8, 8, 8],
			"color": 0,
			"children": [3, 4]
		}
	]
}
