{
    "parent": "item/handheld",
    "textures": {
        "layer0": "item/diamond_sword"
    },
    "overrides": [
        {
            "predicate": {"custom_model_data": 1981820},
            "model": "item/weapons/diamond_dagger"
        },
        {
            "predicate": {"custom_model_data": 1981821},
            "model": "item/weapons/diamond_mace"
        },
        {
            "predicate": {"custom_model_data": 1981822},
            "model": "item/weapons/diamond_rapier"
        },
        {
            "predicate": {"custom_model_data": 1981825},
            "model": "item/weapons/diamond_warhammer"
        },
        {
            "predicate": {"custom_model_data": 1981826},
            "model": "item/weapons/diamond_spear"
        },
        {
            "predicate": {"custom_model_data": 1981827},
            "model": "item/weapons/diamond_greataxe"
        },
        {
            "predicate": {"custom_model_data": 1981840},
            "model": "item/weapons/diamond_knuckles"
        }
    ]
}