{
	"format_version": "1.21.6",
	"credit": "Made with Blockbench",
	"textures": {
		"1": "item/eatinganimation/enchanted_golden_apple/golden_apple_stem",
		"3": "item/eatinganimation/enchanted_golden_apple/golden_apple_eat_3",
		"particle": "item/food_particles/golden_apple"
	},
	"elements": [
		{
			"name": "leaf",
			"from": [7.9999, 3.9999, 6.4999],
			"to": [8.0001, 7.0001, 8.5001],
			"rotation": {"angle": -22.5, "axis": "x", "origin": [7.5, 4, 6.5]},
			"faces": {
				"east": {"uv": [0, 0, 2, 3], "texture": "#1"},
				"west": {"uv": [2, 0, 4, 3], "texture": "#1"}
			}
		},
		{
			"name": "stem",
			"from": [7.501, 5.001, 7.501],
			"to": [8.499, 6.999, 8.499],
			"rotation": {"angle": 22.5, "axis": "x", "origin": [7.5, 5, 7.5]},
			"faces": {
				"north": {"uv": [0, 3, 1, 5], "texture": "#1"},
				"east": {"uv": [1, 3, 2, 5], "texture": "#1"},
				"south": {"uv": [2, 3, 3, 5], "texture": "#1"},
				"west": {"uv": [3, 3, 4, 5], "texture": "#1"},
				"up": {"uv": [5, 1, 4, 0], "texture": "#1"}
			}
		},
		{
			"name": "apple",
			"from": [7.5, 0, 7.5],
			"to": [10.5, 5, 8.5],
			"rotation": {"angle": 0, "axis": "y", "origin": [12.5, 0, 12.5]},
			"faces": {
				"north": {"uv": [0, 5, 3, 10], "texture": "#3"},
				"east": {"uv": [5, 0, 6, 5], "texture": "#3"},
				"west": {"uv": [2, 5, 3, 10], "texture": "#3"},
				"up": {"uv": [11, 1, 8, 0], "texture": "#3"},
				"down": {"uv": [11, 3, 8, 4], "texture": "#3"}
			}
		},
		{
			"name": "apple",
			"from": [7.5, 0, 8.5],
			"to": [10.5, 5, 10.5],
			"rotation": {"angle": 0, "axis": "y", "origin": [12.5, 0, 15.5]},
			"faces": {
				"east": {"uv": [3, 10, 5, 15], "texture": "#3"},
				"south": {"uv": [0, 10, 3, 15], "texture": "#3"},
				"west": {"uv": [5, 10, 7, 15], "texture": "#3"},
				"up": {"uv": [14, 8, 11, 6], "texture": "#3"},
				"down": {"uv": [10, 11, 7, 13], "texture": "#3"}
			}
		},
		{
			"name": "apple",
			"from": [10.75, 5.25, 10.75],
			"to": [7.25, -0.25, 7.25],
			"rotation": {"angle": 0, "axis": "y", "origin": [7.9999, 4.23005, 7.46199]},
			"faces": {
				"north": {"uv": [14, 12, 15, 13], "texture": "#3"},
				"east": {"uv": [14, 12, 15, 13], "texture": "#3"},
				"south": {"uv": [14, 12, 15, 13], "texture": "#3"},
				"west": {"uv": [14, 12, 15, 13], "texture": "#3"},
				"up": {"uv": [14, 12, 15, 13], "texture": "#3"},
				"down": {"uv": [14, 12, 15, 13], "texture": "#3"}
			}
		},
		{
			"name": "stem",
			"from": [8.75, 7.20594, 8.45246],
			"to": [7.25, 4.70594, 6.95246],
			"rotation": {"angle": 22.5, "axis": "x", "origin": [7.9999, 4.23005, 7.46199]},
			"faces": {
				"north": {"uv": [15, 7, 16, 12], "texture": "#3"},
				"east": {"uv": [14, 12, 15, 13], "texture": "#3"},
				"south": {"uv": [14, 8, 15, 15], "texture": "#3"},
				"west": {"uv": [14, 12, 15, 13], "texture": "#3"},
				"down": {"uv": [14, 12, 15, 13], "texture": "#3"}
			}
		},
		{
			"from": [8.2098, 6.59585, 7.69539],
			"to": [7.7898, 4.17585, 6.27539],
			"rotation": {"angle": -22.5, "axis": "x", "origin": [7.9999, 4.23005, 7.46199]},
			"faces": {
				"east": {"uv": [14, 12, 15, 13], "texture": "#3"},
				"south": {"uv": [14, 12, 15, 13], "texture": "#3"},
				"west": {"uv": [14, 12, 15, 13], "texture": "#3"},
				"up": {"uv": [14, 12, 15, 13], "texture": "#3"},
				"down": {"uv": [14, 12, 15, 16], "texture": "#3"}
			}
		},
		{
			"from": [8.1998, 7.58585, 8.68539],
			"to": [7.7998, 4.18585, 7.28539],
			"rotation": {"angle": -22.5, "axis": "x", "origin": [7.9999, 4.23005, 7.46199]},
			"faces": {
				"north": {"uv": [14, 12, 15, 13], "texture": "#3"},
				"east": {"uv": [14, 12, 15, 13], "texture": "#3"},
				"south": {"uv": [15, 12, 16, 15], "texture": "#3"},
				"west": {"uv": [14, 12, 15, 13], "texture": "#3"},
				"up": {"uv": [14, 12, 15, 13], "texture": "#3"},
				"down": {"uv": [14, 12, 15, 13], "texture": "#3"}
			}
		}
	],
	"display": {
		"thirdperson_righthand": {
			"rotation": [0, 90, 0],
			"translation": [0, 5.39, 1.5],
			"scale": [0.65, 0.65, 0.65]
		},
		"thirdperson_lefthand": {
			"rotation": [0, -90, 0],
			"translation": [0, 5.39, 1.5],
			"scale": [0.65, 0.65, 0.65]
		},
		"firstperson_righthand": {
			"rotation": [-17, -12, -35],
			"translation": [0, 6, 1],
			"scale": [0.75, 0.75, 0.75]
		},
		"firstperson_lefthand": {
			"rotation": [-1, -160, 36],
			"translation": [0, 6, 1],
			"scale": [0.75, 0.75, 0.75]
		},
		"ground": {
			"translation": [0, 4.5, 0],
			"scale": [0.75, 0.75, 0.75]
		},
		"gui": {
			"rotation": [30, 45, 0],
			"translation": [-1, 6.5, 0],
			"scale": [1.5, 1.5, 1.5]
		},
		"head": {
			"rotation": [0, 90, 0],
			"translation": [-0.75, 14.75, 0.5]
		},
		"fixed": {
			"rotation": [0, 90, 0],
			"translation": [-1, 7.75, 1.5],
			"scale": [1.5, 1.5, 1.5]
		}
	},
	"groups": [
		{
			"name": "apple",
			"origin": [8, 4, 7],
			"color": 0,
			"children": [0, 1, 2, 3]
		},
		{
			"name": "outline",
			"origin": [8, 4, 7],
			"color": 0,
			"children": [
				{
					"name": "fruit",
					"origin": [13, 0, 13],
					"color": 0,
					"children": [4]
				},
				{
					"name": "stem",
					"origin": [8, 5, 8],
					"color": 0,
					"children": [5]
				},
				{
					"name": "leaf",
					"origin": [8, 4, 7],
					"color": 0,
					"children": [6, 7]
				}
			]
		}
	]
}