{
	"format_version": "1.21.6",
	"credit": "Made with Blockbench",
	"textures": {
		"1": "item/eatinganimation/enchanted_golden_apple/golden_apple_stem",
		"2": "item/eatinganimation/enchanted_golden_apple/golden_apple_eat_4",
		"particle": "item/food_particles/golden_apple"
	},
	"elements": [
		{
			"name": "leaf",
			"from": [7.9989, 4.00121, 6.49936],
			"to": [7.9991, 7.00141, 8.49956],
			"rotation": {"angle": -22.5, "axis": "x", "origin": [7.499, 4.00131, 6.49946]},
			"faces": {
				"east": {"uv": [0, 0, 2, 3], "texture": "#1"},
				"west": {"uv": [2, 0, 4, 3], "texture": "#1"}
			}
		},
		{
			"name": "stem",
			"from": [7.5, 5.00231, 7.50046],
			"to": [8.498, 7.00031, 8.49846],
			"rotation": {"angle": 22.5, "axis": "x", "origin": [7.499, 5.00131, 7.49946]},
			"faces": {
				"north": {"uv": [0, 3, 1, 5], "texture": "#1"},
				"east": {"uv": [1, 3, 2, 5], "texture": "#1"},
				"south": {"uv": [2, 3, 3, 5], "texture": "#1"},
				"west": {"uv": [3, 3, 4, 5], "texture": "#1"},
				"up": {"uv": [5, 1, 4, 0], "texture": "#1"}
			}
		},
		{
			"name": "apple",
			"from": [7.499, 0.00131, 7.49946],
			"to": [8.499, 5.00131, 8.49946],
			"rotation": {"angle": 0, "axis": "y", "origin": [12.499, 0.00131, 12.49946]},
			"faces": {
				"north": {"uv": [2, 5, 3, 10], "texture": "#2"},
				"east": {"uv": [2, 5, 3, 10], "texture": "#2"},
				"south": {"uv": [2, 5, 3, 10], "texture": "#2"},
				"west": {"uv": [2, 5, 3, 10], "texture": "#2"},
				"up": {"uv": [11, 1, 10, 0], "texture": "#2"},
				"down": {"uv": [11, 3, 10, 4], "texture": "#2"}
			}
		},
		{
			"name": "apple",
			"from": [8.759, 5.26131, 8.75946],
			"to": [7.239, -0.25869, 7.23946],
			"rotation": {"angle": 0, "axis": "y", "origin": [5.9989, 4.23136, 5.46145]},
			"faces": {
				"north": {"uv": [14, 12, 15, 13], "texture": "#2"},
				"east": {"uv": [14, 12, 15, 13], "texture": "#2"},
				"south": {"uv": [14, 12, 15, 13], "texture": "#2"},
				"west": {"uv": [14, 12, 15, 13], "texture": "#2"},
				"up": {"uv": [14, 12, 15, 13], "texture": "#2"},
				"down": {"uv": [14, 12, 15, 13], "texture": "#2"}
			}
		},
		{
			"name": "stem",
			"from": [8.749, 7.20725, 8.45192],
			"to": [7.249, 4.70725, 6.95192],
			"rotation": {"angle": 22.5, "axis": "x", "origin": [7.9989, 4.23136, 7.46145]},
			"faces": {
				"north": {"uv": [15, 7, 16, 12], "texture": "#2"},
				"east": {"uv": [14, 12, 15, 13], "texture": "#2"},
				"south": {"uv": [14, 8, 15, 15], "texture": "#2"},
				"west": {"uv": [14, 12, 15, 13], "texture": "#2"},
				"down": {"uv": [14, 12, 15, 13], "texture": "#2"}
			}
		},
		{
			"from": [8.2088, 6.59716, 7.69485],
			"to": [7.7888, 4.17716, 6.27485],
			"rotation": {"angle": -22.5, "axis": "x", "origin": [7.9989, 4.23136, 7.46145]},
			"faces": {
				"east": {"uv": [14, 12, 15, 13], "texture": "#2"},
				"south": {"uv": [14, 12, 15, 13], "texture": "#2"},
				"west": {"uv": [14, 12, 15, 13], "texture": "#2"},
				"up": {"uv": [14, 12, 15, 13], "texture": "#2"},
				"down": {"uv": [14, 12, 15, 16], "texture": "#2"}
			}
		},
		{
			"from": [8.1988, 7.58716, 8.68485],
			"to": [7.7988, 4.18716, 7.28485],
			"rotation": {"angle": -22.5, "axis": "x", "origin": [7.9989, 4.23136, 7.46145]},
			"faces": {
				"north": {"uv": [14, 12, 15, 13], "texture": "#2"},
				"east": {"uv": [14, 12, 15, 13], "texture": "#2"},
				"south": {"uv": [15, 12, 16, 15], "texture": "#2"},
				"west": {"uv": [14, 12, 15, 13], "texture": "#2"},
				"up": {"uv": [14, 12, 15, 13], "texture": "#2"},
				"down": {"uv": [14, 12, 15, 13], "texture": "#2"}
			}
		}
	],
	"display": {
		"thirdperson_righthand": {
			"rotation": [0, 90, 0],
			"translation": [0, 5.39, 1.5],
			"scale": [0.65, 0.65, 0.65]
		},
		"thirdperson_lefthand": {
			"rotation": [0, -90, 0],
			"translation": [0, 5.39, 1.5],
			"scale": [0.65, 0.65, 0.65]
		},
		"firstperson_righthand": {
			"rotation": [-17, -12, -35],
			"translation": [-0.5, 5.75, 1],
			"scale": [0.75, 0.75, 0.75]
		},
		"firstperson_lefthand": {
			"rotation": [-1, -160, 36],
			"translation": [-0.5, 5.75, 1],
			"scale": [0.75, 0.75, 0.75]
		},
		"ground": {
			"translation": [0, 4.5, 0],
			"scale": [0.75, 0.75, 0.75]
		},
		"gui": {
			"rotation": [30, 45, 0],
			"translation": [-1, 6.5, 0],
			"scale": [1.5, 1.5, 1.5]
		},
		"head": {
			"rotation": [0, 90, 0],
			"translation": [-0.75, 14.75, 0.5]
		},
		"fixed": {
			"rotation": [0, 90, 0],
			"translation": [-1, 7.75, 1.5],
			"scale": [1.5, 1.5, 1.5]
		}
	},
	"groups": [
		{
			"name": "apple",
			"origin": [8, 4, 7],
			"color": 0,
			"children": [0, 1, 2]
		},
		{
			"name": "outline",
			"origin": [8, 4, 7],
			"color": 0,
			"children": [
				{
					"name": "fruit",
					"origin": [13, 0, 13],
					"color": 0,
					"children": [3]
				},
				{
					"name": "stem",
					"origin": [8, 5, 8],
					"color": 0,
					"children": [4]
				},
				{
					"name": "leaf",
					"origin": [8, 4, 7],
					"color": 0,
					"children": [5, 6]
				}
			]
		}
	]
}