{
	"format_version": "1.9.0",
	"credit": "Made with Blockbench",
	"texture_size": [32, 32],
	"textures": {
		"2": "frostiful:item/frosty_armor_trim_smithing_template3d",
		"particle": "frostiful:item/frosty_armor_trim_smithing_template3d"
	},
	"elements": [
		{
			"from": [4, 0, 6],
			"to": [12, 11, 10],
			"rotation": {"angle": 0, "axis": "y", "origin": [6, 0, 7]},
			"faces": {
				"north": {"uv": [0, 0, 4, 5.5], "texture": "#2"},
				"east": {"uv": [0, 5.5, 2, 11], "texture": "#2"},
				"south": {"uv": [4, 0, 8, 5.5], "texture": "#2"},
				"west": {"uv": [2, 5.5, 4, 11], "texture": "#2"},
				"up": {"uv": [8, 7.5, 4, 5.5], "texture": "#2"},
				"down": {"uv": [8, 7.5, 4, 9.5], "texture": "#2"}
			}
		},
		{
			"from": [12.15, 11.15, 10.15],
			"to": [3.85, -0.15, 5.85],
			"rotation": {"angle": 0, "axis": "y", "origin": [16.25, 16.75, 12.25]},
			"faces": {
				"north": {"uv": [8, 0, 8.5, 0.5], "texture": "#2"},
				"east": {"uv": [8, 0, 8.5, 0.5], "texture": "#2"},
				"south": {"uv": [8, 0, 8.5, 0.5], "texture": "#2"},
				"west": {"uv": [8, 0, 8.5, 0.5], "texture": "#2"},
				"up": {"uv": [8.5, 0.5, 8, 0], "texture": "#2"},
				"down": {"uv": [8.5, 0, 8, 0.5], "texture": "#2"}
			}
		},
		{
			"from": [11, 5, 6.05],
			"to": [10, 4, 5.75],
			"rotation": {"angle": 0, "axis": "y", "origin": [11, 5, 6.05]},
			"faces": {
				"north": {"uv": [8, 0, 8.5, 0.5], "texture": "#2"},
				"east": {"uv": [8, 0, 8.5, 0.5], "texture": "#2"},
				"south": {"uv": [8, 0, 8.5, 0.5], "texture": "#2"},
				"west": {"uv": [8, 0, 8.5, 0.5], "texture": "#2"},
				"up": {"uv": [8, 0, 8.5, 0.5], "texture": "#2"},
				"down": {"uv": [8, 0, 8.5, 0.5], "texture": "#2"}
			}
		},
		{
			"from": [10, 9, 6.05],
			"to": [9, 8, 5.75],
			"rotation": {"angle": 0, "axis": "y", "origin": [10, 9, 6.05]},
			"faces": {
				"north": {"uv": [8, 0, 8.5, 0.5], "texture": "#2"},
				"east": {"uv": [8, 0, 8.5, 0.5], "texture": "#2"},
				"south": {"uv": [8, 0, 8.5, 0.5], "texture": "#2"},
				"west": {"uv": [8, 0, 8.5, 0.5], "texture": "#2"},
				"up": {"uv": [8, 0, 8.5, 0.5], "texture": "#2"},
				"down": {"uv": [8, 0, 8.5, 0.5], "texture": "#2"}
			}
		},
		{
			"from": [6, 8, 6.05],
			"to": [5, 7, 5.75],
			"rotation": {"angle": 0, "axis": "y", "origin": [6, 8, 6.05]},
			"faces": {
				"north": {"uv": [8, 0, 8.5, 0.5], "texture": "#2"},
				"east": {"uv": [8, 0, 8.5, 0.5], "texture": "#2"},
				"south": {"uv": [8, 0, 8.5, 0.5], "texture": "#2"},
				"west": {"uv": [8, 0, 8.5, 0.5], "texture": "#2"},
				"up": {"uv": [8, 0, 8.5, 0.5], "texture": "#2"},
				"down": {"uv": [8, 0, 8.5, 0.5], "texture": "#2"}
			}
		},
		{
			"from": [7, 4, 6.05],
			"to": [6, 3, 5.75],
			"rotation": {"angle": 0, "axis": "y", "origin": [7, 4, 6.05]},
			"faces": {
				"north": {"uv": [8, 0, 8.5, 0.5], "texture": "#2"},
				"east": {"uv": [8, 0, 8.5, 0.5], "texture": "#2"},
				"south": {"uv": [8, 0, 8.5, 0.5], "texture": "#2"},
				"west": {"uv": [8, 0, 8.5, 0.5], "texture": "#2"},
				"up": {"uv": [8, 0, 8.5, 0.5], "texture": "#2"},
				"down": {"uv": [8, 0, 8.5, 0.5], "texture": "#2"}
			}
		},
		{
			"from": [10, 6, 6.05],
			"to": [9, 5, 5.75],
			"rotation": {"angle": 0, "axis": "y", "origin": [10, 6, 6.05]},
			"faces": {
				"north": {"uv": [8, 0, 8.5, 0.5], "texture": "#2"},
				"east": {"uv": [8, 0, 8.5, 0.5], "texture": "#2"},
				"south": {"uv": [8, 0, 8.5, 0.5], "texture": "#2"},
				"west": {"uv": [8, 0, 8.5, 0.5], "texture": "#2"},
				"up": {"uv": [8, 0, 8.5, 0.5], "texture": "#2"},
				"down": {"uv": [8, 0, 8.5, 0.5], "texture": "#2"}
			}
		},
		{
			"from": [12, 7, 6.05],
			"to": [10, 6, 5.75],
			"rotation": {"angle": 0, "axis": "y", "origin": [12, 7, 6.05]},
			"faces": {
				"north": {"uv": [8, 0, 8.5, 0.5], "texture": "#2"},
				"east": {"uv": [8, 0, 8.5, 0.5], "texture": "#2"},
				"south": {"uv": [8, 0, 8.5, 0.5], "texture": "#2"},
				"west": {"uv": [8, 0, 8.5, 0.5], "texture": "#2"},
				"up": {"uv": [8, 0, 8.5, 0.5], "texture": "#2"},
				"down": {"uv": [8, 0, 8.5, 0.5], "texture": "#2"}
			}
		},
		{
			"from": [9, 8, 6.05],
			"to": [9, 6, 5.75],
			"rotation": {"angle": 0, "axis": "y", "origin": [9, 8, 6.05]},
			"faces": {
				"north": {"uv": [8, 0, 8.5, 0.5], "texture": "#2"},
				"south": {"uv": [8, 0, 8.5, 0.5], "texture": "#2"},
				"west": {"uv": [8, 0, 8.5, 0.5], "texture": "#2"},
				"up": {"uv": [8, 0, 8.5, 0.5], "texture": "#2"},
				"down": {"uv": [8, 0, 8.5, 0.5], "texture": "#2"}
			}
		},
		{
			"from": [9, 8, 6.05],
			"to": [8, 8, 5.75],
			"rotation": {"angle": 0, "axis": "y", "origin": [9, 8, 6.05]},
			"faces": {
				"north": {"uv": [8, 0, 8.5, 0.5], "texture": "#2"},
				"east": {"uv": [8, 0, 8.5, 0.5], "texture": "#2"},
				"south": {"uv": [8, 0, 8.5, 0.5], "texture": "#2"},
				"west": {"uv": [8, 0, 8.5, 0.5], "texture": "#2"},
				"down": {"uv": [8, 0, 8.5, 0.5], "texture": "#2"}
			}
		},
		{
			"from": [8, 9, 6.05],
			"to": [7, 9, 5.75],
			"rotation": {"angle": 0, "axis": "y", "origin": [8, 9, 6.05]},
			"faces": {
				"north": {"uv": [8, 0, 8.5, 0.5], "texture": "#2"},
				"east": {"uv": [8, 0, 8.5, 0.5], "texture": "#2"},
				"south": {"uv": [8, 0, 8.5, 0.5], "texture": "#2"},
				"west": {"uv": [8, 0, 8.5, 0.5], "texture": "#2"},
				"down": {"uv": [8, 0, 8.5, 0.5], "texture": "#2"}
			}
		},
		{
			"from": [8, 7, 6.05],
			"to": [7, 7, 5.75],
			"rotation": {"angle": 0, "axis": "y", "origin": [8, 7, 6.05]},
			"faces": {
				"north": {"uv": [8, 0, 8.5, 0.5], "texture": "#2"},
				"east": {"uv": [8, 0, 8.5, 0.5], "texture": "#2"},
				"south": {"uv": [8, 0, 8.5, 0.5], "texture": "#2"},
				"west": {"uv": [8, 0, 8.5, 0.5], "texture": "#2"},
				"up": {"uv": [8, 0, 8.5, 0.5], "texture": "#2"}
			}
		},
		{
			"from": [9, 6, 6.05],
			"to": [8, 6, 5.75],
			"rotation": {"angle": 0, "axis": "y", "origin": [9, 6, 6.05]},
			"faces": {
				"north": {"uv": [8, 0, 8.5, 0.5], "texture": "#2"},
				"east": {"uv": [8, 0, 8.5, 0.5], "texture": "#2"},
				"south": {"uv": [8, 0, 8.5, 0.5], "texture": "#2"},
				"west": {"uv": [8, 0, 8.5, 0.5], "texture": "#2"},
				"up": {"uv": [8, 0, 8.5, 0.5], "texture": "#2"}
			}
		},
		{
			"from": [9, 3, 6.05],
			"to": [8, 3, 5.75],
			"rotation": {"angle": 0, "axis": "y", "origin": [9, 3, 6.05]},
			"faces": {
				"north": {"uv": [8, 0, 8.5, 0.5], "texture": "#2"},
				"east": {"uv": [8, 0, 8.5, 0.5], "texture": "#2"},
				"south": {"uv": [8, 0, 8.5, 0.5], "texture": "#2"},
				"west": {"uv": [8, 0, 8.5, 0.5], "texture": "#2"},
				"up": {"uv": [8, 0, 8.5, 0.5], "texture": "#2"}
			}
		},
		{
			"from": [8, 4, 6.05],
			"to": [7, 4, 5.75],
			"rotation": {"angle": 0, "axis": "y", "origin": [8, 4, 6.05]},
			"faces": {
				"north": {"uv": [8, 0, 8.5, 0.5], "texture": "#2"},
				"east": {"uv": [8, 0, 8.5, 0.5], "texture": "#2"},
				"south": {"uv": [8, 0, 8.5, 0.5], "texture": "#2"},
				"west": {"uv": [8, 0, 8.5, 0.5], "texture": "#2"},
				"up": {"uv": [8, 0, 8.5, 0.5], "texture": "#2"}
			}
		},
		{
			"from": [7, 5, 6.05],
			"to": [5, 5, 5.75],
			"rotation": {"angle": 0, "axis": "y", "origin": [7, 5, 6.05]},
			"faces": {
				"north": {"uv": [8, 0, 8.5, 0.5], "texture": "#2"},
				"east": {"uv": [8, 0, 8.5, 0.5], "texture": "#2"},
				"south": {"uv": [8, 0, 8.5, 0.5], "texture": "#2"},
				"west": {"uv": [8, 0, 8.5, 0.5], "texture": "#2"},
				"up": {"uv": [8, 0, 8.5, 0.5], "texture": "#2"}
			}
		},
		{
			"from": [6, 6, 6.05],
			"to": [5, 6, 5.75],
			"rotation": {"angle": 0, "axis": "y", "origin": [6, 6, 6.05]},
			"faces": {
				"north": {"uv": [8, 0, 8.5, 0.5], "texture": "#2"},
				"east": {"uv": [8, 0, 8.5, 0.5], "texture": "#2"},
				"south": {"uv": [8, 0, 8.5, 0.5], "texture": "#2"},
				"west": {"uv": [8, 0, 8.5, 0.5], "texture": "#2"},
				"down": {"uv": [8, 0, 8.5, 0.5], "texture": "#2"}
			}
		},
		{
			"from": [7, 7, 6.05],
			"to": [6, 7, 5.75],
			"rotation": {"angle": 0, "axis": "y", "origin": [7, 7, 6.05]},
			"faces": {
				"north": {"uv": [8, 0, 8.5, 0.5], "texture": "#2"},
				"east": {"uv": [8, 0, 8.5, 0.5], "texture": "#2"},
				"south": {"uv": [8, 0, 8.5, 0.5], "texture": "#2"},
				"west": {"uv": [8, 0, 8.5, 0.5], "texture": "#2"},
				"down": {"uv": [8, 0, 8.5, 0.5], "texture": "#2"}
			}
		},
		{
			"from": [8, 6, 6.05],
			"to": [7, 6, 5.75],
			"rotation": {"angle": 0, "axis": "y", "origin": [8, 6, 6.05]},
			"faces": {
				"north": {"uv": [8, 0, 8.5, 0.5], "texture": "#2"},
				"east": {"uv": [8, 0, 8.5, 0.5], "texture": "#2"},
				"south": {"uv": [8, 0, 8.5, 0.5], "texture": "#2"},
				"west": {"uv": [8, 0, 8.5, 0.5], "texture": "#2"},
				"down": {"uv": [8, 0, 8.5, 0.5], "texture": "#2"}
			}
		},
		{
			"from": [9, 5, 6.05],
			"to": [8, 5, 5.75],
			"rotation": {"angle": 0, "axis": "y", "origin": [9, 5, 6.05]},
			"faces": {
				"north": {"uv": [8, 0, 8.5, 0.5], "texture": "#2"},
				"east": {"uv": [8, 0, 8.5, 0.5], "texture": "#2"},
				"south": {"uv": [8, 0, 8.5, 0.5], "texture": "#2"},
				"west": {"uv": [8, 0, 8.5, 0.5], "texture": "#2"},
				"down": {"uv": [8, 0, 8.5, 0.5], "texture": "#2"}
			}
		},
		{
			"from": [7, 9, 6.05],
			"to": [7, 7, 5.75],
			"rotation": {"angle": 0, "axis": "y", "origin": [7, 9, 6.05]},
			"faces": {
				"north": {"uv": [8, 0, 8.5, 0.5], "texture": "#2"},
				"east": {"uv": [8, 0, 8.5, 0.5], "texture": "#2"},
				"south": {"uv": [8, 0, 8.5, 0.5], "texture": "#2"},
				"up": {"uv": [8, 0, 8.5, 0.5], "texture": "#2"},
				"down": {"uv": [8, 0, 8.5, 0.5], "texture": "#2"}
			}
		},
		{
			"from": [8, 9, 6.05],
			"to": [8, 8, 5.75],
			"rotation": {"angle": 0, "axis": "y", "origin": [8, 9, 6.05]},
			"faces": {
				"north": {"uv": [8, 0, 8.5, 0.5], "texture": "#2"},
				"south": {"uv": [8, 0, 8.5, 0.5], "texture": "#2"},
				"west": {"uv": [8, 0, 8.5, 0.5], "texture": "#2"},
				"up": {"uv": [8, 0, 8.5, 0.5], "texture": "#2"},
				"down": {"uv": [8, 0, 8.5, 0.5], "texture": "#2"}
			}
		},
		{
			"from": [8, 7, 6.05],
			"to": [8, 6, 5.75],
			"rotation": {"angle": 0, "axis": "y", "origin": [8, 7, 6.05]},
			"faces": {
				"north": {"uv": [8, 0, 8.5, 0.5], "texture": "#2"},
				"east": {"uv": [8, 0, 8.5, 0.5], "texture": "#2"},
				"south": {"uv": [8, 0, 8.5, 0.5], "texture": "#2"},
				"up": {"uv": [8, 0, 8.5, 0.5], "texture": "#2"},
				"down": {"uv": [8, 0, 8.5, 0.5], "texture": "#2"}
			}
		},
		{
			"from": [8, 4, 6.05],
			"to": [8, 3, 5.75],
			"rotation": {"angle": 0, "axis": "y", "origin": [8, 4, 6.05]},
			"faces": {
				"north": {"uv": [8, 0, 8.5, 0.5], "texture": "#2"},
				"east": {"uv": [8, 0, 8.5, 0.5], "texture": "#2"},
				"south": {"uv": [8, 0, 8.5, 0.5], "texture": "#2"},
				"up": {"uv": [8, 0, 8.5, 0.5], "texture": "#2"},
				"down": {"uv": [8, 0, 8.5, 0.5], "texture": "#2"}
			}
		},
		{
			"from": [7, 5, 6.05],
			"to": [7, 4, 5.75],
			"rotation": {"angle": 0, "axis": "y", "origin": [7, 5, 6.05]},
			"faces": {
				"north": {"uv": [8, 0, 8.5, 0.5], "texture": "#2"},
				"east": {"uv": [8, 0, 8.5, 0.5], "texture": "#2"},
				"south": {"uv": [8, 0, 8.5, 0.5], "texture": "#2"},
				"up": {"uv": [8, 0, 8.5, 0.5], "texture": "#2"},
				"down": {"uv": [8, 0, 8.5, 0.5], "texture": "#2"}
			}
		},
		{
			"from": [9, 5, 6.05],
			"to": [9, 3, 5.75],
			"rotation": {"angle": 0, "axis": "y", "origin": [9, 5, 6.05]},
			"faces": {
				"north": {"uv": [8, 0, 8.5, 0.5], "texture": "#2"},
				"south": {"uv": [8, 0, 8.5, 0.5], "texture": "#2"},
				"west": {"uv": [8, 0, 8.5, 0.5], "texture": "#2"},
				"up": {"uv": [8, 0, 8.5, 0.5], "texture": "#2"},
				"down": {"uv": [8, 0, 8.5, 0.5], "texture": "#2"}
			}
		},
		{
			"from": [8, 6, 6.05],
			"to": [8, 5, 5.75],
			"rotation": {"angle": 0, "axis": "y", "origin": [8, 6, 6.05]},
			"faces": {
				"north": {"uv": [8, 0, 8.5, 0.5], "texture": "#2"},
				"south": {"uv": [8, 0, 8.5, 0.5], "texture": "#2"},
				"west": {"uv": [8, 0, 8.5, 0.5], "texture": "#2"},
				"up": {"uv": [8, 0, 8.5, 0.5], "texture": "#2"},
				"down": {"uv": [8, 0, 8.5, 0.5], "texture": "#2"}
			}
		},
		{
			"from": [7, 7, 6.05],
			"to": [7, 6, 5.75],
			"rotation": {"angle": 0, "axis": "y", "origin": [7, 7, 6.05]},
			"faces": {
				"north": {"uv": [8, 0, 8.5, 0.5], "texture": "#2"},
				"south": {"uv": [8, 0, 8.5, 0.5], "texture": "#2"},
				"west": {"uv": [8, 0, 8.5, 0.5], "texture": "#2"},
				"up": {"uv": [8, 0, 8.5, 0.5], "texture": "#2"},
				"down": {"uv": [8, 0, 8.5, 0.5], "texture": "#2"}
			}
		},
		{
			"from": [6, 7, 6.05],
			"to": [6, 6, 5.75],
			"rotation": {"angle": 0, "axis": "y", "origin": [6, 7, 6.05]},
			"faces": {
				"north": {"uv": [8, 0, 8.5, 0.5], "texture": "#2"},
				"east": {"uv": [8, 0, 8.5, 0.5], "texture": "#2"},
				"south": {"uv": [8, 0, 8.5, 0.5], "texture": "#2"},
				"up": {"uv": [8, 0, 8.5, 0.5], "texture": "#2"},
				"down": {"uv": [8, 0, 8.5, 0.5], "texture": "#2"}
			}
		},
		{
			"from": [5, 6, 6.05],
			"to": [5, 5, 5.75],
			"rotation": {"angle": 0, "axis": "y", "origin": [5, 6, 6.05]},
			"faces": {
				"north": {"uv": [8, 0, 8.5, 0.5], "texture": "#2"},
				"east": {"uv": [8, 0, 8.5, 0.5], "texture": "#2"},
				"south": {"uv": [8, 0, 8.5, 0.5], "texture": "#2"},
				"up": {"uv": [8, 0, 8.5, 0.5], "texture": "#2"},
				"down": {"uv": [8, 0, 8.5, 0.5], "texture": "#2"}
			}
		}
	],
	"display": {
		"thirdperson_righthand": {
			"rotation": [156, 85, -162.5],
			"translation": [0, -0.25, -2.5],
			"scale": [0.64102, 0.64102, 0.64102]
		},
		"thirdperson_lefthand": {
			"rotation": [156, 85, -162.5],
			"translation": [0, -0.25, -2.5],
			"scale": [0.64102, 0.64102, 0.64102]
		},
		"firstperson_righthand": {
			"rotation": [137.89, 66.36, -141.16],
			"translation": [-0.25, 5.5, 1.5],
			"scale": [0.51953, 0.51953, 0.51953]
		},
		"firstperson_lefthand": {
			"rotation": [137.89, 66.36, -141.16],
			"translation": [-0.25, 5.5, 1.5],
			"scale": [0.51953, 0.51953, 0.51953]
		},
		"head": {
			"translation": [0, 2.75, -8.5]
		},
		"fixed": {
			"translation": [0, 2.5, -1]
		}
	},
	"groups": [
		0,
		1,
		{
			"name": "group",
			"origin": [11, 5, 6.05],
			"color": 0,
			"children": [2, 3, 4, 5, 6, 7]
		},
		8,
		9,
		10,
		11,
		12,
		13,
		14,
		15,
		16,
		17,
		18,
		19,
		20,
		21,
		22,
		23,
		24,
		25,
		26,
		27,
		28,
		29
	]
}