{
	"texture_size": [128, 128],
	"textures": {
		"1": "waystones_rp:item/waystone_mossy"
	},
	"elements": [
		{
			"from": [0, -16, 0],
			"to": [16, -8, 16],
			"faces": {
				"north": {"uv": [6, 4, 8, 5], "texture": "#1"},
				"east": {"uv": [6, 5, 8, 6], "texture": "#1"},
				"south": {"uv": [6, 6, 8, 7], "texture": "#1"},
				"west": {"uv": [6, 7, 8, 8], "texture": "#1"},
				"up": {"uv": [2, 2, 0, 0], "texture": "#1"},
				"down": {"uv": [2, 2, 0, 4], "texture": "#1"}
			}
		},
		{
			"from": [2.5, -8, 2.5],
			"to": [13.5, -3, 13.5],
			"faces": {
				"north": {"uv": [0, 8, 2, 8.875], "texture": "#1"},
				"east": {"uv": [8, 0, 10, 0.875], "texture": "#1"},
				"south": {"uv": [8, 0.875, 10, 1.75], "texture": "#1"},
				"west": {"uv": [8, 1.75, 10, 2.625], "texture": "#1"},
				"up": {"uv": [6, 6, 4, 4], "texture": "#1"},
				"down": {"uv": [2, 6, 0, 8], "texture": "#1"}
			}
		},
		{
			"from": [0.5, -3.5, 0.5],
			"to": [15.5, 0, 15.5],
			"faces": {
				"north": {"uv": [2, 8, 4, 8.5], "texture": "#1"},
				"east": {"uv": [8, 2.625, 10, 3.125], "texture": "#1"},
				"south": {"uv": [8, 3.125, 10, 3.625], "texture": "#1"},
				"west": {"uv": [8, 3.625, 10, 4.125], "texture": "#1"},
				"up": {"uv": [8, 2, 6, 0], "texture": "#1"},
				"down": {"uv": [4, 6, 2, 8], "texture": "#1"}
			}
		},
		{
			"from": [0.5, 16, 0.5],
			"to": [15.5, 18.9, 15.5],
			"faces": {
				"north": {"uv": [4, 8, 6, 8.375], "texture": "#1"},
				"east": {"uv": [8, 4.125, 10, 4.5], "texture": "#1"},
				"south": {"uv": [8, 4.5, 10, 4.875], "texture": "#1"},
				"west": {"uv": [8, 4.875, 10, 5.25], "texture": "#1"},
				"up": {"uv": [8, 4, 6, 2], "texture": "#1"},
				"down": {"uv": [6, 6, 4, 8], "texture": "#1"}
			}
		},
		{
			"from": [0, 0, 0],
			"to": [16, 16, 16],
			"faces": {
				"north": {"uv": [2, 0, 4, 2], "texture": "#1"},
				"east": {"uv": [2, 2, 4, 4], "texture": "#1"},
				"south": {"uv": [0, 4, 2, 6], "texture": "#1"},
				"west": {"uv": [4, 0, 6, 2], "texture": "#1"},
				"up": {"uv": [4, 6, 2, 4], "texture": "#1"},
				"down": {"uv": [6, 2, 4, 4], "texture": "#1"}
			}
		}
	],
	"display": {
		"thirdperson_righthand": {
			"rotation": [50, 45, 0],
			"translation": [-0.05, 2.25, 2.75],
			"scale": [0.2, 0.2, 0.2]
		},
		"thirdperson_lefthand": {
			"rotation": [50, 45, 0],
			"translation": [-0.05, 2.25, 2.75],
			"scale": [0.2, 0.2, 0.2]
		},
		"firstperson_righthand": {
			"rotation": [0, 45, 0],
			"translation": [-1, 5, 2],
			"scale": [0.25, 0.25, 0.25]
		},
		"firstperson_lefthand": {
			"rotation": [0, 45, 0],
			"translation": [-1, 5, 2],
			"scale": [0.25, 0.25, 0.25]
		},
		"ground": {
			"translation": [0, 4, 0],
			"scale": [0.21, 0.21, 0.21]
		},
		"gui": {
			"rotation": [22, 45, 0],
			"translation": [0, 2.25, 0],
			"scale": [0.38, 0.38, 0.38]
		},
		"head": {
			"translation": [0, 16, 0],
			"scale": [0.4, 0.4, 0.4]
		},
		"fixed": {
			"translation": [0, 3, 0],
			"scale": [0.46, 0.46, 0.46]
		}
	}
}