{
	"format_version": "1.9.0",
	"credit": "Made with Blockbench",
	"texture_size": [32, 32],
	"textures": {
		"0": "item/coast_armor_trim_smithing_template3d",
		"particle": "item/coast_armor_trim_smithing_template3d"
	},
	"elements": [
		{
			"from": [4, 0, 6],
			"to": [12, 11, 10],
			"rotation": {"angle": 0, "axis": "y", "origin": [6, 0, 7]},
			"faces": {
				"north": {"uv": [0, 0, 4, 5.5], "texture": "#0"},
				"east": {"uv": [0, 5.5, 2, 11], "texture": "#0"},
				"south": {"uv": [4, 0, 8, 5.5], "texture": "#0"},
				"west": {"uv": [2, 5.5, 4, 11], "texture": "#0"},
				"up": {"uv": [8, 7.5, 4, 5.5], "texture": "#0"},
				"down": {"uv": [8, 7.5, 4, 9.5], "texture": "#0"}
			}
		},
		{
			"from": [12.15, 11.15, 10.15],
			"to": [3.85, -0.15, 5.85],
			"rotation": {"angle": 0, "axis": "y", "origin": [16.25, 16.75, 12.25]},
			"faces": {
				"north": {"uv": [0.5, 1, 1, 1.5], "texture": "#0"},
				"east": {"uv": [0.5, 1, 1, 1.5], "texture": "#0"},
				"south": {"uv": [0.5, 1, 1, 1.5], "texture": "#0"},
				"west": {"uv": [0.5, 1, 1, 1.5], "texture": "#0"},
				"up": {"uv": [1, 1.5, 0.5, 1], "texture": "#0"},
				"down": {"uv": [1, 1, 0.5, 1.5], "texture": "#0"}
			}
		},
		{
			"from": [12, 9, 6.05],
			"to": [10, 8, 5.75],
			"rotation": {"angle": 0, "axis": "y", "origin": [12, 9, 6.05]},
			"faces": {
				"north": {"uv": [0.5, 1, 1, 1.5], "texture": "#0"},
				"east": {"uv": [0.5, 1, 1, 1.5], "texture": "#0"},
				"south": {"uv": [0.5, 1, 1, 1.5], "texture": "#0"},
				"west": {"uv": [0.5, 1, 1, 1.5], "texture": "#0"},
				"up": {"uv": [0.5, 1, 1, 1.5], "texture": "#0"},
				"down": {"uv": [0.5, 1, 1, 1.5], "texture": "#0"}
			}
		},
		{
			"from": [10, 3, 6.05],
			"to": [8, 3, 5.75],
			"rotation": {"angle": 0, "axis": "y", "origin": [10, 3, 6.05]},
			"faces": {
				"north": {"uv": [0.5, 1, 1, 1.5], "texture": "#0"},
				"east": {"uv": [0.5, 1, 1, 1.5], "texture": "#0"},
				"south": {"uv": [0.5, 1, 1, 1.5], "texture": "#0"},
				"west": {"uv": [0.5, 1, 1, 1.5], "texture": "#0"},
				"up": {"uv": [0.5, 1, 1, 1.5], "texture": "#0"},
				"down": {"uv": [0.5, 1, 1, 1.5], "texture": "#0"}
			}
		},
		{
			"from": [9, 2, 6.05],
			"to": [8, 2, 5.75],
			"rotation": {"angle": 0, "axis": "y", "origin": [9, 2, 6.05]},
			"faces": {
				"north": {"uv": [0.5, 1, 1, 1.5], "texture": "#0"},
				"east": {"uv": [0.5, 1, 1, 1.5], "texture": "#0"},
				"south": {"uv": [0.5, 1, 1, 1.5], "texture": "#0"},
				"west": {"uv": [0.5, 1, 1, 1.5], "texture": "#0"},
				"up": {"uv": [0.5, 1, 1, 1.5], "texture": "#0"},
				"down": {"uv": [0.5, 1, 1, 1.5], "texture": "#0"}
			}
		},
		{
			"from": [8, 4, 6.05],
			"to": [7, 3, 5.75],
			"rotation": {"angle": 0, "axis": "y", "origin": [8, 4, 6.05]},
			"faces": {
				"north": {"uv": [0.5, 1, 1, 1.5], "texture": "#0"},
				"east": {"uv": [0.5, 1, 1, 1.5], "texture": "#0"},
				"south": {"uv": [0.5, 1, 1, 1.5], "texture": "#0"},
				"west": {"uv": [0.5, 1, 1, 1.5], "texture": "#0"},
				"up": {"uv": [0.5, 1, 1, 1.5], "texture": "#0"},
				"down": {"uv": [0.5, 1, 1, 1.5], "texture": "#0"}
			}
		},
		{
			"from": [8, 3, 6.05],
			"to": [8, 2, 5.75],
			"rotation": {"angle": 0, "axis": "y", "origin": [8, 3, 6.05]},
			"faces": {
				"north": {"uv": [0.5, 1, 1, 1.5], "texture": "#0"},
				"east": {"uv": [0.5, 1, 1, 1.5], "texture": "#0"},
				"south": {"uv": [0.5, 1, 1, 1.5], "texture": "#0"},
				"west": {"uv": [0.5, 1, 1, 1.5], "texture": "#0"},
				"up": {"uv": [0.5, 1, 1, 1.5], "texture": "#0"},
				"down": {"uv": [0.5, 1, 1, 1.5], "texture": "#0"}
			}
		},
		{
			"from": [6, 7, 6.05],
			"to": [6, 6, 5.75],
			"rotation": {"angle": 0, "axis": "y", "origin": [6, 7, 6.05]},
			"faces": {
				"north": {"uv": [0.5, 1, 1, 1.5], "texture": "#0"},
				"east": {"uv": [0.5, 1, 1, 1.5], "texture": "#0"},
				"south": {"uv": [0.5, 1, 1, 1.5], "texture": "#0"},
				"west": {"uv": [0.5, 1, 1, 1.5], "texture": "#0"},
				"up": {"uv": [0.5, 1, 1, 1.5], "texture": "#0"},
				"down": {"uv": [0.5, 1, 1, 1.5], "texture": "#0"}
			}
		},
		{
			"from": [10, 8, 6.05],
			"to": [9, 5, 5.75],
			"rotation": {"angle": 0, "axis": "y", "origin": [10, 8, 6.05]},
			"faces": {
				"north": {"uv": [0.5, 1, 1, 1.5], "texture": "#0"},
				"east": {"uv": [0.5, 1, 1, 1.5], "texture": "#0"},
				"south": {"uv": [0.5, 1, 1, 1.5], "texture": "#0"},
				"west": {"uv": [0.5, 1, 1, 1.5], "texture": "#0"},
				"up": {"uv": [0.5, 1, 1, 1.5], "texture": "#0"},
				"down": {"uv": [0.5, 1, 1, 1.5], "texture": "#0"}
			}
		},
		{
			"from": [11, 5, 6.05],
			"to": [11, 4, 5.75],
			"rotation": {"angle": 0, "axis": "y", "origin": [11, 5, 6.05]},
			"faces": {
				"north": {"uv": [0.5, 1, 1, 1.5], "texture": "#0"},
				"east": {"uv": [0.5, 1, 1, 1.5], "texture": "#0"},
				"south": {"uv": [0.5, 1, 1, 1.5], "texture": "#0"},
				"west": {"uv": [0.5, 1, 1, 1.5], "texture": "#0"},
				"up": {"uv": [0.5, 1, 1, 1.5], "texture": "#0"},
				"down": {"uv": [0.5, 1, 1, 1.5], "texture": "#0"}
			}
		},
		{
			"from": [11, 5, 6.05],
			"to": [10, 5, 5.75],
			"rotation": {"angle": 0, "axis": "y", "origin": [11, 5, 6.05]},
			"faces": {
				"north": {"uv": [0.5, 1, 1, 1.5], "texture": "#0"},
				"east": {"uv": [0.5, 1, 1, 1.5], "texture": "#0"},
				"south": {"uv": [0.5, 1, 1, 1.5], "texture": "#0"},
				"west": {"uv": [0.5, 1, 1, 1.5], "texture": "#0"},
				"up": {"uv": [0.5, 1, 1, 1.5], "texture": "#0"},
				"down": {"uv": [0.5, 1, 1, 1.5], "texture": "#0"}
			}
		},
		{
			"from": [10, 5, 6.05],
			"to": [10, 3, 5.75],
			"rotation": {"angle": 0, "axis": "y", "origin": [10, 5, 6.05]},
			"faces": {
				"north": {"uv": [0.5, 1, 1, 1.5], "texture": "#0"},
				"east": {"uv": [0.5, 1, 1, 1.5], "texture": "#0"},
				"south": {"uv": [0.5, 1, 1, 1.5], "texture": "#0"},
				"west": {"uv": [0.5, 1, 1, 1.5], "texture": "#0"},
				"up": {"uv": [0.5, 1, 1, 1.5], "texture": "#0"},
				"down": {"uv": [0.5, 1, 1, 1.5], "texture": "#0"}
			}
		},
		{
			"from": [7, 6, 6.05],
			"to": [7, 4, 5.75],
			"rotation": {"angle": 0, "axis": "y", "origin": [7, 6, 6.05]},
			"faces": {
				"north": {"uv": [0.5, 1, 1, 1.5], "texture": "#0"},
				"east": {"uv": [0.5, 1, 1, 1.5], "texture": "#0"},
				"south": {"uv": [0.5, 1, 1, 1.5], "texture": "#0"},
				"west": {"uv": [0.5, 1, 1, 1.5], "texture": "#0"},
				"up": {"uv": [0.5, 1, 1, 1.5], "texture": "#0"},
				"down": {"uv": [0.5, 1, 1, 1.5], "texture": "#0"}
			}
		},
		{
			"from": [7, 6, 6.05],
			"to": [6, 6, 5.75],
			"rotation": {"angle": 0, "axis": "y", "origin": [7, 6, 6.05]},
			"faces": {
				"north": {"uv": [0.5, 1, 1, 1.5], "texture": "#0"},
				"east": {"uv": [0.5, 1, 1, 1.5], "texture": "#0"},
				"south": {"uv": [0.5, 1, 1, 1.5], "texture": "#0"},
				"west": {"uv": [0.5, 1, 1, 1.5], "texture": "#0"},
				"up": {"uv": [0.5, 1, 1, 1.5], "texture": "#0"},
				"down": {"uv": [0.5, 1, 1, 1.5], "texture": "#0"}
			}
		},
		{
			"from": [7, 4, 6.05],
			"to": [6, 4, 5.75],
			"rotation": {"angle": 0, "axis": "y", "origin": [7, 4, 6.05]},
			"faces": {
				"north": {"uv": [0.5, 1, 1, 1.5], "texture": "#0"},
				"east": {"uv": [0.5, 1, 1, 1.5], "texture": "#0"},
				"south": {"uv": [0.5, 1, 1, 1.5], "texture": "#0"},
				"west": {"uv": [0.5, 1, 1, 1.5], "texture": "#0"},
				"up": {"uv": [0.5, 1, 1, 1.5], "texture": "#0"},
				"down": {"uv": [0.5, 1, 1, 1.5], "texture": "#0"}
			}
		},
		{
			"from": [5, 4, 5.85],
			"to": [6, 6, 6],
			"rotation": {"angle": 0, "axis": "y", "origin": [4, 4, 4]},
			"faces": {
				"north": {"uv": [8.5, 1.5, 8, 2.5], "texture": "#0"},
				"east": {"uv": [8.5, 1.5, 8, 2.5], "texture": "#0"},
				"south": {"uv": [8.5, 1.5, 8, 2.5], "texture": "#0"},
				"west": {"uv": [8, 1.5, 8.5, 2.5], "texture": "#0"},
				"up": {"uv": [8, 1.5, 8.5, 2.5], "texture": "#0"},
				"down": {"uv": [8, 2.5, 8.5, 1.5], "texture": "#0"}
			}
		},
		{
			"from": [4, 3, 5.85],
			"to": [5, 4, 6],
			"rotation": {"angle": 0, "axis": "y", "origin": [3, 2, 4]},
			"faces": {
				"north": {"uv": [8.5, 0.5, 8, 1], "texture": "#0"},
				"east": {"uv": [8.5, 0.5, 8, 1], "texture": "#0"},
				"south": {"uv": [8.5, 0.5, 8, 1], "texture": "#0"},
				"west": {"uv": [8, 0.5, 8.5, 1], "texture": "#0"},
				"up": {"uv": [8, 0.5, 8.5, 1], "texture": "#0"},
				"down": {"uv": [8, 1, 8.5, 0.5], "texture": "#0"}
			}
		},
		{
			"from": [3.85, 8, 5.85],
			"to": [5, 10, 6],
			"rotation": {"angle": 0, "axis": "y", "origin": [4, 9, 4]},
			"faces": {
				"north": {"uv": [15, 1.5, 14.5, 2.5], "texture": "#0"},
				"east": {"uv": [14.5, 1.5, 15, 2.5], "texture": "#0"},
				"south": {"uv": [15, 1.5, 14.5, 2.5], "texture": "#0"},
				"west": {"uv": [14.5, 1.5, 15, 2.5], "texture": "#0"},
				"up": {"uv": [14.5, 1.5, 15, 2], "texture": "#0"},
				"down": {"uv": [14.5, 1.5, 15, 2], "texture": "#0"}
			}
		},
		{
			"from": [6, 8, 5.85],
			"to": [7, 11.175, 6],
			"rotation": {"angle": 0, "axis": "y", "origin": [5, 10, 4]},
			"faces": {
				"north": {"uv": [16, 1.5, 15.5, 3], "texture": "#0"},
				"east": {"uv": [15.5, 1.5, 16, 3], "texture": "#0"},
				"south": {"uv": [16, 1.5, 15.5, 3], "texture": "#0"},
				"west": {"uv": [15.5, 1.5, 16, 3], "texture": "#0"},
				"up": {"uv": [15.5, 1.5, 16, 2], "texture": "#0"},
				"down": {"uv": [15.5, 2.5, 16, 3], "texture": "#0"}
			}
		},
		{
			"from": [5, 7, 5.85],
			"to": [6, 9, 6],
			"rotation": {"angle": 0, "axis": "y", "origin": [4, 6, 4]},
			"faces": {
				"north": {"uv": [10.5, 0.5, 11, 1.5], "texture": "#0"},
				"east": {"uv": [10.5, 0.5, 11, 1.5], "texture": "#0"},
				"south": {"uv": [10.5, 0.5, 11, 1.5], "texture": "#0"},
				"west": {"uv": [10.5, 0.5, 11, 1.5], "texture": "#0"},
				"up": {"uv": [10.5, 0.5, 11, 1], "texture": "#0"},
				"down": {"uv": [10.5, 1, 11, 1.5], "texture": "#0"}
			}
		},
		{
			"from": [10, -0.15, 5.85],
			"to": [12, 0, 7],
			"rotation": {"angle": 0, "axis": "y", "origin": [10, -2, 4]},
			"faces": {
				"north": {"uv": [12.5, 6, 13.5, 5.5], "texture": "#0"},
				"east": {"uv": [12.5, 6, 13.5, 5.5], "texture": "#0"},
				"south": {"uv": [12.5, 6, 13.5, 5.5], "texture": "#0"},
				"west": {"uv": [12.5, 6, 13.5, 5.5], "texture": "#0"},
				"up": {"uv": [12.5, 6, 13.5, 5.5], "texture": "#0"},
				"down": {"uv": [12.5, 6, 13.5, 5.5], "texture": "#0"}
			}
		},
		{
			"from": [10, 0, 5.85],
			"to": [11.025, 3, 6],
			"rotation": {"angle": 0, "axis": "y", "origin": [9.5, 0, 4]},
			"faces": {
				"north": {"uv": [12.5, 0, 12, 1.5], "texture": "#0"},
				"east": {"uv": [12, 0, 12.5, 1.5], "texture": "#0"},
				"south": {"uv": [12.5, 0, 12, 1.5], "texture": "#0"},
				"west": {"uv": [12.5, 0, 12, 1.5], "texture": "#0"},
				"up": {"uv": [12, 0, 12.5, 0.5], "texture": "#0"},
				"down": {"uv": [12, 1.5, 12.5, 1], "texture": "#0"}
			}
		},
		{
			"from": [9, 1, 5.85],
			"to": [10, 2, 6],
			"rotation": {"angle": 0, "axis": "y", "origin": [8.5, 0, 4]},
			"faces": {
				"north": {"uv": [12.5, 0.5, 13, 1], "texture": "#0"},
				"east": {"uv": [12.5, 0.5, 13, 1], "texture": "#0"},
				"south": {"uv": [12.5, 0.5, 13, 1], "texture": "#0"},
				"west": {"uv": [12.5, 0.5, 13, 1], "texture": "#0"},
				"up": {"uv": [12.5, 0.5, 13, 1], "texture": "#0"},
				"down": {"uv": [12.5, 0.5, 13, 1], "texture": "#0"}
			}
		},
		{
			"from": [11.05, 3, 5.85],
			"to": [12.15, 4, 6],
			"rotation": {"angle": 0, "axis": "y", "origin": [10.1, 0, 4]},
			"faces": {
				"north": {"uv": [12, 5, 12.5, 5.5], "texture": "#0"},
				"east": {"uv": [11.5, 5, 12, 5.5], "texture": "#0"},
				"south": {"uv": [11.5, 5, 12, 5.5], "texture": "#0"},
				"west": {"uv": [11.5, 5, 12, 5.5], "texture": "#0"},
				"up": {"uv": [11.5, 5, 12, 5.5], "texture": "#0"},
				"down": {"uv": [11.5, 5, 12, 5.5], "texture": "#0"}
			}
		},
		{
			"from": [4, 11, 7],
			"to": [6, 11.175, 8],
			"rotation": {"angle": 0, "axis": "y", "origin": [4, 9.15, 4]},
			"faces": {
				"north": {"uv": [9, 3, 8, 2.5], "texture": "#0"},
				"east": {"uv": [9, 3, 8, 2.5], "texture": "#0"},
				"south": {"uv": [9, 3, 8, 2.5], "texture": "#0"},
				"west": {"uv": [9, 3, 8, 2.5], "texture": "#0"},
				"up": {"uv": [8, 3, 9, 2.5], "texture": "#0"},
				"down": {"uv": [8, 2.5, 9, 3], "texture": "#0"}
			}
		},
		{
			"from": [4, 11, 8],
			"to": [5, 11.175, 9],
			"rotation": {"angle": 0, "axis": "y", "origin": [4, 9.15, 4]},
			"faces": {
				"north": {"uv": [10, 2.5, 9.5, 2], "texture": "#0"},
				"east": {"uv": [10, 2.5, 9.5, 2], "texture": "#0"},
				"south": {"uv": [10, 2.5, 9.5, 2], "texture": "#0"},
				"west": {"uv": [10, 2.5, 9.5, 2], "texture": "#0"},
				"up": {"uv": [9.5, 2.5, 10, 2], "texture": "#0"},
				"down": {"uv": [9.5, 2, 10, 2.5], "texture": "#0"}
			}
		},
		{
			"from": [6, 11, 6],
			"to": [7, 11.175, 7],
			"rotation": {"angle": 0, "axis": "y", "origin": [6, 9.15, 2]},
			"faces": {
				"north": {"uv": [9.5, 2, 9, 2.5], "texture": "#0"},
				"east": {"uv": [9.5, 2, 9, 2.5], "texture": "#0"},
				"south": {"uv": [9.5, 2, 9, 2.5], "texture": "#0"},
				"west": {"uv": [9.5, 2, 9, 2.5], "texture": "#0"},
				"up": {"uv": [9, 2.5, 9.5, 2], "texture": "#0"},
				"down": {"uv": [9, 2, 9.5, 2.5], "texture": "#0"}
			}
		},
		{
			"from": [3.85, 4, 5.85],
			"to": [4, 7, 7],
			"rotation": {"angle": 0, "axis": "y", "origin": [4, 4, 4]},
			"faces": {
				"north": {"uv": [11, 0, 11.5, 1.5], "texture": "#0"},
				"east": {"uv": [11, 0, 11.5, 1.5], "texture": "#0"},
				"south": {"uv": [11, 0, 11.5, 1.5], "texture": "#0"},
				"west": {"uv": [11, 0, 11.5, 1.5], "texture": "#0"},
				"up": {"uv": [11, 0, 11.5, 0.5], "texture": "#0"},
				"down": {"uv": [11, 1, 11.5, 1.5], "texture": "#0"}
			}
		},
		{
			"from": [3.85, 7, 7],
			"to": [4, 8, 8],
			"rotation": {"angle": 0, "axis": "y", "origin": [4, 5, 5]},
			"faces": {
				"north": {"uv": [8.5, 1.5, 9, 2], "texture": "#0"},
				"east": {"uv": [9, 1.5, 8.5, 2], "texture": "#0"},
				"south": {"uv": [9, 1.5, 8.5, 2], "texture": "#0"},
				"west": {"uv": [9, 1.5, 8.5, 2], "texture": "#0"},
				"up": {"uv": [8.5, 2, 9, 1.5], "texture": "#0"},
				"down": {"uv": [8.5, 1.5, 9, 2], "texture": "#0"}
			}
		},
		{
			"from": [3.85, 9, 6],
			"to": [4, 11.175, 8],
			"rotation": {"angle": 0, "axis": "y", "origin": [3.95, 9.5, 6.925]},
			"faces": {
				"north": {"uv": [9.5, 0, 10, 1], "texture": "#0"},
				"east": {"uv": [10, 0, 9, 1], "texture": "#0"},
				"south": {"uv": [9.5, 0, 9, 1], "texture": "#0"},
				"west": {"uv": [10, 0, 9, 1], "texture": "#0"},
				"up": {"uv": [9.5, 0, 10, 0.5], "texture": "#0"},
				"down": {"uv": [9, 0.5, 10, 1], "texture": "#0"}
			}
		},
		{
			"from": [3.85, 8, 8],
			"to": [4, 10, 9],
			"rotation": {"angle": 0, "axis": "y", "origin": [4, 8, 4]},
			"faces": {
				"north": {"uv": [10, 0, 10.5, 1], "texture": "#0"},
				"east": {"uv": [10, 0, 10.5, 1], "texture": "#0"},
				"south": {"uv": [10, 0, 10.5, 1], "texture": "#0"},
				"west": {"uv": [10, 0, 10.5, 1], "texture": "#0"},
				"up": {"uv": [10, 0, 10.5, 1], "texture": "#0"},
				"down": {"uv": [10, 0, 10.5, 1], "texture": "#0"}
			}
		},
		{
			"from": [12, -0.15, 5.85],
			"to": [12.15, 1, 7],
			"rotation": {"angle": 0, "axis": "y", "origin": [12.1, 0, 4]},
			"faces": {
				"north": {"uv": [12, 5.5, 12.5, 6], "texture": "#0"},
				"east": {"uv": [12, 5.5, 12.5, 6], "texture": "#0"},
				"south": {"uv": [12, 5.5, 12.5, 6], "texture": "#0"},
				"west": {"uv": [12, 5.5, 12.5, 6], "texture": "#0"},
				"up": {"uv": [12, 5.5, 12.5, 6], "texture": "#0"},
				"down": {"uv": [12, 5.5, 12.5, 6], "texture": "#0"}
			}
		},
		{
			"from": [12, 3, 6],
			"to": [12.15, 4, 7],
			"rotation": {"angle": 0, "axis": "y", "origin": [12.1, 3, 4]},
			"faces": {
				"north": {"uv": [12, 4.5, 12.5, 5], "texture": "#0"},
				"east": {"uv": [12, 4.5, 12.5, 5], "texture": "#0"},
				"south": {"uv": [12, 4.5, 12.5, 5], "texture": "#0"},
				"west": {"uv": [12, 4.5, 12.5, 5], "texture": "#0"},
				"up": {"uv": [12, 4.5, 12.5, 5], "texture": "#0"},
				"down": {"uv": [12, 4.5, 12.5, 5], "texture": "#0"}
			}
		},
		{
			"from": [12, 1, 7],
			"to": [12.15, 3, 8],
			"rotation": {"angle": 0, "axis": "y", "origin": [12.1, 1.15, 5]},
			"faces": {
				"north": {"uv": [11.5, 4.5, 12, 5.5], "texture": "#0"},
				"east": {"uv": [12, 4.5, 11.5, 5.5], "texture": "#0"},
				"south": {"uv": [11.5, 4.5, 12, 5.5], "texture": "#0"},
				"west": {"uv": [11.5, 4.5, 12, 5.5], "texture": "#0"},
				"up": {"uv": [11.5, 4.5, 12, 5], "texture": "#0"},
				"down": {"uv": [11.5, 5, 12, 5.5], "texture": "#0"}
			}
		},
		{
			"from": [4, 6, 5.85],
			"to": [5, 7, 6],
			"rotation": {"angle": 0, "axis": "y", "origin": [4, 4, 4]},
			"faces": {
				"north": {"uv": [8.5, 0.5, 9, 1], "texture": "#0"},
				"east": {"uv": [9, 0.5, 8.5, 1], "texture": "#0"},
				"south": {"uv": [9, 0.5, 8.5, 1], "texture": "#0"},
				"west": {"uv": [9, 0.5, 8.5, 1], "texture": "#0"},
				"up": {"uv": [9, 0.5, 8.5, 1], "texture": "#0"},
				"down": {"uv": [9, 0.5, 8.5, 1], "texture": "#0"}
			}
		}
	],
	"display": {
		"thirdperson_righthand": {
			"rotation": [156, 85, -162.5],
			"translation": [0, -0.25, -2.5],
			"scale": [0.64102, 0.64102, 0.64102]
		},
		"thirdperson_lefthand": {
			"rotation": [156, 85, -162.5],
			"translation": [0, -0.25, -2.5],
			"scale": [0.64102, 0.64102, 0.64102]
		},
		"firstperson_righthand": {
			"rotation": [137.89, 66.36, -141.16],
			"translation": [-0.25, 5.5, 1.5],
			"scale": [0.51953, 0.51953, 0.51953]
		},
		"firstperson_lefthand": {
			"rotation": [137.89, 66.36, -141.16],
			"translation": [-0.25, 5.5, 1.5],
			"scale": [0.51953, 0.51953, 0.51953]
		},
		"head": {
			"translation": [0, 2.75, -8.5]
		},
		"fixed": {
			"translation": [0, 2.5, -1]
		}
	},
	"groups": [
		{
			"name": "group",
			"origin": [6, 0, 7],
			"color": 0,
			"children": [
				0,
				1,
				{
					"name": "group",
					"origin": [18, 2, 6.05],
					"color": 0,
					"children": [2, 3, 4, 5, 6, 7, 8, 9, 10, 11, 12, 13, 14]
				}
			]
		},
		{
			"name": "group",
			"origin": [4, 0, 4],
			"color": 0,
			"children": [15, 16, 17, 18, 19, 20, 21, 22, 23, 24, 25, 26, 27, 28, 29, 30, 31, 32, 33, 34]
		}
	]
}