{
	"format_version": "1.9.0",
	"credit": "Made with Blockbench",
	"texture_size": [32, 32],
	"textures": {
		"2": "item/netherite_upgrade_smithing_template3d",
		"particle": "item/netherite_upgrade_smithing_template3d"
	},
	"elements": [
		{
			"from": [6, 0, 6],
			"to": [11, 1, 10],
			"rotation": {"angle": 0, "axis": "y", "origin": [6, 0, 7]},
			"faces": {
				"north": {"uv": [0.5, 5, 3, 5.5], "texture": "#2"},
				"east": {"uv": [0, 10.5, 2, 11], "texture": "#2"},
				"south": {"uv": [5, 5, 7.5, 5.5], "texture": "#2"},
				"west": {"uv": [2, 10.5, 4, 11], "texture": "#2"},
				"up": {"uv": [6.5, 9.5, 4, 7.5], "texture": "#2"},
				"down": {"uv": [7, 7.5, 4.5, 9.5], "texture": "#2"}
			}
		},
		{
			"from": [4, 1, 6],
			"to": [12, 11, 10],
			"rotation": {"angle": 0, "axis": "y", "origin": [6, 0, 7]},
			"faces": {
				"north": {"uv": [0, 0, 4, 5], "texture": "#2"},
				"east": {"uv": [0, 5.5, 2, 10.5], "texture": "#2"},
				"south": {"uv": [4, 0, 8, 5], "texture": "#2"},
				"west": {"uv": [2, 5.5, 4, 10.5], "texture": "#2"},
				"up": {"uv": [8, 7.5, 4, 5.5], "texture": "#2"},
				"down": {"uv": [8, 7.5, 4, 9.5], "texture": "#2"}
			}
		},
		{
			"from": [12.125, 11.15, 10.15],
			"to": [12.125, 0.85, 5.85],
			"rotation": {"angle": 0, "axis": "y", "origin": [16.225, 16.75, 12.25]},
			"faces": {
				"north": {"uv": [8, 0, 8.5, 0.5], "texture": "#2"},
				"south": {"uv": [8, 0, 8.5, 0.5], "texture": "#2"},
				"west": {"uv": [8, 0, 8.5, 0.5], "texture": "#2"},
				"up": {"uv": [8.5, 0.5, 8, 0], "texture": "#2"},
				"down": {"uv": [8.5, 0, 8, 0.5], "texture": "#2"}
			}
		},
		{
			"from": [12.125, 0.85, 10.15],
			"to": [11.125, 0.85, 5.85],
			"rotation": {"angle": 0, "axis": "y", "origin": [16.225, 6.45, 12.25]},
			"faces": {
				"north": {"uv": [8, 0, 8.5, 0.5], "texture": "#2"},
				"east": {"uv": [8, 0, 8.5, 0.5], "texture": "#2"},
				"south": {"uv": [8, 0, 8.5, 0.5], "texture": "#2"},
				"west": {"uv": [8, 0, 8.5, 0.5], "texture": "#2"},
				"up": {"uv": [8.5, 0.5, 8, 0], "texture": "#2"}
			}
		},
		{
			"from": [5.9, 0.85, 10.15],
			"to": [3.85, 0.85, 5.85],
			"rotation": {"angle": 0, "axis": "y", "origin": [10, 6.45, 12.25]},
			"faces": {
				"north": {"uv": [8, 0, 8.5, 0.5], "texture": "#2"},
				"east": {"uv": [8, 0, 8.5, 0.5], "texture": "#2"},
				"south": {"uv": [8, 0, 8.5, 0.5], "texture": "#2"},
				"west": {"uv": [8, 0, 8.5, 0.5], "texture": "#2"},
				"up": {"uv": [8.5, 0.5, 8, 0], "texture": "#2"}
			}
		},
		{
			"from": [5.9, 0.85, 10.15],
			"to": [5.9, -0.15, 5.85],
			"rotation": {"angle": 0, "axis": "y", "origin": [10, 6.45, 12.25]},
			"faces": {
				"north": {"uv": [8, 0, 8.5, 0.5], "texture": "#2"},
				"east": {"uv": [8, 0, 8.5, 0.5], "texture": "#2"},
				"south": {"uv": [8, 0, 8.5, 0.5], "texture": "#2"},
				"up": {"uv": [8.5, 0.5, 8, 0], "texture": "#2"},
				"down": {"uv": [8.5, 0, 8, 0.5], "texture": "#2"}
			}
		},
		{
			"from": [11.125, 0.85, 10.15],
			"to": [11.125, -0.15, 5.85],
			"rotation": {"angle": 0, "axis": "y", "origin": [15.225, 6.45, 12.25]},
			"faces": {
				"north": {"uv": [8, 0, 8.5, 0.5], "texture": "#2"},
				"south": {"uv": [8, 0, 8.5, 0.5], "texture": "#2"},
				"west": {"uv": [8, 0, 8.5, 0.5], "texture": "#2"},
				"up": {"uv": [8.5, 0.5, 8, 0], "texture": "#2"},
				"down": {"uv": [8.5, 0, 8, 0.5], "texture": "#2"}
			}
		},
		{
			"from": [12.125, 11.15, 10.15],
			"to": [3.85, 11.15, 5.85],
			"rotation": {"angle": 0, "axis": "y", "origin": [16.225, 16.75, 12.25]},
			"faces": {
				"north": {"uv": [8, 0, 8.5, 0.5], "texture": "#2"},
				"east": {"uv": [8, 0, 8.5, 0.5], "texture": "#2"},
				"south": {"uv": [8, 0, 8.5, 0.5], "texture": "#2"},
				"west": {"uv": [8, 0, 8.5, 0.5], "texture": "#2"},
				"down": {"uv": [8.5, 0, 8, 0.5], "texture": "#2"}
			}
		},
		{
			"from": [11.125, -0.15, 10.15],
			"to": [5.875, -0.15, 5.85],
			"rotation": {"angle": 0, "axis": "y", "origin": [15.225, 5.45, 12.25]},
			"faces": {
				"north": {"uv": [8, 0, 8.5, 0.5], "texture": "#2"},
				"east": {"uv": [8, 0, 8.5, 0.5], "texture": "#2"},
				"south": {"uv": [8, 0, 8.5, 0.5], "texture": "#2"},
				"west": {"uv": [8, 0, 8.5, 0.5], "texture": "#2"},
				"up": {"uv": [8.5, 0.5, 8, 0], "texture": "#2"}
			}
		},
		{
			"from": [12.125, 11.15, 10.15],
			"to": [3.85, 0.85, 10.15],
			"rotation": {"angle": 0, "axis": "y", "origin": [16.225, 16.75, 12.25]},
			"faces": {
				"north": {"uv": [8, 0, 8.5, 0.5], "texture": "#2"},
				"east": {"uv": [8, 0, 8.5, 0.5], "texture": "#2"},
				"west": {"uv": [8, 0, 8.5, 0.5], "texture": "#2"},
				"up": {"uv": [8.5, 0.5, 8, 0], "texture": "#2"},
				"down": {"uv": [8.5, 0, 8, 0.5], "texture": "#2"}
			}
		},
		{
			"from": [11.125, 0.85, 10.15],
			"to": [5.9, -0.15, 10.15],
			"rotation": {"angle": 0, "axis": "y", "origin": [15.225, 6.45, 12.25]},
			"faces": {
				"north": {"uv": [8, 0, 8.5, 0.5], "texture": "#2"},
				"east": {"uv": [8, 0, 8.5, 0.5], "texture": "#2"},
				"west": {"uv": [8, 0, 8.5, 0.5], "texture": "#2"},
				"up": {"uv": [8.5, 0.5, 8, 0], "texture": "#2"},
				"down": {"uv": [8.5, 0, 8, 0.5], "texture": "#2"}
			}
		},
		{
			"from": [3.85, 11.15, 10.15],
			"to": [3.85, 0.85, 5.85],
			"rotation": {"angle": 0, "axis": "y", "origin": [7.95, 16.75, 12.25]},
			"faces": {
				"north": {"uv": [8, 0, 8.5, 0.5], "texture": "#2"},
				"east": {"uv": [8, 0, 8.5, 0.5], "texture": "#2"},
				"south": {"uv": [8, 0, 8.5, 0.5], "texture": "#2"},
				"up": {"uv": [8.5, 0.5, 8, 0], "texture": "#2"},
				"down": {"uv": [8.5, 0, 8, 0.5], "texture": "#2"}
			}
		},
		{
			"from": [12.125, 11.15, 5.85],
			"to": [3.85, 0.85, 5.85],
			"rotation": {"angle": 0, "axis": "y", "origin": [16.225, 16.75, 7.95]},
			"faces": {
				"east": {"uv": [8, 0, 8.5, 0.5], "texture": "#2"},
				"south": {"uv": [8, 0, 8.5, 0.5], "texture": "#2"},
				"west": {"uv": [8, 0, 8.5, 0.5], "texture": "#2"},
				"up": {"uv": [8.5, 0.5, 8, 0], "texture": "#2"},
				"down": {"uv": [8.5, 0, 8, 0.5], "texture": "#2"}
			}
		},
		{
			"from": [11.125, 0.85, 5.85],
			"to": [5.875, -0.15, 5.85],
			"rotation": {"angle": 0, "axis": "y", "origin": [15.225, 6.45, 7.95]},
			"faces": {
				"east": {"uv": [8, 0, 8.5, 0.5], "texture": "#2"},
				"south": {"uv": [8, 0, 8.5, 0.5], "texture": "#2"},
				"west": {"uv": [8, 0, 8.5, 0.5], "texture": "#2"},
				"up": {"uv": [8.5, 0.5, 8, 0], "texture": "#2"},
				"down": {"uv": [8.5, 0, 8, 0.5], "texture": "#2"}
			}
		},
		{
			"from": [11, 7, 6.05],
			"to": [10, 7, 5.75],
			"rotation": {"angle": 0, "axis": "y", "origin": [11, 7, 6.05]},
			"faces": {
				"north": {"uv": [8, 0, 8.5, 0.5], "texture": "#2"},
				"east": {"uv": [8, 0, 8.5, 0.5], "texture": "#2"},
				"south": {"uv": [8, 0, 8.5, 0.5], "texture": "#2"},
				"west": {"uv": [8, 0, 8.5, 0.5], "texture": "#2"},
				"down": {"uv": [8, 0, 8.5, 0.5], "texture": "#2"}
			}
		},
		{
			"from": [10, 8, 6.05],
			"to": [9, 8, 5.75],
			"rotation": {"angle": 0, "axis": "y", "origin": [10, 8, 6.05]},
			"faces": {
				"north": {"uv": [8, 0, 8.5, 0.5], "texture": "#2"},
				"east": {"uv": [8, 0, 8.5, 0.5], "texture": "#2"},
				"south": {"uv": [8, 0, 8.5, 0.5], "texture": "#2"},
				"west": {"uv": [8, 0, 8.5, 0.5], "texture": "#2"},
				"down": {"uv": [8, 0, 8.5, 0.5], "texture": "#2"}
			}
		},
		{
			"from": [9, 9, 6.05],
			"to": [8, 9, 5.75],
			"rotation": {"angle": 0, "axis": "y", "origin": [9, 9, 6.05]},
			"faces": {
				"north": {"uv": [8, 0, 8.5, 0.5], "texture": "#2"},
				"east": {"uv": [8, 0, 8.5, 0.5], "texture": "#2"},
				"south": {"uv": [8, 0, 8.5, 0.5], "texture": "#2"},
				"west": {"uv": [8, 0, 8.5, 0.5], "texture": "#2"},
				"down": {"uv": [8, 0, 8.5, 0.5], "texture": "#2"}
			}
		},
		{
			"from": [10, 2, 6.05],
			"to": [7, 2, 5.75],
			"rotation": {"angle": 0, "axis": "y", "origin": [10, 2, 6.05]},
			"faces": {
				"north": {"uv": [8, 0, 8.5, 0.5], "texture": "#2"},
				"east": {"uv": [8, 0, 8.5, 0.5], "texture": "#2"},
				"south": {"uv": [8, 0, 8.5, 0.5], "texture": "#2"},
				"west": {"uv": [8, 0, 8.5, 0.5], "texture": "#2"},
				"up": {"uv": [8, 0, 8.5, 0.5], "texture": "#2"}
			}
		},
		{
			"from": [8, 8, 6.05],
			"to": [7, 8, 5.75],
			"rotation": {"angle": 0, "axis": "y", "origin": [8, 8, 6.05]},
			"faces": {
				"north": {"uv": [8, 0, 8.5, 0.5], "texture": "#2"},
				"east": {"uv": [8, 0, 8.5, 0.5], "texture": "#2"},
				"south": {"uv": [8, 0, 8.5, 0.5], "texture": "#2"},
				"west": {"uv": [8, 0, 8.5, 0.5], "texture": "#2"},
				"down": {"uv": [8, 0, 8.5, 0.5], "texture": "#2"}
			}
		},
		{
			"from": [7, 7, 6.05],
			"to": [6, 7, 5.75],
			"rotation": {"angle": 0, "axis": "y", "origin": [7, 7, 6.05]},
			"faces": {
				"north": {"uv": [8, 0, 8.5, 0.5], "texture": "#2"},
				"east": {"uv": [8, 0, 8.5, 0.5], "texture": "#2"},
				"south": {"uv": [8, 0, 8.5, 0.5], "texture": "#2"},
				"west": {"uv": [8, 0, 8.5, 0.5], "texture": "#2"},
				"down": {"uv": [8, 0, 8.5, 0.5], "texture": "#2"}
			}
		},
		{
			"from": [7, 6, 6.05],
			"to": [6, 6, 5.75],
			"rotation": {"angle": 0, "axis": "y", "origin": [7, 6, 6.05]},
			"faces": {
				"north": {"uv": [8, 0, 8.5, 0.5], "texture": "#2"},
				"east": {"uv": [8, 0, 8.5, 0.5], "texture": "#2"},
				"south": {"uv": [8, 0, 8.5, 0.5], "texture": "#2"},
				"west": {"uv": [8, 0, 8.5, 0.5], "texture": "#2"},
				"up": {"uv": [8, 0, 8.5, 0.5], "texture": "#2"}
			}
		},
		{
			"from": [11, 6, 6.05],
			"to": [10, 6, 5.75],
			"rotation": {"angle": 0, "axis": "y", "origin": [11, 6, 6.05]},
			"faces": {
				"north": {"uv": [8, 0, 8.5, 0.5], "texture": "#2"},
				"east": {"uv": [8, 0, 8.5, 0.5], "texture": "#2"},
				"south": {"uv": [8, 0, 8.5, 0.5], "texture": "#2"},
				"west": {"uv": [8, 0, 8.5, 0.5], "texture": "#2"},
				"up": {"uv": [8, 0, 8.5, 0.5], "texture": "#2"}
			}
		},
		{
			"from": [11, 7, 6.05],
			"to": [11, 6, 5.75],
			"rotation": {"angle": 0, "axis": "y", "origin": [11, 7, 6.05]},
			"faces": {
				"north": {"uv": [8, 0, 8.5, 0.5], "texture": "#2"},
				"south": {"uv": [8, 0, 8.5, 0.5], "texture": "#2"},
				"west": {"uv": [8, 0, 8.5, 0.5], "texture": "#2"},
				"up": {"uv": [8, 0, 8.5, 0.5], "texture": "#2"},
				"down": {"uv": [8, 0, 8.5, 0.5], "texture": "#2"}
			}
		},
		{
			"from": [6, 7, 6.05],
			"to": [6, 6, 5.75],
			"rotation": {"angle": 0, "axis": "y", "origin": [6, 7, 6.05]},
			"faces": {
				"north": {"uv": [8, 0, 8.5, 0.5], "texture": "#2"},
				"east": {"uv": [8, 0, 8.5, 0.5], "texture": "#2"},
				"south": {"uv": [8, 0, 8.5, 0.5], "texture": "#2"},
				"up": {"uv": [8, 0, 8.5, 0.5], "texture": "#2"},
				"down": {"uv": [8, 0, 8.5, 0.5], "texture": "#2"}
			}
		},
		{
			"from": [7, 8, 6.05],
			"to": [7, 7, 5.75],
			"rotation": {"angle": 0, "axis": "y", "origin": [7, 8, 6.05]},
			"faces": {
				"north": {"uv": [8, 0, 8.5, 0.5], "texture": "#2"},
				"east": {"uv": [8, 0, 8.5, 0.5], "texture": "#2"},
				"south": {"uv": [8, 0, 8.5, 0.5], "texture": "#2"},
				"up": {"uv": [8, 0, 8.5, 0.5], "texture": "#2"},
				"down": {"uv": [8, 0, 8.5, 0.5], "texture": "#2"}
			}
		},
		{
			"from": [10, 8, 6.05],
			"to": [10, 7, 5.75],
			"rotation": {"angle": 0, "axis": "y", "origin": [10, 8, 6.05]},
			"faces": {
				"north": {"uv": [8, 0, 8.5, 0.5], "texture": "#2"},
				"south": {"uv": [8, 0, 8.5, 0.5], "texture": "#2"},
				"west": {"uv": [8, 0, 8.5, 0.5], "texture": "#2"},
				"up": {"uv": [8, 0, 8.5, 0.5], "texture": "#2"},
				"down": {"uv": [8, 0, 8.5, 0.5], "texture": "#2"}
			}
		},
		{
			"from": [9, 9, 6.05],
			"to": [9, 8, 5.75],
			"rotation": {"angle": 0, "axis": "y", "origin": [9, 9, 6.05]},
			"faces": {
				"north": {"uv": [8, 0, 8.5, 0.5], "texture": "#2"},
				"south": {"uv": [8, 0, 8.5, 0.5], "texture": "#2"},
				"west": {"uv": [8, 0, 8.5, 0.5], "texture": "#2"},
				"up": {"uv": [8, 0, 8.5, 0.5], "texture": "#2"},
				"down": {"uv": [8, 0, 8.5, 0.5], "texture": "#2"}
			}
		},
		{
			"from": [8, 9, 6.05],
			"to": [8, 8, 5.75],
			"rotation": {"angle": 0, "axis": "y", "origin": [8, 9, 6.05]},
			"faces": {
				"north": {"uv": [8, 0, 8.5, 0.5], "texture": "#2"},
				"east": {"uv": [8, 0, 8.5, 0.5], "texture": "#2"},
				"south": {"uv": [8, 0, 8.5, 0.5], "texture": "#2"},
				"up": {"uv": [8, 0, 8.5, 0.5], "texture": "#2"},
				"down": {"uv": [8, 0, 8.5, 0.5], "texture": "#2"}
			}
		},
		{
			"from": [10, 6, 6.05],
			"to": [10, 2, 5.75],
			"rotation": {"angle": 0, "axis": "y", "origin": [10, 6, 6.05]},
			"faces": {
				"north": {"uv": [8, 0, 8.5, 0.5], "texture": "#2"},
				"south": {"uv": [8, 0, 8.5, 0.5], "texture": "#2"},
				"west": {"uv": [8, 0, 8.5, 0.5], "texture": "#2"},
				"up": {"uv": [8, 0, 8.5, 0.5], "texture": "#2"},
				"down": {"uv": [8, 0, 8.5, 0.5], "texture": "#2"}
			}
		},
		{
			"from": [7, 6, 6.05],
			"to": [7, 2, 5.75],
			"rotation": {"angle": 0, "axis": "y", "origin": [7, 6, 6.05]},
			"faces": {
				"north": {"uv": [8, 0, 8.5, 0.5], "texture": "#2"},
				"east": {"uv": [8, 0, 8.5, 0.5], "texture": "#2"},
				"south": {"uv": [8, 0, 8.5, 0.5], "texture": "#2"},
				"up": {"uv": [8, 0, 8.5, 0.5], "texture": "#2"},
				"down": {"uv": [8, 0, 8.5, 0.5], "texture": "#2"}
			}
		}
	],
	"display": {
		"thirdperson_righthand": {
			"rotation": [156, 85, -162.5],
			"translation": [0, -0.25, -2.5],
			"scale": [0.64102, 0.64102, 0.64102]
		},
		"thirdperson_lefthand": {
			"rotation": [156, 85, -162.5],
			"translation": [0, -0.25, -2.5],
			"scale": [0.64102, 0.64102, 0.64102]
		},
		"firstperson_righthand": {
			"rotation": [137.89, 66.36, -141.16],
			"translation": [-0.25, 5.5, 1.5],
			"scale": [0.51953, 0.51953, 0.51953]
		},
		"firstperson_lefthand": {
			"rotation": [137.89, 66.36, -141.16],
			"translation": [-0.25, 5.5, 1.5],
			"scale": [0.51953, 0.51953, 0.51953]
		},
		"head": {
			"translation": [0, 2.75, -8.5]
		},
		"fixed": {
			"translation": [0, 2.5, -1]
		}
	},
	"groups": [
		{
			"name": "group",
			"origin": [6, 0, 7],
			"color": 0,
			"children": [0, 1]
		},
		{
			"name": "group",
			"origin": [16.225, 16.75, 12.25],
			"color": 0,
			"children": [2, 3, 4, 5, 6, 7, 8, 9, 10, 11, 12, 13]
		},
		{
			"name": "group",
			"origin": [11, 7, 6.05],
			"color": 0,
			"children": [14, 15, 16, 17, 18, 19, 20, 21, 22, 23, 24, 25, 26, 27, 28, 29]
		}
	]
}