{
	"format_version": "1.9.0",
	"credit": "Made with Blockbench",
	"texture_size": [32, 32],
	"textures": {
		"2": "item/rib_armor_trim_smithing_template3d",
		"particle": "item/rib_armor_trim_smithing_template3d"
	},
	"elements": [
		{
			"from": [4, 0, 6],
			"to": [12, 11, 10],
			"rotation": {"angle": 0, "axis": "y", "origin": [6, 0, 7]},
			"faces": {
				"north": {"uv": [0, 0, 4, 5.5], "texture": "#2"},
				"east": {"uv": [0, 5.5, 2, 11], "texture": "#2"},
				"south": {"uv": [4, 0, 8, 5.5], "texture": "#2"},
				"west": {"uv": [2, 5.5, 4, 11], "texture": "#2"},
				"up": {"uv": [8, 7.5, 4, 5.5], "texture": "#2"},
				"down": {"uv": [8, 7.5, 4, 9.5], "texture": "#2"}
			}
		},
		{
			"from": [12.15, 11.15, 10.15],
			"to": [3.85, -0.15, 5.85],
			"rotation": {"angle": 0, "axis": "y", "origin": [16.25, 16.75, 12.25]},
			"faces": {
				"north": {"uv": [9.5, 1.5, 10, 2], "texture": "#2"},
				"east": {"uv": [9.5, 1.5, 10, 2], "texture": "#2"},
				"south": {"uv": [9.5, 1.5, 10, 2], "texture": "#2"},
				"west": {"uv": [9.5, 1.5, 10, 2], "texture": "#2"},
				"up": {"uv": [10, 2, 9.5, 1.5], "texture": "#2"},
				"down": {"uv": [10, 1.5, 9.5, 2], "texture": "#2"}
			}
		},
		{
			"from": [3.8, 1, 5],
			"to": [4, 2, 9],
			"rotation": {"angle": 0, "axis": "y", "origin": [2, 0, 7]},
			"faces": {
				"north": {"uv": [8, 1, 8.5, 1.5], "texture": "#2"},
				"east": {"uv": [8, 1, 10, 1.5], "texture": "#2"},
				"south": {"uv": [9.5, 1, 10, 1.5], "texture": "#2"},
				"west": {"uv": [8, 1, 10, 1.5], "texture": "#2"},
				"up": {"uv": [8, 1, 10, 1.5], "rotation": 90, "texture": "#2"},
				"down": {"uv": [10, 1, 8, 1.5], "rotation": 90, "texture": "#2"}
			}
		},
		{
			"from": [3.8, 4, 5],
			"to": [4, 5, 9],
			"rotation": {"angle": 0, "axis": "y", "origin": [2, 3, 7]},
			"faces": {
				"north": {"uv": [8, 0.5, 8.5, 1], "texture": "#2"},
				"east": {"uv": [8, 0.5, 10, 1], "texture": "#2"},
				"south": {"uv": [9.5, 0.5, 10, 1], "texture": "#2"},
				"west": {"uv": [8, 0.5, 10, 1], "texture": "#2"},
				"up": {"uv": [8, 0.5, 10, 1], "rotation": 90, "texture": "#2"},
				"down": {"uv": [10, 0.5, 8, 1], "rotation": 90, "texture": "#2"}
			}
		},
		{
			"from": [4, 8, 5],
			"to": [8.025, 9, 5.2],
			"rotation": {"angle": 0, "axis": "y", "origin": [2.025, 7, 7]},
			"faces": {
				"north": {"uv": [10, 0, 12, 0.5], "texture": "#2"},
				"east": {"uv": [10, 0, 10.5, 0.5], "texture": "#2"},
				"south": {"uv": [12, 0, 10, 0.5], "texture": "#2"},
				"west": {"uv": [11.5, 0, 12, 0.5], "texture": "#2"},
				"up": {"uv": [12, 0, 10, 0.5], "texture": "#2"},
				"down": {"uv": [12, 0, 10, 0.5], "texture": "#2"}
			}
		},
		{
			"from": [4, 4, 5],
			"to": [8.025, 5, 5.2],
			"rotation": {"angle": 0, "axis": "y", "origin": [2.025, 3, 7]},
			"faces": {
				"north": {"uv": [10, 0.5, 12, 1], "texture": "#2"},
				"east": {"uv": [10, 0.5, 10.5, 1], "texture": "#2"},
				"south": {"uv": [12, 0.5, 10, 1], "texture": "#2"},
				"west": {"uv": [11.5, 0.5, 12, 1], "texture": "#2"},
				"up": {"uv": [12, 0.5, 10, 1], "texture": "#2"},
				"down": {"uv": [12, 0.5, 10, 1], "texture": "#2"}
			}
		},
		{
			"from": [4, 1, 5],
			"to": [9.025, 2, 5.2],
			"rotation": {"angle": 0, "axis": "y", "origin": [2.025, 0, 7]},
			"faces": {
				"north": {"uv": [10, 1, 12.5, 1.5], "texture": "#2"},
				"east": {"uv": [10, 1, 10.5, 1.5], "texture": "#2"},
				"south": {"uv": [12.5, 1, 10, 1.5], "texture": "#2"},
				"west": {"uv": [11.875, 1, 12.5, 1.5], "texture": "#2"},
				"up": {"uv": [12.5, 1, 10, 1.5], "texture": "#2"},
				"down": {"uv": [12.5, 1, 10, 1.5], "texture": "#2"}
			}
		},
		{
			"from": [3.8, 8, 5],
			"to": [4, 9, 9],
			"rotation": {"angle": 0, "axis": "y", "origin": [2, 7, 7]},
			"faces": {
				"north": {"uv": [8, 0, 8.5, 0.5], "texture": "#2"},
				"east": {"uv": [8, 0, 10, 0.5], "texture": "#2"},
				"south": {"uv": [9.5, 0, 10, 0.5], "texture": "#2"},
				"west": {"uv": [8, 0, 10, 0.5], "texture": "#2"},
				"up": {"uv": [8, 0, 10, 0.5], "rotation": 90, "texture": "#2"},
				"down": {"uv": [10, 0, 8, 0.5], "rotation": 90, "texture": "#2"}
			}
		},
		{
			"from": [8.975, 3, 5],
			"to": [12, 4, 5.2],
			"rotation": {"angle": 0, "axis": "y", "origin": [13.975, 2, 7]},
			"faces": {
				"north": {"uv": [10, 2.5, 11.5, 3], "texture": "#2"},
				"east": {"uv": [10.5125, 2.5, 10.0125, 3], "texture": "#2"},
				"south": {"uv": [11.5125, 2.5, 10, 3], "texture": "#2"},
				"west": {"uv": [11.5, 2.5, 11, 3], "texture": "#2"},
				"up": {"uv": [11.5, 2.5, 10, 3], "texture": "#2"},
				"down": {"uv": [11.5, 2.5, 10, 3], "texture": "#2"}
			}
		},
		{
			"from": [12, 3, 5],
			"to": [12.2, 4, 9],
			"rotation": {"angle": 0, "axis": "y", "origin": [14, 2, 7]},
			"faces": {
				"north": {"uv": [8.5, 2.5, 8, 3], "texture": "#2"},
				"east": {"uv": [10, 2.5, 8, 3], "texture": "#2"},
				"south": {"uv": [10, 2.5, 9.5, 3], "texture": "#2"},
				"west": {"uv": [10, 2.5, 8, 3], "texture": "#2"},
				"up": {"uv": [8, 3, 10, 2.5], "rotation": 90, "texture": "#2"},
				"down": {"uv": [10, 3, 8, 2.5], "rotation": 90, "texture": "#2"}
			}
		},
		{
			"from": [12, 6, 5],
			"to": [12.2, 7, 9],
			"rotation": {"angle": 0, "axis": "y", "origin": [14, 5, 7]},
			"faces": {
				"north": {"uv": [8.5, 2, 8, 2.5], "texture": "#2"},
				"east": {"uv": [10, 2, 8, 2.5], "texture": "#2"},
				"south": {"uv": [10, 2, 9.5, 2.5], "texture": "#2"},
				"west": {"uv": [10, 2, 8, 2.5], "texture": "#2"},
				"up": {"uv": [8, 2.5, 10, 2], "rotation": 90, "texture": "#2"},
				"down": {"uv": [10, 2.5, 8, 2], "rotation": 90, "texture": "#2"}
			}
		},
		{
			"from": [6.975, 6, 5],
			"to": [12, 7, 5.2],
			"rotation": {"angle": 0, "axis": "y", "origin": [13.975, 5, 7]},
			"faces": {
				"north": {"uv": [12.5, 2, 10, 2.5], "texture": "#2"},
				"east": {"uv": [12.5125, 2, 12.0125, 2.5], "texture": "#2"},
				"south": {"uv": [10, 2, 12.5, 2.5], "texture": "#2"},
				"west": {"uv": [10.5, 2, 10, 2.5], "texture": "#2"},
				"up": {"uv": [10, 2, 12.5, 2.5], "texture": "#2"},
				"down": {"uv": [10, 2, 12.5, 2.5], "texture": "#2"}
			}
		},
		{
			"name": "cube_outline",
			"from": [8.125, 9.1, 5.3],
			"to": [4.1, 7.9, 5.3],
			"rotation": {"angle": 0, "axis": "y", "origin": [2.025, 7, 7]},
			"faces": {
				"north": {"uv": [9.5, 1.5, 10, 2], "rotation": 180, "texture": "#2"},
				"east": {"uv": [9.5, 1.5, 10, 2], "rotation": 180, "texture": "#2"},
				"west": {"uv": [9.5, 1.5, 10, 2], "rotation": 180, "texture": "#2"},
				"up": {"uv": [9.5, 1.5, 10, 2], "rotation": 180, "texture": "#2"},
				"down": {"uv": [9.5, 1.5, 10, 2], "rotation": 180, "texture": "#2"}
			}
		},
		{
			"name": "cube_outline",
			"from": [8.125, 9.1, 5.3],
			"to": [8.125, 7.9, 4.9],
			"rotation": {"angle": 0, "axis": "y", "origin": [2.025, 7, 7]},
			"faces": {
				"north": {"uv": [9.5, 1.5, 10, 2], "rotation": 180, "texture": "#2"},
				"south": {"uv": [9.5, 1.5, 10, 2], "rotation": 180, "texture": "#2"},
				"west": {"uv": [9.5, 1.5, 10, 2], "rotation": 180, "texture": "#2"},
				"up": {"uv": [9.5, 1.5, 10, 2], "rotation": 180, "texture": "#2"},
				"down": {"uv": [9.5, 1.5, 10, 2], "rotation": 180, "texture": "#2"}
			}
		},
		{
			"name": "cube_outline",
			"from": [8.125, 7.9, 5.3],
			"to": [3.7, 7.9, 4.9],
			"rotation": {"angle": 0, "axis": "y", "origin": [2.025, 5.8, 7]},
			"faces": {
				"north": {"uv": [9.5, 1.5, 10, 2], "rotation": 180, "texture": "#2"},
				"east": {"uv": [9.5, 1.5, 10, 2], "rotation": 180, "texture": "#2"},
				"south": {"uv": [9.5, 1.5, 10, 2], "rotation": 180, "texture": "#2"},
				"west": {"uv": [9.5, 1.5, 10, 2], "rotation": 180, "texture": "#2"},
				"up": {"uv": [9.5, 1.5, 10, 2], "rotation": 180, "texture": "#2"}
			}
		},
		{
			"name": "cube_outline",
			"from": [8.125, 9.1, 4.9],
			"to": [3.7, 7.9, 4.9],
			"rotation": {"angle": 0, "axis": "y", "origin": [2.025, 7, 6.6]},
			"faces": {
				"east": {"uv": [9.5, 1.5, 10, 2], "rotation": 180, "texture": "#2"},
				"south": {"uv": [9.5, 1.5, 10, 2], "rotation": 180, "texture": "#2"},
				"west": {"uv": [9.5, 1.5, 10, 2], "rotation": 180, "texture": "#2"},
				"up": {"uv": [9.5, 1.5, 10, 2], "rotation": 180, "texture": "#2"},
				"down": {"uv": [9.5, 1.5, 10, 2], "rotation": 180, "texture": "#2"}
			}
		},
		{
			"name": "cube_outline",
			"from": [4.1, 9.1, 5.3],
			"to": [4.1, 7.9, 5.975],
			"rotation": {"angle": 0, "axis": "y", "origin": [-2, 7, 7]},
			"faces": {
				"north": {"uv": [9.5, 1.5, 10, 2], "rotation": 180, "texture": "#2"},
				"east": {"uv": [9.5, 1.5, 10, 2], "rotation": 180, "texture": "#2"},
				"south": {"uv": [9.5, 1.5, 10, 2], "rotation": 180, "texture": "#2"},
				"up": {"uv": [9.5, 1.5, 10, 2], "rotation": 180, "texture": "#2"},
				"down": {"uv": [9.5, 1.5, 10, 2], "rotation": 180, "texture": "#2"}
			}
		},
		{
			"name": "cube_outline",
			"from": [3.975, 9.1, 5.975],
			"to": [3.975, 7.9, 9.1],
			"rotation": {"angle": 0, "axis": "y", "origin": [-2.125, 7, 7.675]},
			"faces": {
				"north": {"uv": [9.5, 1.5, 10, 2], "rotation": 180, "texture": "#2"},
				"east": {"uv": [9.5, 1.5, 10, 2], "rotation": 180, "texture": "#2"},
				"south": {"uv": [9.5, 1.5, 10, 2], "rotation": 180, "texture": "#2"},
				"up": {"uv": [9.5, 1.5, 10, 2], "rotation": 180, "texture": "#2"},
				"down": {"uv": [9.5, 1.5, 10, 2], "rotation": 180, "texture": "#2"}
			}
		},
		{
			"name": "cube_outline",
			"from": [4.1, 9.1, 5.975],
			"to": [3.975, 7.9, 5.975],
			"rotation": {"angle": 0, "axis": "y", "origin": [-2, 7, 7.675]},
			"faces": {
				"north": {"uv": [9.5, 1.5, 10, 2], "rotation": 180, "texture": "#2"},
				"east": {"uv": [9.5, 1.5, 10, 2], "rotation": 180, "texture": "#2"},
				"south": {"uv": [9.5, 1.5, 10, 2], "rotation": 180, "texture": "#2"},
				"up": {"uv": [9.5, 1.5, 10, 2], "rotation": 180, "texture": "#2"},
				"down": {"uv": [9.5, 1.5, 10, 2], "rotation": 180, "texture": "#2"}
			}
		},
		{
			"name": "cube_outline",
			"from": [4.1, 7.9, 9.1],
			"to": [3.7, 7.9, 5.3],
			"rotation": {"angle": 0, "axis": "y", "origin": [2, 5.8, 7]},
			"faces": {
				"north": {"uv": [9.5, 1.5, 10, 2], "rotation": 180, "texture": "#2"},
				"east": {"uv": [9.5, 1.5, 10, 2], "rotation": 180, "texture": "#2"},
				"south": {"uv": [9.5, 1.5, 10, 2], "rotation": 180, "texture": "#2"},
				"west": {"uv": [9.5, 1.5, 10, 2], "rotation": 180, "texture": "#2"},
				"up": {"uv": [9.5, 1.5, 10, 2], "rotation": 180, "texture": "#2"}
			}
		},
		{
			"name": "cube_outline",
			"from": [4.1, 9.1, 9.1],
			"to": [3.7, 7.9, 9.1],
			"rotation": {"angle": 0, "axis": "y", "origin": [2, 7, 7]},
			"faces": {
				"north": {"uv": [9.5, 1.5, 10, 2], "rotation": 180, "texture": "#2"},
				"east": {"uv": [9.5, 1.5, 10, 2], "rotation": 180, "texture": "#2"},
				"west": {"uv": [9.5, 1.5, 10, 2], "rotation": 180, "texture": "#2"},
				"up": {"uv": [9.5, 1.5, 10, 2], "rotation": 180, "texture": "#2"},
				"down": {"uv": [9.5, 1.5, 10, 2], "rotation": 180, "texture": "#2"}
			}
		},
		{
			"name": "cube_outline",
			"from": [3.7, 9.1, 4.9],
			"to": [3.7, 7.9, 9.1],
			"rotation": {"angle": 0, "axis": "y", "origin": [2, 7, 7]},
			"faces": {
				"north": {"uv": [9.5, 1.5, 10, 2], "rotation": 180, "texture": "#2"},
				"south": {"uv": [9.5, 1.5, 10, 2], "rotation": 180, "texture": "#2"},
				"west": {"uv": [9.5, 1.5, 10, 2], "rotation": 180, "texture": "#2"},
				"up": {"uv": [9.5, 1.5, 10, 2], "rotation": 180, "texture": "#2"},
				"down": {"uv": [9.5, 1.5, 10, 2], "rotation": 180, "texture": "#2"}
			}
		},
		{
			"name": "cube_outline",
			"from": [8.125, 9.1, 5.3],
			"to": [3.7, 9.1, 4.9],
			"rotation": {"angle": 0, "axis": "y", "origin": [2.025, 7, 7]},
			"faces": {
				"north": {"uv": [9.5, 1.5, 10, 2], "rotation": 180, "texture": "#2"},
				"east": {"uv": [9.5, 1.5, 10, 2], "rotation": 180, "texture": "#2"},
				"south": {"uv": [9.5, 1.5, 10, 2], "rotation": 180, "texture": "#2"},
				"west": {"uv": [9.5, 1.5, 10, 2], "rotation": 180, "texture": "#2"},
				"down": {"uv": [9.5, 1.5, 10, 2], "rotation": 180, "texture": "#2"}
			}
		},
		{
			"name": "cube_outline",
			"from": [8.125, 5.1, 5.3],
			"to": [4.1, 3.9, 5.3],
			"rotation": {"angle": 0, "axis": "y", "origin": [2.025, 3, 7]},
			"faces": {
				"north": {"uv": [9.5, 1.5, 10, 2], "rotation": 180, "texture": "#2"},
				"east": {"uv": [9.5, 1.5, 10, 2], "rotation": 180, "texture": "#2"},
				"west": {"uv": [9.5, 1.5, 10, 2], "rotation": 180, "texture": "#2"},
				"up": {"uv": [9.5, 1.5, 10, 2], "rotation": 180, "texture": "#2"},
				"down": {"uv": [9.5, 1.5, 10, 2], "rotation": 180, "texture": "#2"}
			}
		},
		{
			"name": "cube_outline",
			"from": [8.125, 5.1, 5.3],
			"to": [8.125, 3.9, 4.9],
			"rotation": {"angle": 0, "axis": "y", "origin": [2.025, 3, 7]},
			"faces": {
				"north": {"uv": [9.5, 1.5, 10, 2], "rotation": 180, "texture": "#2"},
				"south": {"uv": [9.5, 1.5, 10, 2], "rotation": 180, "texture": "#2"},
				"west": {"uv": [9.5, 1.5, 10, 2], "rotation": 180, "texture": "#2"},
				"up": {"uv": [9.5, 1.5, 10, 2], "rotation": 180, "texture": "#2"},
				"down": {"uv": [9.5, 1.5, 10, 2], "rotation": 180, "texture": "#2"}
			}
		},
		{
			"name": "cube_outline",
			"from": [8.125, 3.9, 5.3],
			"to": [3.7, 3.9, 4.9],
			"rotation": {"angle": 0, "axis": "y", "origin": [2.025, 1.8, 7]},
			"faces": {
				"north": {"uv": [9.5, 1.5, 10, 2], "rotation": 180, "texture": "#2"},
				"east": {"uv": [9.5, 1.5, 10, 2], "rotation": 180, "texture": "#2"},
				"south": {"uv": [9.5, 1.5, 10, 2], "rotation": 180, "texture": "#2"},
				"west": {"uv": [9.5, 1.5, 10, 2], "rotation": 180, "texture": "#2"},
				"up": {"uv": [9.5, 1.5, 10, 2], "rotation": 180, "texture": "#2"}
			}
		},
		{
			"name": "cube_outline",
			"from": [8.125, 5.1, 4.9],
			"to": [3.7, 3.9, 4.9],
			"rotation": {"angle": 0, "axis": "y", "origin": [2.025, 3, 6.6]},
			"faces": {
				"east": {"uv": [9.5, 1.5, 10, 2], "rotation": 180, "texture": "#2"},
				"south": {"uv": [9.5, 1.5, 10, 2], "rotation": 180, "texture": "#2"},
				"west": {"uv": [9.5, 1.5, 10, 2], "rotation": 180, "texture": "#2"},
				"up": {"uv": [9.5, 1.5, 10, 2], "rotation": 180, "texture": "#2"},
				"down": {"uv": [9.5, 1.5, 10, 2], "rotation": 180, "texture": "#2"}
			}
		},
		{
			"name": "cube_outline",
			"from": [4.1, 5.1, 5.3],
			"to": [4.1, 3.9, 5.975],
			"rotation": {"angle": 0, "axis": "y", "origin": [-2, 3, 7]},
			"faces": {
				"north": {"uv": [9.5, 1.5, 10, 2], "rotation": 180, "texture": "#2"},
				"east": {"uv": [9.5, 1.5, 10, 2], "rotation": 180, "texture": "#2"},
				"south": {"uv": [9.5, 1.5, 10, 2], "rotation": 180, "texture": "#2"},
				"up": {"uv": [9.5, 1.5, 10, 2], "rotation": 180, "texture": "#2"},
				"down": {"uv": [9.5, 1.5, 10, 2], "rotation": 180, "texture": "#2"}
			}
		},
		{
			"name": "cube_outline",
			"from": [3.975, 5.1, 5.975],
			"to": [3.975, 3.9, 9.1],
			"rotation": {"angle": 0, "axis": "y", "origin": [-2.125, 3, 7.675]},
			"faces": {
				"north": {"uv": [9.5, 1.5, 10, 2], "rotation": 180, "texture": "#2"},
				"east": {"uv": [9.5, 1.5, 10, 2], "rotation": 180, "texture": "#2"},
				"south": {"uv": [9.5, 1.5, 10, 2], "rotation": 180, "texture": "#2"},
				"up": {"uv": [9.5, 1.5, 10, 2], "rotation": 180, "texture": "#2"},
				"down": {"uv": [9.5, 1.5, 10, 2], "rotation": 180, "texture": "#2"}
			}
		},
		{
			"name": "cube_outline",
			"from": [4.1, 5.1, 5.975],
			"to": [3.975, 3.9, 5.975],
			"rotation": {"angle": 0, "axis": "y", "origin": [-2, 3, 7.675]},
			"faces": {
				"north": {"uv": [9.5, 1.5, 10, 2], "rotation": 180, "texture": "#2"},
				"east": {"uv": [9.5, 1.5, 10, 2], "rotation": 180, "texture": "#2"},
				"south": {"uv": [9.5, 1.5, 10, 2], "rotation": 180, "texture": "#2"},
				"up": {"uv": [9.5, 1.5, 10, 2], "rotation": 180, "texture": "#2"},
				"down": {"uv": [9.5, 1.5, 10, 2], "rotation": 180, "texture": "#2"}
			}
		},
		{
			"name": "cube_outline",
			"from": [4.1, 3.9, 9.1],
			"to": [3.7, 3.9, 5.3],
			"rotation": {"angle": 0, "axis": "y", "origin": [2, 1.8, 7]},
			"faces": {
				"north": {"uv": [9.5, 1.5, 10, 2], "rotation": 180, "texture": "#2"},
				"east": {"uv": [9.5, 1.5, 10, 2], "rotation": 180, "texture": "#2"},
				"south": {"uv": [9.5, 1.5, 10, 2], "rotation": 180, "texture": "#2"},
				"west": {"uv": [9.5, 1.5, 10, 2], "rotation": 180, "texture": "#2"},
				"up": {"uv": [9.5, 1.5, 10, 2], "rotation": 180, "texture": "#2"}
			}
		},
		{
			"name": "cube_outline",
			"from": [4.1, 5.1, 9.1],
			"to": [3.7, 3.9, 9.1],
			"rotation": {"angle": 0, "axis": "y", "origin": [2, 3, 7]},
			"faces": {
				"north": {"uv": [9.5, 1.5, 10, 2], "rotation": 180, "texture": "#2"},
				"east": {"uv": [9.5, 1.5, 10, 2], "rotation": 180, "texture": "#2"},
				"west": {"uv": [9.5, 1.5, 10, 2], "rotation": 180, "texture": "#2"},
				"up": {"uv": [9.5, 1.5, 10, 2], "rotation": 180, "texture": "#2"},
				"down": {"uv": [9.5, 1.5, 10, 2], "rotation": 180, "texture": "#2"}
			}
		},
		{
			"name": "cube_outline",
			"from": [3.7, 5.1, 4.9],
			"to": [3.7, 3.9, 9.1],
			"rotation": {"angle": 0, "axis": "y", "origin": [2, 3, 7]},
			"faces": {
				"north": {"uv": [9.5, 1.5, 10, 2], "rotation": 180, "texture": "#2"},
				"south": {"uv": [9.5, 1.5, 10, 2], "rotation": 180, "texture": "#2"},
				"west": {"uv": [9.5, 1.5, 10, 2], "rotation": 180, "texture": "#2"},
				"up": {"uv": [9.5, 1.5, 10, 2], "rotation": 180, "texture": "#2"},
				"down": {"uv": [9.5, 1.5, 10, 2], "rotation": 180, "texture": "#2"}
			}
		},
		{
			"name": "cube_outline",
			"from": [8.125, 5.1, 5.3],
			"to": [3.7, 5.1, 4.9],
			"rotation": {"angle": 0, "axis": "y", "origin": [2.025, 3, 7]},
			"faces": {
				"north": {"uv": [9.5, 1.5, 10, 2], "rotation": 180, "texture": "#2"},
				"east": {"uv": [9.5, 1.5, 10, 2], "rotation": 180, "texture": "#2"},
				"south": {"uv": [9.5, 1.5, 10, 2], "rotation": 180, "texture": "#2"},
				"west": {"uv": [9.5, 1.5, 10, 2], "rotation": 180, "texture": "#2"},
				"down": {"uv": [9.5, 1.5, 10, 2], "rotation": 180, "texture": "#2"}
			}
		},
		{
			"name": "cube_outline",
			"from": [9.125, 2.1, 5.3],
			"to": [4.1, 0.9, 5.3],
			"rotation": {"angle": 0, "axis": "y", "origin": [3.025, 0, 7]},
			"faces": {
				"north": {"uv": [9.5, 1.5, 10, 2], "rotation": 180, "texture": "#2"},
				"east": {"uv": [9.5, 1.5, 10, 2], "rotation": 180, "texture": "#2"},
				"west": {"uv": [9.5, 1.5, 10, 2], "rotation": 180, "texture": "#2"},
				"up": {"uv": [9.5, 1.5, 10, 2], "rotation": 180, "texture": "#2"},
				"down": {"uv": [9.5, 1.5, 10, 2], "rotation": 180, "texture": "#2"}
			}
		},
		{
			"name": "cube_outline",
			"from": [9.125, 2.1, 5.3],
			"to": [9.125, 0.9, 4.9],
			"rotation": {"angle": 0, "axis": "y", "origin": [3.025, 0, 7]},
			"faces": {
				"north": {"uv": [9.5, 1.5, 10, 2], "rotation": 180, "texture": "#2"},
				"south": {"uv": [9.5, 1.5, 10, 2], "rotation": 180, "texture": "#2"},
				"west": {"uv": [9.5, 1.5, 10, 2], "rotation": 180, "texture": "#2"},
				"up": {"uv": [9.5, 1.5, 10, 2], "rotation": 180, "texture": "#2"},
				"down": {"uv": [9.5, 1.5, 10, 2], "rotation": 180, "texture": "#2"}
			}
		},
		{
			"name": "cube_outline",
			"from": [9.125, 0.9, 5.3],
			"to": [3.7, 0.9, 4.9],
			"rotation": {"angle": 0, "axis": "y", "origin": [3.025, -1.2, 7]},
			"faces": {
				"north": {"uv": [9.5, 1.5, 10, 2], "rotation": 180, "texture": "#2"},
				"east": {"uv": [9.5, 1.5, 10, 2], "rotation": 180, "texture": "#2"},
				"south": {"uv": [9.5, 1.5, 10, 2], "rotation": 180, "texture": "#2"},
				"west": {"uv": [9.5, 1.5, 10, 2], "rotation": 180, "texture": "#2"},
				"up": {"uv": [9.5, 1.5, 10, 2], "rotation": 180, "texture": "#2"}
			}
		},
		{
			"name": "cube_outline",
			"from": [8.125, 2.1, 4.9],
			"to": [3.7, 0.9, 4.9],
			"rotation": {"angle": 0, "axis": "y", "origin": [2.025, 0, 6.6]},
			"faces": {
				"east": {"uv": [9.5, 1.5, 10, 2], "rotation": 180, "texture": "#2"},
				"south": {"uv": [9.5, 1.5, 10, 2], "rotation": 180, "texture": "#2"},
				"west": {"uv": [9.5, 1.5, 10, 2], "rotation": 180, "texture": "#2"},
				"up": {"uv": [9.5, 1.5, 10, 2], "rotation": 180, "texture": "#2"},
				"down": {"uv": [9.5, 1.5, 10, 2], "rotation": 180, "texture": "#2"}
			}
		},
		{
			"name": "cube_outline",
			"from": [4.1, 2.1, 5.3],
			"to": [4.1, 0.9, 5.975],
			"rotation": {"angle": 0, "axis": "y", "origin": [-2, 0, 7]},
			"faces": {
				"north": {"uv": [9.5, 1.5, 10, 2], "rotation": 180, "texture": "#2"},
				"east": {"uv": [9.5, 1.5, 10, 2], "rotation": 180, "texture": "#2"},
				"south": {"uv": [9.5, 1.5, 10, 2], "rotation": 180, "texture": "#2"},
				"up": {"uv": [9.5, 1.5, 10, 2], "rotation": 180, "texture": "#2"},
				"down": {"uv": [9.5, 1.5, 10, 2], "rotation": 180, "texture": "#2"}
			}
		},
		{
			"name": "cube_outline",
			"from": [3.975, 2.1, 5.975],
			"to": [3.975, 0.9, 9.1],
			"rotation": {"angle": 0, "axis": "y", "origin": [-2.125, 0, 7.675]},
			"faces": {
				"north": {"uv": [9.5, 1.5, 10, 2], "rotation": 180, "texture": "#2"},
				"east": {"uv": [9.5, 1.5, 10, 2], "rotation": 180, "texture": "#2"},
				"south": {"uv": [9.5, 1.5, 10, 2], "rotation": 180, "texture": "#2"},
				"up": {"uv": [9.5, 1.5, 10, 2], "rotation": 180, "texture": "#2"},
				"down": {"uv": [9.5, 1.5, 10, 2], "rotation": 180, "texture": "#2"}
			}
		},
		{
			"name": "cube_outline",
			"from": [4.1, 2.1, 5.975],
			"to": [3.975, 0.9, 5.975],
			"rotation": {"angle": 0, "axis": "y", "origin": [-2, 0, 7.675]},
			"faces": {
				"north": {"uv": [9.5, 1.5, 10, 2], "rotation": 180, "texture": "#2"},
				"east": {"uv": [9.5, 1.5, 10, 2], "rotation": 180, "texture": "#2"},
				"south": {"uv": [9.5, 1.5, 10, 2], "rotation": 180, "texture": "#2"},
				"up": {"uv": [9.5, 1.5, 10, 2], "rotation": 180, "texture": "#2"},
				"down": {"uv": [9.5, 1.5, 10, 2], "rotation": 180, "texture": "#2"}
			}
		},
		{
			"name": "cube_outline",
			"from": [4.1, 0.9, 9.1],
			"to": [3.7, 0.9, 5.3],
			"rotation": {"angle": 0, "axis": "y", "origin": [2, -1.2, 7]},
			"faces": {
				"north": {"uv": [9.5, 1.5, 10, 2], "rotation": 180, "texture": "#2"},
				"east": {"uv": [9.5, 1.5, 10, 2], "rotation": 180, "texture": "#2"},
				"south": {"uv": [9.5, 1.5, 10, 2], "rotation": 180, "texture": "#2"},
				"west": {"uv": [9.5, 1.5, 10, 2], "rotation": 180, "texture": "#2"},
				"up": {"uv": [9.5, 1.5, 10, 2], "rotation": 180, "texture": "#2"}
			}
		},
		{
			"name": "cube_outline",
			"from": [4.1, 2.1, 9.1],
			"to": [3.7, 0.9, 9.1],
			"rotation": {"angle": 0, "axis": "y", "origin": [2, 0, 7]},
			"faces": {
				"north": {"uv": [9.5, 1.5, 10, 2], "rotation": 180, "texture": "#2"},
				"east": {"uv": [9.5, 1.5, 10, 2], "rotation": 180, "texture": "#2"},
				"west": {"uv": [9.5, 1.5, 10, 2], "rotation": 180, "texture": "#2"},
				"up": {"uv": [9.5, 1.5, 10, 2], "rotation": 180, "texture": "#2"},
				"down": {"uv": [9.5, 1.5, 10, 2], "rotation": 180, "texture": "#2"}
			}
		},
		{
			"name": "cube_outline",
			"from": [3.7, 2.1, 4.9],
			"to": [3.7, 0.9, 9.1],
			"rotation": {"angle": 0, "axis": "y", "origin": [2, 0, 7]},
			"faces": {
				"north": {"uv": [9.5, 1.5, 10, 2], "rotation": 180, "texture": "#2"},
				"south": {"uv": [9.5, 1.5, 10, 2], "rotation": 180, "texture": "#2"},
				"west": {"uv": [9.5, 1.5, 10, 2], "rotation": 180, "texture": "#2"},
				"up": {"uv": [9.5, 1.5, 10, 2], "rotation": 180, "texture": "#2"},
				"down": {"uv": [9.5, 1.5, 10, 2], "rotation": 180, "texture": "#2"}
			}
		},
		{
			"name": "cube_outline",
			"from": [8.125, 2.1, 5.3],
			"to": [3.7, 2.1, 4.9],
			"rotation": {"angle": 0, "axis": "y", "origin": [2.025, 0, 7]},
			"faces": {
				"north": {"uv": [9.5, 1.5, 10, 2], "rotation": 180, "texture": "#2"},
				"east": {"uv": [9.5, 1.5, 10, 2], "rotation": 180, "texture": "#2"},
				"south": {"uv": [9.5, 1.5, 10, 2], "rotation": 180, "texture": "#2"},
				"west": {"uv": [9.5, 1.5, 10, 2], "rotation": 180, "texture": "#2"},
				"down": {"uv": [9.5, 1.5, 10, 2], "rotation": 180, "texture": "#2"}
			}
		},
		{
			"name": "cube_outline",
			"from": [11.9, 7.1, 5.3],
			"to": [6.875, 5.9, 5.3],
			"rotation": {"angle": 0, "axis": "y", "origin": [12.975, 5, 7]},
			"faces": {
				"north": {"uv": [10, 1.5, 9.5, 2], "rotation": 180, "texture": "#2"},
				"east": {"uv": [10, 1.5, 9.5, 2], "rotation": 180, "texture": "#2"},
				"west": {"uv": [10, 1.5, 9.5, 2], "rotation": 180, "texture": "#2"},
				"up": {"uv": [10, 1.5, 9.5, 2], "rotation": 180, "texture": "#2"},
				"down": {"uv": [10, 1.5, 9.5, 2], "rotation": 180, "texture": "#2"}
			}
		},
		{
			"name": "cube_outline",
			"from": [6.875, 7.1, 5.3],
			"to": [6.875, 5.9, 4.9],
			"rotation": {"angle": 0, "axis": "y", "origin": [12.975, 5, 7]},
			"faces": {
				"north": {"uv": [10, 1.5, 9.5, 2], "rotation": 180, "texture": "#2"},
				"east": {"uv": [10, 1.5, 9.5, 2], "rotation": 180, "texture": "#2"},
				"south": {"uv": [10, 1.5, 9.5, 2], "rotation": 180, "texture": "#2"},
				"up": {"uv": [10, 1.5, 9.5, 2], "rotation": 180, "texture": "#2"},
				"down": {"uv": [10, 1.5, 9.5, 2], "rotation": 180, "texture": "#2"}
			}
		},
		{
			"name": "cube_outline",
			"from": [12.3, 5.9, 5.3],
			"to": [6.875, 5.9, 4.9],
			"rotation": {"angle": 0, "axis": "y", "origin": [12.975, 3.8, 7]},
			"faces": {
				"north": {"uv": [10, 1.5, 9.5, 2], "rotation": 180, "texture": "#2"},
				"east": {"uv": [10, 1.5, 9.5, 2], "rotation": 180, "texture": "#2"},
				"south": {"uv": [10, 1.5, 9.5, 2], "rotation": 180, "texture": "#2"},
				"west": {"uv": [10, 1.5, 9.5, 2], "rotation": 180, "texture": "#2"},
				"up": {"uv": [10, 1.5, 9.5, 2], "rotation": 180, "texture": "#2"}
			}
		},
		{
			"name": "cube_outline",
			"from": [12.3, 7.1, 4.9],
			"to": [7.875, 5.9, 4.9],
			"rotation": {"angle": 0, "axis": "y", "origin": [13.975, 5, 6.6]},
			"faces": {
				"east": {"uv": [10, 1.5, 9.5, 2], "rotation": 180, "texture": "#2"},
				"south": {"uv": [10, 1.5, 9.5, 2], "rotation": 180, "texture": "#2"},
				"west": {"uv": [10, 1.5, 9.5, 2], "rotation": 180, "texture": "#2"},
				"up": {"uv": [10, 1.5, 9.5, 2], "rotation": 180, "texture": "#2"},
				"down": {"uv": [10, 1.5, 9.5, 2], "rotation": 180, "texture": "#2"}
			}
		},
		{
			"name": "cube_outline",
			"from": [11.9, 7.1, 5.3],
			"to": [11.9, 5.9, 5.975],
			"rotation": {"angle": 0, "axis": "y", "origin": [18, 5, 7]},
			"faces": {
				"north": {"uv": [10, 1.5, 9.5, 2], "rotation": 180, "texture": "#2"},
				"south": {"uv": [10, 1.5, 9.5, 2], "rotation": 180, "texture": "#2"},
				"west": {"uv": [10, 1.5, 9.5, 2], "rotation": 180, "texture": "#2"},
				"up": {"uv": [10, 1.5, 9.5, 2], "rotation": 180, "texture": "#2"},
				"down": {"uv": [10, 1.5, 9.5, 2], "rotation": 180, "texture": "#2"}
			}
		},
		{
			"name": "cube_outline",
			"from": [12.025, 7.1, 5.975],
			"to": [12.025, 5.9, 9.1],
			"rotation": {"angle": 0, "axis": "y", "origin": [18.125, 5, 7.675]},
			"faces": {
				"north": {"uv": [10, 1.5, 9.5, 2], "rotation": 180, "texture": "#2"},
				"south": {"uv": [10, 1.5, 9.5, 2], "rotation": 180, "texture": "#2"},
				"west": {"uv": [10, 1.5, 9.5, 2], "rotation": 180, "texture": "#2"},
				"up": {"uv": [10, 1.5, 9.5, 2], "rotation": 180, "texture": "#2"},
				"down": {"uv": [10, 1.5, 9.5, 2], "rotation": 180, "texture": "#2"}
			}
		},
		{
			"name": "cube_outline",
			"from": [12.025, 7.1, 5.975],
			"to": [11.9, 5.9, 5.975],
			"rotation": {"angle": 0, "axis": "y", "origin": [18, 5, 7.675]},
			"faces": {
				"north": {"uv": [10, 1.5, 9.5, 2], "rotation": 180, "texture": "#2"},
				"south": {"uv": [10, 1.5, 9.5, 2], "rotation": 180, "texture": "#2"},
				"west": {"uv": [10, 1.5, 9.5, 2], "rotation": 180, "texture": "#2"},
				"up": {"uv": [10, 1.5, 9.5, 2], "rotation": 180, "texture": "#2"},
				"down": {"uv": [10, 1.5, 9.5, 2], "rotation": 180, "texture": "#2"}
			}
		},
		{
			"name": "cube_outline",
			"from": [12.3, 5.9, 9.1],
			"to": [11.9, 5.9, 5.3],
			"rotation": {"angle": 0, "axis": "y", "origin": [14, 3.8, 7]},
			"faces": {
				"north": {"uv": [10, 1.5, 9.5, 2], "rotation": 180, "texture": "#2"},
				"east": {"uv": [10, 1.5, 9.5, 2], "rotation": 180, "texture": "#2"},
				"south": {"uv": [10, 1.5, 9.5, 2], "rotation": 180, "texture": "#2"},
				"west": {"uv": [10, 1.5, 9.5, 2], "rotation": 180, "texture": "#2"},
				"up": {"uv": [10, 1.5, 9.5, 2], "rotation": 180, "texture": "#2"}
			}
		},
		{
			"name": "cube_outline",
			"from": [12.3, 7.1, 9.1],
			"to": [11.9, 5.9, 9.1],
			"rotation": {"angle": 0, "axis": "y", "origin": [14, 5, 7]},
			"faces": {
				"north": {"uv": [10, 1.5, 9.5, 2], "rotation": 180, "texture": "#2"},
				"east": {"uv": [10, 1.5, 9.5, 2], "rotation": 180, "texture": "#2"},
				"west": {"uv": [10, 1.5, 9.5, 2], "rotation": 180, "texture": "#2"},
				"up": {"uv": [10, 1.5, 9.5, 2], "rotation": 180, "texture": "#2"},
				"down": {"uv": [10, 1.5, 9.5, 2], "rotation": 180, "texture": "#2"}
			}
		},
		{
			"name": "cube_outline",
			"from": [12.3, 7.1, 4.9],
			"to": [12.3, 5.9, 9.1],
			"rotation": {"angle": 0, "axis": "y", "origin": [14, 5, 7]},
			"faces": {
				"north": {"uv": [10, 1.5, 9.5, 2], "rotation": 180, "texture": "#2"},
				"east": {"uv": [10, 1.5, 9.5, 2], "rotation": 180, "texture": "#2"},
				"south": {"uv": [10, 1.5, 9.5, 2], "rotation": 180, "texture": "#2"},
				"up": {"uv": [10, 1.5, 9.5, 2], "rotation": 180, "texture": "#2"},
				"down": {"uv": [10, 1.5, 9.5, 2], "rotation": 180, "texture": "#2"}
			}
		},
		{
			"name": "cube_outline",
			"from": [12.3, 7.1, 5.3],
			"to": [6.875, 7.1, 4.9],
			"rotation": {"angle": 0, "axis": "y", "origin": [13.975, 5, 7]},
			"faces": {
				"north": {"uv": [10, 1.5, 9.5, 2], "rotation": 180, "texture": "#2"},
				"east": {"uv": [10, 1.5, 9.5, 2], "rotation": 180, "texture": "#2"},
				"south": {"uv": [10, 1.5, 9.5, 2], "rotation": 180, "texture": "#2"},
				"west": {"uv": [10, 1.5, 9.5, 2], "rotation": 180, "texture": "#2"},
				"down": {"uv": [10, 1.5, 9.5, 2], "rotation": 180, "texture": "#2"}
			}
		},
		{
			"name": "cube_outline",
			"from": [11.9, 4.1, 5.3],
			"to": [8.875, 2.9, 5.3],
			"rotation": {"angle": 0, "axis": "y", "origin": [12.975, 2, 7]},
			"faces": {
				"north": {"uv": [10, 1.5, 9.5, 2], "rotation": 180, "texture": "#2"},
				"east": {"uv": [10, 1.5, 9.5, 2], "rotation": 180, "texture": "#2"},
				"west": {"uv": [10, 1.5, 9.5, 2], "rotation": 180, "texture": "#2"},
				"up": {"uv": [10, 1.5, 9.5, 2], "rotation": 180, "texture": "#2"},
				"down": {"uv": [10, 1.5, 9.5, 2], "rotation": 180, "texture": "#2"}
			}
		},
		{
			"name": "cube_outline",
			"from": [8.875, 4.1, 5.3],
			"to": [8.875, 2.9, 4.9],
			"rotation": {"angle": 0, "axis": "y", "origin": [14.975, 2, 7]},
			"faces": {
				"north": {"uv": [10, 1.5, 9.5, 2], "rotation": 180, "texture": "#2"},
				"east": {"uv": [10, 1.5, 9.5, 2], "rotation": 180, "texture": "#2"},
				"south": {"uv": [10, 1.5, 9.5, 2], "rotation": 180, "texture": "#2"},
				"up": {"uv": [10, 1.5, 9.5, 2], "rotation": 180, "texture": "#2"},
				"down": {"uv": [10, 1.5, 9.5, 2], "rotation": 180, "texture": "#2"}
			}
		},
		{
			"name": "cube_outline",
			"from": [12.3, 2.9, 5.3],
			"to": [8.875, 2.9, 4.9],
			"rotation": {"angle": 0, "axis": "y", "origin": [12.975, 0.8, 7]},
			"faces": {
				"north": {"uv": [10, 1.5, 9.5, 2], "rotation": 180, "texture": "#2"},
				"east": {"uv": [10, 1.5, 9.5, 2], "rotation": 180, "texture": "#2"},
				"south": {"uv": [10, 1.5, 9.5, 2], "rotation": 180, "texture": "#2"},
				"west": {"uv": [10, 1.5, 9.5, 2], "rotation": 180, "texture": "#2"},
				"up": {"uv": [10, 1.5, 9.5, 2], "rotation": 180, "texture": "#2"}
			}
		},
		{
			"name": "cube_outline",
			"from": [12.3, 4.1, 4.9],
			"to": [7.875, 2.9, 4.9],
			"rotation": {"angle": 0, "axis": "y", "origin": [13.975, 2, 6.6]},
			"faces": {
				"east": {"uv": [10, 1.5, 9.5, 2], "rotation": 180, "texture": "#2"},
				"south": {"uv": [10, 1.5, 9.5, 2], "rotation": 180, "texture": "#2"},
				"west": {"uv": [10, 1.5, 9.5, 2], "rotation": 180, "texture": "#2"},
				"up": {"uv": [10, 1.5, 9.5, 2], "rotation": 180, "texture": "#2"},
				"down": {"uv": [10, 1.5, 9.5, 2], "rotation": 180, "texture": "#2"}
			}
		},
		{
			"name": "cube_outline",
			"from": [11.9, 4.1, 5.3],
			"to": [11.9, 2.9, 5.975],
			"rotation": {"angle": 0, "axis": "y", "origin": [18, 2, 7]},
			"faces": {
				"north": {"uv": [10, 1.5, 9.5, 2], "rotation": 180, "texture": "#2"},
				"south": {"uv": [10, 1.5, 9.5, 2], "rotation": 180, "texture": "#2"},
				"west": {"uv": [10, 1.5, 9.5, 2], "rotation": 180, "texture": "#2"},
				"up": {"uv": [10, 1.5, 9.5, 2], "rotation": 180, "texture": "#2"},
				"down": {"uv": [10, 1.5, 9.5, 2], "rotation": 180, "texture": "#2"}
			}
		},
		{
			"name": "cube_outline",
			"from": [12.025, 4.1, 5.975],
			"to": [12.025, 2.9, 9.1],
			"rotation": {"angle": 0, "axis": "y", "origin": [18.125, 2, 7.675]},
			"faces": {
				"north": {"uv": [10, 1.5, 9.5, 2], "rotation": 180, "texture": "#2"},
				"south": {"uv": [10, 1.5, 9.5, 2], "rotation": 180, "texture": "#2"},
				"west": {"uv": [10, 1.5, 9.5, 2], "rotation": 180, "texture": "#2"},
				"up": {"uv": [10, 1.5, 9.5, 2], "rotation": 180, "texture": "#2"},
				"down": {"uv": [10, 1.5, 9.5, 2], "rotation": 180, "texture": "#2"}
			}
		},
		{
			"name": "cube_outline",
			"from": [12.025, 4.1, 5.975],
			"to": [11.9, 2.9, 5.975],
			"rotation": {"angle": 0, "axis": "y", "origin": [18, 2, 7.675]},
			"faces": {
				"north": {"uv": [10, 1.5, 9.5, 2], "rotation": 180, "texture": "#2"},
				"south": {"uv": [10, 1.5, 9.5, 2], "rotation": 180, "texture": "#2"},
				"west": {"uv": [10, 1.5, 9.5, 2], "rotation": 180, "texture": "#2"},
				"up": {"uv": [10, 1.5, 9.5, 2], "rotation": 180, "texture": "#2"},
				"down": {"uv": [10, 1.5, 9.5, 2], "rotation": 180, "texture": "#2"}
			}
		},
		{
			"name": "cube_outline",
			"from": [12.3, 2.9, 9.1],
			"to": [11.9, 2.9, 5.3],
			"rotation": {"angle": 0, "axis": "y", "origin": [14, 0.8, 7]},
			"faces": {
				"north": {"uv": [10, 1.5, 9.5, 2], "rotation": 180, "texture": "#2"},
				"east": {"uv": [10, 1.5, 9.5, 2], "rotation": 180, "texture": "#2"},
				"south": {"uv": [10, 1.5, 9.5, 2], "rotation": 180, "texture": "#2"},
				"west": {"uv": [10, 1.5, 9.5, 2], "rotation": 180, "texture": "#2"},
				"up": {"uv": [10, 1.5, 9.5, 2], "rotation": 180, "texture": "#2"}
			}
		},
		{
			"name": "cube_outline",
			"from": [12.3, 4.1, 9.1],
			"to": [11.9, 2.9, 9.1],
			"rotation": {"angle": 0, "axis": "y", "origin": [14, 2, 7]},
			"faces": {
				"north": {"uv": [10, 1.5, 9.5, 2], "rotation": 180, "texture": "#2"},
				"east": {"uv": [10, 1.5, 9.5, 2], "rotation": 180, "texture": "#2"},
				"west": {"uv": [10, 1.5, 9.5, 2], "rotation": 180, "texture": "#2"},
				"up": {"uv": [10, 1.5, 9.5, 2], "rotation": 180, "texture": "#2"},
				"down": {"uv": [10, 1.5, 9.5, 2], "rotation": 180, "texture": "#2"}
			}
		},
		{
			"name": "cube_outline",
			"from": [12.3, 4.1, 4.9],
			"to": [12.3, 2.9, 9.1],
			"rotation": {"angle": 0, "axis": "y", "origin": [14, 2, 7]},
			"faces": {
				"north": {"uv": [10, 1.5, 9.5, 2], "rotation": 180, "texture": "#2"},
				"east": {"uv": [10, 1.5, 9.5, 2], "rotation": 180, "texture": "#2"},
				"south": {"uv": [10, 1.5, 9.5, 2], "rotation": 180, "texture": "#2"},
				"up": {"uv": [10, 1.5, 9.5, 2], "rotation": 180, "texture": "#2"},
				"down": {"uv": [10, 1.5, 9.5, 2], "rotation": 180, "texture": "#2"}
			}
		},
		{
			"name": "cube_outline",
			"from": [12.3, 4.1, 5.3],
			"to": [8.875, 4.1, 4.9],
			"rotation": {"angle": 0, "axis": "y", "origin": [13.975, 2, 7]},
			"faces": {
				"north": {"uv": [10, 1.5, 9.5, 2], "rotation": 180, "texture": "#2"},
				"east": {"uv": [10, 1.5, 9.5, 2], "rotation": 180, "texture": "#2"},
				"south": {"uv": [10, 1.5, 9.5, 2], "rotation": 180, "texture": "#2"},
				"west": {"uv": [10, 1.5, 9.5, 2], "rotation": 180, "texture": "#2"},
				"down": {"uv": [10, 1.5, 9.5, 2], "rotation": 180, "texture": "#2"}
			}
		},
		{
			"name": "cube_outline",
			"from": [4.1, 9.1, 9.1],
			"to": [3.7, 9.1, 5.3],
			"rotation": {"angle": 0, "axis": "y", "origin": [2, 7, 7]},
			"faces": {
				"north": {"uv": [9.5, 1.5, 10, 2], "rotation": 180, "texture": "#2"},
				"east": {"uv": [9.5, 1.5, 10, 2], "rotation": 180, "texture": "#2"},
				"south": {"uv": [9.5, 1.5, 10, 2], "rotation": 180, "texture": "#2"},
				"west": {"uv": [9.5, 1.5, 10, 2], "rotation": 180, "texture": "#2"},
				"down": {"uv": [9.5, 1.5, 10, 2], "rotation": 180, "texture": "#2"}
			}
		},
		{
			"name": "cube_outline",
			"from": [4.1, 5.1, 9.1],
			"to": [3.7, 5.1, 5.3],
			"rotation": {"angle": 0, "axis": "y", "origin": [2, 3, 7]},
			"faces": {
				"north": {"uv": [9.5, 1.5, 10, 2], "rotation": 180, "texture": "#2"},
				"east": {"uv": [9.5, 1.5, 10, 2], "rotation": 180, "texture": "#2"},
				"south": {"uv": [9.5, 1.5, 10, 2], "rotation": 180, "texture": "#2"},
				"west": {"uv": [9.5, 1.5, 10, 2], "rotation": 180, "texture": "#2"},
				"down": {"uv": [9.5, 1.5, 10, 2], "rotation": 180, "texture": "#2"}
			}
		},
		{
			"name": "cube_outline",
			"from": [4.1, 2.1, 9.1],
			"to": [3.7, 2.1, 5.3],
			"rotation": {"angle": 0, "axis": "y", "origin": [2, 0, 7]},
			"faces": {
				"north": {"uv": [9.5, 1.5, 10, 2], "rotation": 180, "texture": "#2"},
				"east": {"uv": [9.5, 1.5, 10, 2], "rotation": 180, "texture": "#2"},
				"south": {"uv": [9.5, 1.5, 10, 2], "rotation": 180, "texture": "#2"},
				"west": {"uv": [9.5, 1.5, 10, 2], "rotation": 180, "texture": "#2"},
				"down": {"uv": [9.5, 1.5, 10, 2], "rotation": 180, "texture": "#2"}
			}
		},
		{
			"name": "cube_outline",
			"from": [12.3, 4.1, 9.1],
			"to": [11.9, 4.1, 5.3],
			"rotation": {"angle": 0, "axis": "y", "origin": [14, 2, 7]},
			"faces": {
				"north": {"uv": [10, 1.5, 9.5, 2], "rotation": 180, "texture": "#2"},
				"east": {"uv": [10, 1.5, 9.5, 2], "rotation": 180, "texture": "#2"},
				"south": {"uv": [10, 1.5, 9.5, 2], "rotation": 180, "texture": "#2"},
				"west": {"uv": [10, 1.5, 9.5, 2], "rotation": 180, "texture": "#2"},
				"down": {"uv": [10, 1.5, 9.5, 2], "rotation": 180, "texture": "#2"}
			}
		},
		{
			"name": "cube_outline",
			"from": [12.3, 7.1, 9.1],
			"to": [11.9, 7.1, 5.3],
			"rotation": {"angle": 0, "axis": "y", "origin": [14, 5, 7]},
			"faces": {
				"north": {"uv": [10, 1.5, 9.5, 2], "rotation": 180, "texture": "#2"},
				"east": {"uv": [10, 1.5, 9.5, 2], "rotation": 180, "texture": "#2"},
				"south": {"uv": [10, 1.5, 9.5, 2], "rotation": 180, "texture": "#2"},
				"west": {"uv": [10, 1.5, 9.5, 2], "rotation": 180, "texture": "#2"},
				"down": {"uv": [10, 1.5, 9.5, 2], "rotation": 180, "texture": "#2"}
			}
		}
	],
	"display": {
		"thirdperson_righthand": {
			"rotation": [156, 85, -162.5],
			"translation": [0, -0.25, -2.5],
			"scale": [0.64102, 0.64102, 0.64102]
		},
		"thirdperson_lefthand": {
			"rotation": [156, 85, -162.5],
			"translation": [0, -0.25, -2.5],
			"scale": [0.64102, 0.64102, 0.64102]
		},
		"firstperson_righthand": {
			"rotation": [137.89, 66.36, -141.16],
			"translation": [-0.25, 5.5, 1.5],
			"scale": [0.51953, 0.51953, 0.51953]
		},
		"firstperson_lefthand": {
			"rotation": [137.89, 66.36, -141.16],
			"translation": [-0.25, 5.5, 1.5],
			"scale": [0.51953, 0.51953, 0.51953]
		},
		"head": {
			"translation": [0, 2.75, -8.5]
		},
		"fixed": {
			"translation": [0, 2.5, -1]
		}
	},
	"groups": [
		0,
		1,
		{
			"name": "ribs",
			"origin": [2.025, 0, 7],
			"color": 0,
			"children": [
				{
					"name": "right_ribs",
					"origin": [2.025, 0, 7],
					"color": 0,
					"children": [2, 3, 4, 5, 6, 7]
				},
				{
					"name": "left_ribs",
					"origin": [13.975, 5, 7],
					"color": 0,
					"children": [8, 9, 10, 11]
				},
				{
					"name": "outline",
					"origin": [2, 0, 7],
					"color": 0,
					"children": [
						{
							"name": "cube_outline",
							"origin": [2.025, 7, 7],
							"color": 0,
							"children": [
								12,
								13,
								14,
								15,
								16,
								17,
								18,
								19,
								20,
								21,
								22,
								{
									"name": "cube_outline",
									"origin": [2.025, 7, 7],
									"color": 0,
									"children": [
										23,
										24,
										25,
										26,
										27,
										28,
										29,
										30,
										31,
										32,
										33,
										{
											"name": "cube_outline",
											"origin": [2.025, 7, 7],
											"color": 0,
											"children": [
												34,
												35,
												36,
												37,
												38,
												39,
												40,
												41,
												42,
												43,
												44,
												{
													"name": "cube_outline",
													"origin": [2.025, 7, 7],
													"color": 0,
													"children": [
														45,
														46,
														47,
														48,
														49,
														50,
														51,
														52,
														53,
														54,
														55,
														{
															"name": "cube_outline",
															"origin": [2.025, 7, 7],
															"color": 0,
															"children": [56, 57, 58, 59, 60, 61, 62, 63, 64, 65, 66]
														}
													]
												}
											]
										}
									]
								}
							]
						},
						67,
						68,
						69,
						70,
						71
					]
				}
			]
		}
	]
}