{
  "parent": "minecraft:item/generated",
  "textures": {
    "layer0": "minecraft:item/spire_armor_trim_smithing_template"
  },
  "overrides": [
    {
      "predicate": {
        "pommel:is_held": 1.0
      },
      "model": "minecraft:item/spire_armor_trim_smithing_template3d"
    },
    {
      "predicate": {
        "pommel:is_fixed": 1.0
      },
      "model": "minecraft:item/spire_armor_trim_smithing_template3d"
    },
    {
      "predicate": {
        "pommel:is_head": 1.0
      },
      "model": "minecraft:item/spire_armor_trim_smithing_template3d"
    }
  ]
}