{
	"format_version": "1.21.11",
	"credit": "Made with Blockbench",
	"textures": {
		"1": "item/armadillo_scute_hand"
	},
	"elements": [
		{
			"from": [5.5, 0, 5],
			"to": [10.5, 2, 11],
			"rotation": {"x": 0, "y": 0, "z": 0, "origin": [10.5, 0, 11]},
			"faces": {
				"north": {"uv": [0, 8, 5, 10], "texture": "#1"},
				"east": {"uv": [5, 6, 7, 0], "rotation": 90, "texture": "#1"},
				"south": {"uv": [0, 6, 5, 8], "texture": "#1"},
				"west": {"uv": [5, 0, 7, 6], "rotation": 90, "texture": "#1"},
				"up": {"uv": [0, 0, 5, 6], "texture": "#1"},
				"down": {"uv": [7, 6, 12, 0], "texture": "#1"}
			}
		},
		{
			"name": "cube_outline",
			"from": [10.6, 2.1, 11.1],
			"to": [5.4, -0.1, 4.9],
			"rotation": {"x": 0, "y": 0, "z": 0, "origin": [10.5, 0, 11]},
			"faces": {
				"north": {"uv": [5, 6, 8, 8], "rotation": 180, "texture": "#1"},
				"east": {"uv": [5, 6, 7, 9], "rotation": 180, "texture": "#1"},
				"south": {"uv": [5, 7, 8, 9], "rotation": 180, "texture": "#1"},
				"west": {"uv": [5, 9, 7, 6], "rotation": 180, "texture": "#1"},
				"up": {"uv": [5, 9, 8, 6], "rotation": 180, "texture": "#1"},
				"down": {"uv": [5, 6, 8, 9], "rotation": 180, "texture": "#1"}
			}
		}
	],
	"display": {
		"thirdperson_righthand": {
			"translation": [0, 4.5, 1.75],
			"scale": [0.56, 0.56, 0.56]
		},
		"thirdperson_lefthand": {
			"translation": [0, 4.5, 1.75],
			"scale": [0.56, 0.56, 0.56]
		},
		"firstperson_righthand": {
			"rotation": [0, -70, 0],
			"translation": [0, 6.25, 1.75],
			"scale": [0.5, 0.61, 0.63]
		},
		"firstperson_lefthand": {
			"rotation": [0, -70, 0],
			"translation": [0, 6.25, 1.75],
			"scale": [0.5, 0.61, 0.63]
		}
	}
}