{
	"format_version": "1.21.6",
	"credit": "Made with Blockbench",
	"textures": {
		"0": "item/armor_stand_hand",
		"particle": "item/armor_stand_hand"
	},
	"elements": [
		{
			"from": [3, 0, 3],
			"to": [13, 1, 13],
			"rotation": {"angle": 0, "axis": "y", "origin": [2, 0, 2]},
			"faces": {
				"north": {"uv": [6, 6, 16, 7], "texture": "#0"},
				"east": {"uv": [6, 6, 16, 7], "texture": "#0"},
				"south": {"uv": [6, 6, 16, 7], "texture": "#0"},
				"west": {"uv": [6, 6, 16, 7], "texture": "#0"},
				"up": {"uv": [6, 6, 16, 16], "texture": "#0"},
				"down": {"uv": [6, 6, 16, 16], "texture": "#0"}
			}
		},
		{
			"from": [5, 1, 7],
			"to": [7, 8, 9],
			"rotation": {"angle": 0, "axis": "y", "origin": [5, 1, 7]},
			"faces": {
				"north": {"uv": [0, 0, 2, 7], "texture": "#0"},
				"east": {"uv": [2, 0, 0, 7], "texture": "#0"},
				"south": {"uv": [0, 0, 2, 7], "texture": "#0"},
				"west": {"uv": [2, 0, 0, 7], "texture": "#0"},
				"up": {"uv": [2, 2, 0, 0], "texture": "#0"},
				"down": {"uv": [2, 5, 0, 7], "texture": "#0"}
			}
		},
		{
			"from": [5, 10, 7],
			"to": [7, 17, 9],
			"rotation": {"angle": 0, "axis": "y", "origin": [5, 10, 7]},
			"faces": {
				"north": {"uv": [0, 7, 2, 14], "texture": "#0"},
				"east": {"uv": [2, 7, 0, 14], "texture": "#0"},
				"south": {"uv": [0, 7, 2, 14], "texture": "#0"},
				"west": {"uv": [2, 7, 0, 14], "texture": "#0"},
				"up": {"uv": [2, 9, 0, 7], "texture": "#0"},
				"down": {"uv": [2, 12, 0, 14], "texture": "#0"}
			}
		},
		{
			"from": [9, 10, 7],
			"to": [11, 17, 9],
			"rotation": {"angle": 0, "axis": "y", "origin": [11, 10, 7]},
			"faces": {
				"north": {"uv": [2, 7, 0, 14], "texture": "#0"},
				"east": {"uv": [0, 7, 2, 14], "texture": "#0"},
				"south": {"uv": [2, 7, 0, 14], "texture": "#0"},
				"west": {"uv": [0, 7, 2, 14], "texture": "#0"},
				"up": {"uv": [0, 9, 2, 7], "texture": "#0"},
				"down": {"uv": [0, 12, 2, 14], "texture": "#0"}
			}
		},
		{
			"from": [7, 20, 7],
			"to": [9, 23, 9],
			"rotation": {"angle": 0, "axis": "y", "origin": [7, 20, 7]},
			"faces": {
				"north": {"uv": [0, 4, 2, 7], "texture": "#0"},
				"east": {"uv": [2, 4, 0, 7], "texture": "#0"},
				"south": {"uv": [0, 4, 2, 7], "texture": "#0"},
				"west": {"uv": [2, 4, 0, 7], "texture": "#0"},
				"up": {"uv": [2, 2, 0, 0], "texture": "#0"},
				"down": {"uv": [2, 5, 0, 7], "texture": "#0"}
			}
		},
		{
			"from": [9, 1, 7],
			"to": [11, 8, 9],
			"rotation": {"angle": 0, "axis": "y", "origin": [11, 1, 7]},
			"faces": {
				"north": {"uv": [2, 0, 0, 7], "texture": "#0"},
				"east": {"uv": [0, 0, 2, 7], "texture": "#0"},
				"south": {"uv": [2, 0, 0, 7], "texture": "#0"},
				"west": {"uv": [0, 0, 2, 7], "texture": "#0"},
				"up": {"uv": [0, 2, 2, 0], "texture": "#0"},
				"down": {"uv": [0, 5, 2, 7], "texture": "#0"}
			}
		},
		{
			"from": [4, 8, 7],
			"to": [12, 10, 9],
			"rotation": {"angle": 0, "axis": "y", "origin": [5, 8, 7]},
			"faces": {
				"north": {"uv": [2, 0, 4, 8], "rotation": 90, "texture": "#0"},
				"east": {"uv": [2, 1, 0, 2], "rotation": 90, "texture": "#0"},
				"south": {"uv": [2, 0, 4, 8], "rotation": 90, "texture": "#0"},
				"west": {"uv": [2, 1, 0, 2], "rotation": 90, "texture": "#0"},
				"up": {"uv": [2, 0, 3, 8], "rotation": 90, "texture": "#0"},
				"down": {"uv": [3, 0, 4, 8], "rotation": 90, "texture": "#0"}
			}
		},
		{
			"from": [4, 17, 7],
			"to": [12, 20, 9],
			"rotation": {"angle": 0, "axis": "y", "origin": [5, 17, 7]},
			"faces": {
				"north": {"uv": [2, 0, 5, 8], "rotation": 90, "texture": "#0"},
				"east": {"uv": [1.5, 1, 0, 2], "rotation": 90, "texture": "#0"},
				"south": {"uv": [2, 0, 5, 8], "rotation": 90, "texture": "#0"},
				"west": {"uv": [1.5, 1, 0, 2], "rotation": 90, "texture": "#0"},
				"up": {"uv": [2, 0, 3, 8], "rotation": 90, "texture": "#0"},
				"down": {"uv": [3, 0, 4, 8], "rotation": 90, "texture": "#0"}
			}
		},
		{
			"from": [3, 17, 7],
			"to": [4, 20, 9],
			"rotation": {"angle": 0, "axis": "y", "origin": [2, 17, 7]},
			"faces": {
				"north": {"uv": [2, 0, 5, 1], "rotation": 90, "texture": "#0"},
				"east": {"uv": [0, 0, 2, 3], "texture": "#0"},
				"south": {"uv": [2, 0, 5, 1], "rotation": 90, "texture": "#0"},
				"west": {"uv": [2, 0, 5, 1], "rotation": 90, "texture": "#0"},
				"up": {"uv": [1, 1, 2, 2], "texture": "#0"},
				"down": {"uv": [4, 0, 5, 1], "texture": "#0"}
			}
		},
		{
			"from": [12, 17, 7],
			"to": [13, 20, 9],
			"rotation": {"angle": 0, "axis": "y", "origin": [14, 17, 7]},
			"faces": {
				"north": {"uv": [2, 1, 5, 0], "rotation": 90, "texture": "#0"},
				"east": {"uv": [2, 1, 5, 0], "rotation": 90, "texture": "#0"},
				"south": {"uv": [2, 1, 5, 0], "rotation": 90, "texture": "#0"},
				"west": {"uv": [2, 0, 0, 3], "texture": "#0"},
				"up": {"uv": [2, 1, 1, 2], "texture": "#0"},
				"down": {"uv": [5, 0, 4, 1], "texture": "#0"}
			}
		}
	],
	"display": {
		"thirdperson_righthand": {
			"translation": [0, 3.5, 2],
			"scale": [0.43, 0.43, 0.43]
		},
		"thirdperson_lefthand": {
			"translation": [0, 3.5, 2],
			"scale": [0.43, 0.43, 0.43]
		},
		"firstperson_righthand": {
			"rotation": [0.73, 114, -0.13],
			"translation": [-2.75, 5, 4.5],
			"scale": [0.25, 0.25, 0.25]
		},
		"firstperson_lefthand": {
			"rotation": [0.73, 114, -0.13],
			"translation": [-2.75, 5, 4.5],
			"scale": [0.25, 0.25, 0.25]
		}
	}
}