{
	"format_version": "1.21.6",
	"credit": "Made with Blockbench",
	"texture_size": [32, 32],
	"textures": {
		"1": "item/axolotl_blue",
		"3": "item/bucket_hand",
		"particle": "item/axolotl_blue"
	},
	"elements": [
		{
			"name": "head",
			"from": [2.18575, 12.66055, 4.04804],
			"to": [7.08425, 17.55905, 12.08564],
			"rotation": {"angle": 2.5, "axis": "z", "origin": [5.36978, 17.0692, 8.04184]},
			"faces": {
				"north": {"uv": [6.9375, 0.1875, 7.09375, 0.34375], "texture": "#1"},
				"east": {"uv": [7.5, 0.1875, 7.75, 0.34375], "texture": "#1"},
				"south": {"uv": [7.34375, 0.1875, 7.5, 0.34375], "texture": "#1"},
				"west": {"uv": [7.09375, 0.1875, 7.34375, 0.34375], "texture": "#1"},
				"up": {"uv": [7.34375, 0.03125, 7.09375, 0.1875], "rotation": 90, "texture": "#1"},
				"down": {"uv": [7.59375, 0.03125, 7.34375, 0.1875], "rotation": 90, "texture": "#1"}
			}
		},
		{
			"name": "body",
			"from": [3.26854, 5.31862, 8.06214],
			"to": [8.36854, 13.31862, 8.06214],
			"rotation": {"angle": 22.5, "axis": "z", "origin": [6.0203, 13.8643, 8.04184]},
			"faces": {
				"north": {"uv": [7, 0.96875, 7.28125, 0.8125], "rotation": 90, "texture": "#1"},
				"east": {"uv": [6.9375, 0, 6.9375, 0.5], "texture": "#1"},
				"south": {"uv": [7, 0.8125, 7.28125, 0.96875], "rotation": 90, "texture": "#1"},
				"west": {"uv": [6.9375, 0, 6.9375, 0.5], "texture": "#1"},
				"up": {"uv": [7.25, 0.03125, 6.9375, 0.03125], "texture": "#1"},
				"down": {"uv": [6.9375, 0.03125, 7.25, 0.03125], "texture": "#1"}
			}
		},
		{
			"name": "body",
			"from": [3.16854, 3.32134, 4.06214],
			"to": [7.16854, 13.32134, 12.06214],
			"rotation": {"angle": 22.5, "axis": "z", "origin": [5.0203, 13.8643, 8.04184]},
			"faces": {
				"north": {"uv": [7.25, 0.78125, 6.9375, 0.65625], "rotation": 90, "texture": "#1"},
				"east": {"uv": [7.25, 0.34375, 7.5, 0.65625], "texture": "#1"},
				"south": {"uv": [7.5, 0.65625, 7.8125, 0.78125], "rotation": 90, "texture": "#1"},
				"west": {"uv": [7.5, 0.65625, 7.75, 0.34375], "texture": "#1"},
				"up": {"uv": [7.5, 0.65625, 7.25, 0.78125], "rotation": 90, "texture": "#1"},
				"down": {"uv": [7.78125, 0.9375, 7.53125, 1.4375], "texture": "#1"}
			}
		},
		{
			"name": "right_arm",
			"from": [6.85649, 5.16379, 3.06214],
			"to": [6.85649, 10.16379, 6.06214],
			"rotation": {"angle": -45, "axis": "z", "origin": [9.0203, 13.9643, 5.74184]},
			"faces": {
				"north": {"uv": [6.9375, 0, 6.9375, 0.3125], "texture": "#1"},
				"east": {"uv": [7, 0.40625, 7.09375, 0.5625], "texture": "#1"},
				"south": {"uv": [6.9375, 0, 6.9375, 0.3125], "texture": "#1"},
				"west": {"uv": [7, 0.40625, 7.09375, 0.5625], "texture": "#1"},
				"up": {"uv": [6.9375, 0.1875, 6.9375, 0], "texture": "#1"},
				"down": {"uv": [6.9375, 0, 6.9375, 0.1875], "texture": "#1"}
			}
		},
		{
			"name": "left_arm",
			"from": [6.85649, 5.16379, 10.06214],
			"to": [6.85649, 10.16379, 13.06214],
			"rotation": {"angle": -45, "axis": "z", "origin": [9.0203, 13.9643, 5.74184]},
			"faces": {
				"north": {"uv": [6.9375, 0, 6.9375, 0.3125], "texture": "#1"},
				"east": {"uv": [7.09375, 0.40625, 7.1875, 0.5625], "texture": "#1"},
				"south": {"uv": [6.9375, 0, 6.9375, 0.3125], "texture": "#1"},
				"west": {"uv": [7.09375, 0.40625, 7.1875, 0.5625], "texture": "#1"},
				"up": {"uv": [6.9375, 0, 6.9375, 0.1875], "texture": "#1"},
				"down": {"uv": [6.9375, 0, 6.9375, 0.1875], "texture": "#1"}
			}
		},
		{
			"name": "left_gills",
			"from": [6.10455, 12.66055, 11.96064],
			"to": [6.10455, 19.51845, 14.89974],
			"rotation": {"angle": 2.5, "axis": "z", "origin": [5.36978, 17.0692, 8.04184]},
			"faces": {
				"north": {"uv": [6.9375, 0, 6.9375, 0.4375], "texture": "#1"},
				"east": {"uv": [7.375, 1.25, 7.28125, 1.46875], "texture": "#1"},
				"south": {"uv": [6.9375, 0, 6.9375, 0.4375], "texture": "#1"},
				"west": {"uv": [7.28125, 1.25, 7.375, 1.46875], "texture": "#1"},
				"up": {"uv": [6.9375, 0, 6.9375, 0.1875], "texture": "#1"},
				"down": {"uv": [6.9375, 0, 6.9375, 0.1875], "texture": "#1"}
			}
		},
		{
			"name": "right_gills",
			"from": [6.10455, 12.66055, 1.18394],
			"to": [6.10455, 19.51845, 4.12304],
			"rotation": {"angle": 2.5, "axis": "z", "origin": [5.36978, 17.0692, 8.04184]},
			"faces": {
				"north": {"uv": [6.9375, 0, 6.9375, 0.4375], "texture": "#1"},
				"east": {"uv": [7.03125, 1.25, 6.9375, 1.46875], "texture": "#1"},
				"south": {"uv": [6.9375, 0, 6.9375, 0.4375], "texture": "#1"},
				"west": {"uv": [6.9375, 1.25, 7.03125, 1.46875], "texture": "#1"},
				"up": {"uv": [6.9375, 0, 6.9375, 0.1875], "texture": "#1"},
				"down": {"uv": [6.9375, 0, 6.9375, 0.1875], "texture": "#1"}
			}
		},
		{
			"name": "top_gills",
			"from": [6.10455, 17.55905, 4.12304],
			"to": [6.10455, 20.49815, 11.96064],
			"rotation": {"angle": 2.5, "axis": "z", "origin": [5.36978, 17.0692, 8.04184]},
			"faces": {
				"north": {"uv": [6.9375, 0, 6.9375, 0.1875], "texture": "#1"},
				"east": {"uv": [7.03125, 1.15625, 7.28125, 1.25], "texture": "#1"},
				"south": {"uv": [6.9375, 0, 6.9375, 0.1875], "texture": "#1"},
				"west": {"uv": [7.03125, 1.15625, 7.28125, 1.25], "texture": "#1"},
				"up": {"uv": [6.9375, 0, 6.9375, 0.5], "texture": "#1"},
				"down": {"uv": [6.9375, 0, 6.9375, 0.5], "texture": "#1"}
			}
		},
		{
			"name": "head",
			"from": [2.18575, 12.66055, 4.04804],
			"to": [7.08425, 17.55905, 12.08564],
			"rotation": {"angle": 5, "axis": "z", "origin": [5.36978, 17.0692, 8.04184]},
			"faces": {
				"north": {"uv": [5.78125, 0.1875, 5.9375, 0.34375], "texture": "#1"},
				"east": {"uv": [6.34375, 0.1875, 6.59375, 0.34375], "texture": "#1"},
				"south": {"uv": [6.1875, 0.1875, 6.34375, 0.34375], "texture": "#1"},
				"west": {"uv": [5.9375, 0.1875, 6.1875, 0.34375], "texture": "#1"},
				"up": {"uv": [6.1875, 0.03125, 5.9375, 0.1875], "rotation": 90, "texture": "#1"},
				"down": {"uv": [6.4375, 0.03125, 6.1875, 0.1875], "rotation": 90, "texture": "#1"}
			}
		},
		{
			"name": "body",
			"from": [3.26854, 5.31862, 8.06214],
			"to": [8.36854, 13.31862, 8.06214],
			"rotation": {"angle": 22.5, "axis": "z", "origin": [6.0203, 13.8643, 8.04184]},
			"faces": {
				"north": {"uv": [5.84375, 0.96875, 6.125, 0.8125], "rotation": 90, "texture": "#1"},
				"east": {"uv": [5.78125, 0, 5.78125, 0.5], "texture": "#1"},
				"south": {"uv": [5.84375, 0.8125, 6.125, 0.96875], "rotation": 90, "texture": "#1"},
				"west": {"uv": [5.78125, 0, 5.78125, 0.5], "texture": "#1"},
				"up": {"uv": [6.09375, 0.03125, 5.78125, 0.03125], "texture": "#1"},
				"down": {"uv": [5.78125, 0.03125, 6.09375, 0.03125], "texture": "#1"}
			}
		},
		{
			"name": "body",
			"from": [3.16854, 3.32134, 4.06214],
			"to": [7.16854, 13.32134, 12.06214],
			"rotation": {"angle": 22.5, "axis": "z", "origin": [5.0203, 13.8643, 8.04184]},
			"faces": {
				"north": {"uv": [6.09375, 0.78125, 5.78125, 0.65625], "rotation": 90, "texture": "#1"},
				"east": {"uv": [6.09375, 0.34375, 6.34375, 0.65625], "texture": "#1"},
				"south": {"uv": [6.34375, 0.65625, 6.65625, 0.78125], "rotation": 90, "texture": "#1"},
				"west": {"uv": [6.34375, 0.65625, 6.59375, 0.34375], "texture": "#1"},
				"up": {"uv": [6.34375, 0.65625, 6.09375, 0.78125], "rotation": 90, "texture": "#1"},
				"down": {"uv": [6.625, 0.9375, 6.375, 1.4375], "texture": "#1"}
			}
		},
		{
			"name": "right_arm",
			"from": [0.53512, 11.03921, 3.06214],
			"to": [5.53512, 11.03921, 6.06214],
			"rotation": {"angle": 40, "axis": "z", "origin": [3.03512, 11.03921, 8.06214]},
			"faces": {
				"north": {"uv": [5.78125, 0, 5.78125, 0.3125], "rotation": 270, "texture": "#1"},
				"east": {"uv": [5.78125, 0.1875, 5.78125, 0], "rotation": 90, "texture": "#1"},
				"south": {"uv": [5.78125, 0, 5.78125, 0.3125], "rotation": 90, "texture": "#1"},
				"west": {"uv": [5.78125, 0, 5.78125, 0.1875], "rotation": 90, "texture": "#1"},
				"up": {"uv": [5.84375, 0.40625, 5.9375, 0.5625], "rotation": 90, "texture": "#1"},
				"down": {"uv": [5.84375, 0.40625, 5.9375, 0.5625], "rotation": 90, "texture": "#1"}
			}
		},
		{
			"name": "left_arm",
			"from": [0.53512, 11.03921, 10.06214],
			"to": [5.53512, 11.03921, 13.06214],
			"rotation": {"angle": 40, "axis": "z", "origin": [3.03512, 11.03921, 8.06214]},
			"faces": {
				"north": {"uv": [5.78125, 0, 5.78125, 0.3125], "rotation": 270, "texture": "#1"},
				"east": {"uv": [5.78125, 0, 5.78125, 0.1875], "rotation": 90, "texture": "#1"},
				"south": {"uv": [5.78125, 0, 5.78125, 0.3125], "rotation": 90, "texture": "#1"},
				"west": {"uv": [5.78125, 0, 5.78125, 0.1875], "rotation": 90, "texture": "#1"},
				"up": {"uv": [5.9375, 0.40625, 6.03125, 0.5625], "rotation": 90, "texture": "#1"},
				"down": {"uv": [5.9375, 0.40625, 6.03125, 0.5625], "rotation": 90, "texture": "#1"}
			}
		},
		{
			"name": "left_gills",
			"from": [6.10455, 12.66055, 11.96064],
			"to": [6.10455, 19.51845, 14.89974],
			"rotation": {"angle": 5, "axis": "z", "origin": [5.36978, 17.0692, 8.04184]},
			"faces": {
				"north": {"uv": [5.78125, 0, 5.78125, 0.4375], "texture": "#1"},
				"east": {"uv": [6.21875, 1.25, 6.125, 1.46875], "texture": "#1"},
				"south": {"uv": [5.78125, 0, 5.78125, 0.4375], "texture": "#1"},
				"west": {"uv": [6.125, 1.25, 6.21875, 1.46875], "texture": "#1"},
				"up": {"uv": [5.78125, 0, 5.78125, 0.1875], "texture": "#1"},
				"down": {"uv": [5.78125, 0, 5.78125, 0.1875], "texture": "#1"}
			}
		},
		{
			"name": "right_gills",
			"from": [6.10455, 12.66055, 1.18394],
			"to": [6.10455, 19.51845, 4.12304],
			"rotation": {"angle": 5, "axis": "z", "origin": [5.36978, 17.0692, 8.04184]},
			"faces": {
				"north": {"uv": [5.78125, 0, 5.78125, 0.4375], "texture": "#1"},
				"east": {"uv": [5.875, 1.25, 5.78125, 1.46875], "texture": "#1"},
				"south": {"uv": [5.78125, 0, 5.78125, 0.4375], "texture": "#1"},
				"west": {"uv": [5.78125, 1.25, 5.875, 1.46875], "texture": "#1"},
				"up": {"uv": [5.78125, 0, 5.78125, 0.1875], "texture": "#1"},
				"down": {"uv": [5.78125, 0, 5.78125, 0.1875], "texture": "#1"}
			}
		},
		{
			"name": "top_gills",
			"from": [6.10455, 17.55905, 4.12304],
			"to": [6.10455, 20.49815, 11.96064],
			"rotation": {"angle": 5, "axis": "z", "origin": [5.36978, 17.0692, 8.04184]},
			"faces": {
				"north": {"uv": [5.78125, 0, 5.78125, 0.1875], "texture": "#1"},
				"east": {"uv": [5.875, 1.15625, 6.125, 1.25], "texture": "#1"},
				"south": {"uv": [5.78125, 0, 5.78125, 0.1875], "texture": "#1"},
				"west": {"uv": [5.875, 1.15625, 6.125, 1.25], "texture": "#1"},
				"up": {"uv": [5.78125, 0, 5.78125, 0.5], "texture": "#1"},
				"down": {"uv": [5.78125, 0, 5.78125, 0.5], "texture": "#1"}
			}
		},
		{
			"name": "head",
			"from": [2.18575, 12.46055, 4.04804],
			"to": [7.08425, 17.35905, 12.08564],
			"rotation": {"angle": 4.5, "axis": "z", "origin": [5.36978, 16.8692, 8.04184]},
			"faces": {
				"north": {"uv": [4.625, 0.1875, 4.78125, 0.34375], "texture": "#1"},
				"east": {"uv": [5.1875, 0.1875, 5.4375, 0.34375], "texture": "#1"},
				"south": {"uv": [5.03125, 0.1875, 5.1875, 0.34375], "texture": "#1"},
				"west": {"uv": [4.78125, 0.1875, 5.03125, 0.34375], "texture": "#1"},
				"up": {"uv": [5.03125, 0.03125, 4.78125, 0.1875], "rotation": 90, "texture": "#1"},
				"down": {"uv": [5.28125, 0.03125, 5.03125, 0.1875], "rotation": 90, "texture": "#1"}
			}
		},
		{
			"name": "body",
			"from": [3.26854, 5.11862, 8.06214],
			"to": [8.36854, 13.11862, 8.06214],
			"rotation": {"angle": 22.5, "axis": "z", "origin": [6.0203, 13.6643, 8.04184]},
			"faces": {
				"north": {"uv": [4.6875, 0.96875, 4.96875, 0.8125], "rotation": 90, "texture": "#1"},
				"east": {"uv": [4.625, 0, 4.625, 0.5], "texture": "#1"},
				"south": {"uv": [4.6875, 0.8125, 4.96875, 0.96875], "rotation": 90, "texture": "#1"},
				"west": {"uv": [4.625, 0, 4.625, 0.5], "texture": "#1"},
				"up": {"uv": [4.9375, 0, 4.625, 0], "texture": "#1"},
				"down": {"uv": [4.625, 0, 4.9375, 0], "texture": "#1"}
			}
		},
		{
			"name": "body",
			"from": [3.16854, 3.12134, 4.06214],
			"to": [7.16854, 13.12134, 12.06214],
			"rotation": {"angle": 22.5, "axis": "z", "origin": [5.0203, 13.6643, 8.04184]},
			"faces": {
				"north": {"uv": [4.9375, 0.78125, 4.625, 0.65625], "rotation": 90, "texture": "#1"},
				"east": {"uv": [4.9375, 0.34375, 5.1875, 0.65625], "texture": "#1"},
				"south": {"uv": [5.1875, 0.65625, 5.5, 0.78125], "rotation": 90, "texture": "#1"},
				"west": {"uv": [5.1875, 0.65625, 5.4375, 0.34375], "texture": "#1"},
				"up": {"uv": [5.1875, 0.65625, 4.9375, 0.78125], "rotation": 90, "texture": "#1"},
				"down": {"uv": [5.46875, 0.9375, 5.21875, 1.4375], "texture": "#1"}
			}
		},
		{
			"name": "right_arm",
			"from": [0.53512, 11.03921, 3.06214],
			"to": [5.53512, 11.03921, 6.06214],
			"rotation": {"angle": 37.5, "axis": "z", "origin": [3.03512, 11.03921, 8.06214]},
			"faces": {
				"north": {"uv": [4.625, 0, 4.625, 0.3125], "rotation": 270, "texture": "#1"},
				"east": {"uv": [4.625, 0.1875, 4.625, 0], "rotation": 90, "texture": "#1"},
				"south": {"uv": [4.625, 0, 4.625, 0.3125], "rotation": 90, "texture": "#1"},
				"west": {"uv": [4.625, 0, 4.625, 0.1875], "rotation": 90, "texture": "#1"},
				"up": {"uv": [4.6875, 0.40625, 4.78125, 0.5625], "rotation": 90, "texture": "#1"},
				"down": {"uv": [4.6875, 0.40625, 4.78125, 0.5625], "rotation": 90, "texture": "#1"}
			}
		},
		{
			"name": "left_arm",
			"from": [0.53512, 11.03921, 10.06214],
			"to": [5.53512, 11.03921, 13.06214],
			"rotation": {"angle": 37.5, "axis": "z", "origin": [3.03512, 11.03921, 8.06214]},
			"faces": {
				"north": {"uv": [4.625, 0, 4.625, 0.3125], "rotation": 270, "texture": "#1"},
				"east": {"uv": [4.625, 0, 4.625, 0.1875], "rotation": 90, "texture": "#1"},
				"south": {"uv": [4.625, 0, 4.625, 0.3125], "rotation": 90, "texture": "#1"},
				"west": {"uv": [4.625, 0, 4.625, 0.1875], "rotation": 90, "texture": "#1"},
				"up": {"uv": [4.78125, 0.40625, 4.875, 0.5625], "rotation": 90, "texture": "#1"},
				"down": {"uv": [4.78125, 0.40625, 4.875, 0.5625], "rotation": 90, "texture": "#1"}
			}
		},
		{
			"name": "left_gills",
			"from": [6.10455, 12.46055, 11.96064],
			"to": [6.10455, 19.31845, 14.89974],
			"rotation": {"angle": 4.5, "axis": "z", "origin": [5.36978, 16.8692, 8.04184]},
			"faces": {
				"north": {"uv": [4.625, 0, 4.625, 0.4375], "texture": "#1"},
				"east": {"uv": [5.0625, 1.25, 4.96875, 1.46875], "texture": "#1"},
				"south": {"uv": [4.625, 0, 4.625, 0.4375], "texture": "#1"},
				"west": {"uv": [4.96875, 1.25, 5.0625, 1.46875], "texture": "#1"},
				"up": {"uv": [4.625, 0, 4.625, 0.1875], "texture": "#1"},
				"down": {"uv": [4.625, 0, 4.625, 0.1875], "texture": "#1"}
			}
		},
		{
			"name": "right_gills",
			"from": [6.10455, 12.46055, 1.18394],
			"to": [6.10455, 19.31845, 4.12304],
			"rotation": {"angle": 4.5, "axis": "z", "origin": [5.36978, 16.8692, 8.04184]},
			"faces": {
				"north": {"uv": [4.625, 0, 4.625, 0.4375], "texture": "#1"},
				"east": {"uv": [4.71875, 1.25, 4.625, 1.46875], "texture": "#1"},
				"south": {"uv": [4.625, 0, 4.625, 0.4375], "texture": "#1"},
				"west": {"uv": [4.625, 1.25, 4.71875, 1.46875], "texture": "#1"},
				"up": {"uv": [4.625, 0, 4.625, 0.1875], "texture": "#1"},
				"down": {"uv": [4.625, 0, 4.625, 0.1875], "texture": "#1"}
			}
		},
		{
			"name": "top_gills",
			"from": [6.10455, 17.35905, 4.12304],
			"to": [6.10455, 20.29815, 11.96064],
			"rotation": {"angle": 4.5, "axis": "z", "origin": [5.36978, 16.8692, 8.04184]},
			"faces": {
				"north": {"uv": [4.625, 0, 4.625, 0.1875], "texture": "#1"},
				"east": {"uv": [4.71875, 1.15625, 4.96875, 1.25], "texture": "#1"},
				"south": {"uv": [4.625, 0, 4.625, 0.1875], "texture": "#1"},
				"west": {"uv": [4.71875, 1.15625, 4.96875, 1.25], "texture": "#1"},
				"up": {"uv": [4.625, 0, 4.625, 0.5], "texture": "#1"},
				"down": {"uv": [4.625, 0, 4.625, 0.5], "texture": "#1"}
			}
		},
		{
			"name": "head",
			"from": [2.38575, 12.16055, 4.04804],
			"to": [7.28425, 17.05905, 12.08564],
			"rotation": {"angle": 3, "axis": "z", "origin": [5.56977, 16.5692, 8.04184]},
			"faces": {
				"north": {"uv": [4.625, 1.71875, 4.78125, 1.875], "texture": "#1"},
				"east": {"uv": [5.1875, 1.71875, 5.4375, 1.875], "texture": "#1"},
				"south": {"uv": [5.03125, 1.71875, 5.1875, 1.875], "texture": "#1"},
				"west": {"uv": [4.78125, 1.71875, 5.03125, 1.875], "texture": "#1"},
				"up": {"uv": [5.03125, 1.5625, 4.78125, 1.71875], "rotation": 90, "texture": "#1"},
				"down": {"uv": [5.28125, 1.5625, 5.03125, 1.71875], "rotation": 90, "texture": "#1"}
			}
		},
		{
			"name": "body",
			"from": [3.36854, 4.81862, 8.06214],
			"to": [8.46854, 12.81862, 8.06214],
			"rotation": {"angle": 22.5, "axis": "z", "origin": [6.1203, 13.3643, 8.04184]},
			"faces": {
				"north": {"uv": [4.6875, 2.5, 4.96875, 2.34375], "rotation": 90, "texture": "#1"},
				"east": {"uv": [4.625, 1.53125, 4.625, 2.03125], "texture": "#1"},
				"south": {"uv": [4.6875, 2.34375, 4.96875, 2.5], "rotation": 90, "texture": "#1"},
				"west": {"uv": [4.625, 1.53125, 4.625, 2.03125], "texture": "#1"},
				"up": {"uv": [4.9375, 1.53125, 4.625, 1.53125], "texture": "#1"},
				"down": {"uv": [4.625, 1.53125, 4.9375, 1.53125], "texture": "#1"}
			}
		},
		{
			"name": "body",
			"from": [3.26854, 2.82134, 4.06214],
			"to": [7.26854, 12.82134, 12.06214],
			"rotation": {"angle": 22.5, "axis": "z", "origin": [5.1203, 13.3643, 8.04184]},
			"faces": {
				"north": {"uv": [4.9375, 2.3125, 4.625, 2.1875], "rotation": 90, "texture": "#1"},
				"east": {"uv": [4.9375, 1.875, 5.1875, 2.1875], "texture": "#1"},
				"south": {"uv": [5.1875, 2.1875, 5.5, 2.3125], "rotation": 90, "texture": "#1"},
				"west": {"uv": [5.1875, 2.1875, 5.4375, 1.875], "texture": "#1"},
				"up": {"uv": [5.1875, 2.1875, 4.9375, 2.3125], "rotation": 90, "texture": "#1"},
				"down": {"uv": [5.46875, 2.46875, 5.21875, 2.96875], "texture": "#1"}
			}
		},
		{
			"name": "right_arm",
			"from": [0.53512, 11.03921, 3.06214],
			"to": [5.53512, 11.03921, 6.06214],
			"rotation": {"angle": 35.5, "axis": "z", "origin": [3.03512, 11.03921, 8.06214]},
			"faces": {
				"north": {"uv": [4.625, 1.53125, 4.625, 1.84375], "rotation": 270, "texture": "#1"},
				"east": {"uv": [4.625, 1.71875, 4.625, 1.53125], "rotation": 90, "texture": "#1"},
				"south": {"uv": [4.625, 1.53125, 4.625, 1.84375], "rotation": 90, "texture": "#1"},
				"west": {"uv": [4.625, 1.53125, 4.625, 1.71875], "rotation": 90, "texture": "#1"},
				"up": {"uv": [4.6875, 1.9375, 4.78125, 2.09375], "rotation": 90, "texture": "#1"},
				"down": {"uv": [4.6875, 1.9375, 4.78125, 2.09375], "rotation": 90, "texture": "#1"}
			}
		},
		{
			"name": "left_arm",
			"from": [0.53512, 11.03921, 10.06214],
			"to": [5.53512, 11.03921, 13.06214],
			"rotation": {"angle": 35.5, "axis": "z", "origin": [3.03512, 11.03921, 8.06214]},
			"faces": {
				"north": {"uv": [4.625, 1.53125, 4.625, 1.84375], "rotation": 270, "texture": "#1"},
				"east": {"uv": [4.625, 1.53125, 4.625, 1.71875], "rotation": 90, "texture": "#1"},
				"south": {"uv": [4.625, 1.53125, 4.625, 1.84375], "rotation": 90, "texture": "#1"},
				"west": {"uv": [4.625, 1.53125, 4.625, 1.71875], "rotation": 90, "texture": "#1"},
				"up": {"uv": [4.78125, 1.9375, 4.875, 2.09375], "rotation": 90, "texture": "#1"},
				"down": {"uv": [4.78125, 1.9375, 4.875, 2.09375], "rotation": 90, "texture": "#1"}
			}
		},
		{
			"name": "left_gills",
			"from": [6.30455, 12.16055, 11.96064],
			"to": [6.30455, 19.01845, 14.89974],
			"rotation": {"angle": 3, "axis": "z", "origin": [5.56977, 16.5692, 8.04184]},
			"faces": {
				"north": {"uv": [4.625, 1.53125, 4.625, 1.96875], "texture": "#1"},
				"east": {"uv": [5.0625, 2.78125, 4.96875, 3], "texture": "#1"},
				"south": {"uv": [4.625, 1.53125, 4.625, 1.96875], "texture": "#1"},
				"west": {"uv": [4.96875, 2.78125, 5.0625, 3], "texture": "#1"},
				"up": {"uv": [4.625, 1.53125, 4.625, 1.71875], "texture": "#1"},
				"down": {"uv": [4.625, 1.53125, 4.625, 1.71875], "texture": "#1"}
			}
		},
		{
			"name": "right_gills",
			"from": [6.30455, 12.16055, 1.18394],
			"to": [6.30455, 19.01845, 4.12304],
			"rotation": {"angle": 3, "axis": "z", "origin": [5.56977, 16.5692, 8.04184]},
			"faces": {
				"north": {"uv": [4.625, 1.53125, 4.625, 1.96875], "texture": "#1"},
				"east": {"uv": [4.71875, 2.78125, 4.625, 3], "texture": "#1"},
				"south": {"uv": [4.625, 1.53125, 4.625, 1.96875], "texture": "#1"},
				"west": {"uv": [4.625, 2.78125, 4.71875, 3], "texture": "#1"},
				"up": {"uv": [4.625, 1.53125, 4.625, 1.71875], "texture": "#1"},
				"down": {"uv": [4.625, 1.53125, 4.625, 1.71875], "texture": "#1"}
			}
		},
		{
			"name": "top_gills",
			"from": [6.30455, 17.05905, 4.12304],
			"to": [6.30455, 19.99815, 11.96064],
			"rotation": {"angle": 3, "axis": "z", "origin": [5.56977, 16.5692, 8.04184]},
			"faces": {
				"north": {"uv": [4.625, 1.53125, 4.625, 1.71875], "texture": "#1"},
				"east": {"uv": [4.71875, 2.6875, 4.96875, 2.78125], "texture": "#1"},
				"south": {"uv": [4.625, 1.53125, 4.625, 1.71875], "texture": "#1"},
				"west": {"uv": [4.71875, 2.6875, 4.96875, 2.78125], "texture": "#1"},
				"up": {"uv": [4.625, 1.53125, 4.625, 2.03125], "texture": "#1"},
				"down": {"uv": [4.625, 1.53125, 4.625, 2.03125], "texture": "#1"}
			}
		},
		{
			"name": "head",
			"from": [2.28575, 12.26055, 4.04804],
			"to": [7.18425, 17.15905, 12.08564],
			"rotation": {"angle": 0, "axis": "z", "origin": [5.46977, 16.6692, 8.04184]},
			"faces": {
				"north": {"uv": [3.46875, 0.1875, 3.625, 0.34375], "texture": "#1"},
				"east": {"uv": [4.03125, 0.1875, 4.28125, 0.34375], "texture": "#1"},
				"south": {"uv": [3.875, 0.1875, 4.03125, 0.34375], "texture": "#1"},
				"west": {"uv": [3.625, 0.1875, 3.875, 0.34375], "texture": "#1"},
				"up": {"uv": [3.875, 0.03125, 3.625, 0.1875], "rotation": 90, "texture": "#1"},
				"down": {"uv": [4.125, 0.03125, 3.875, 0.1875], "rotation": 90, "texture": "#1"}
			}
		},
		{
			"name": "body",
			"from": [3.26854, 4.91862, 8.06214],
			"to": [8.36854, 12.91862, 8.06214],
			"rotation": {"angle": 22.5, "axis": "z", "origin": [6.0203, 13.4643, 8.04184]},
			"faces": {
				"north": {"uv": [3.53125, 0.96875, 3.8125, 0.8125], "rotation": 90, "texture": "#1"},
				"east": {"uv": [3.46875, 0, 3.46875, 0.5], "texture": "#1"},
				"south": {"uv": [3.53125, 0.8125, 3.8125, 0.96875], "rotation": 90, "texture": "#1"},
				"west": {"uv": [3.46875, 0, 3.46875, 0.5], "texture": "#1"},
				"up": {"uv": [3.78125, 0, 3.46875, 0], "texture": "#1"},
				"down": {"uv": [3.46875, 0, 3.78125, 0], "texture": "#1"}
			}
		},
		{
			"name": "body",
			"from": [3.16854, 2.92134, 4.06214],
			"to": [7.16854, 12.92134, 12.06214],
			"rotation": {"angle": 22.5, "axis": "z", "origin": [5.0203, 13.4643, 8.04184]},
			"faces": {
				"north": {"uv": [3.78125, 0.78125, 3.46875, 0.65625], "rotation": 90, "texture": "#1"},
				"east": {"uv": [3.78125, 0.34375, 4.03125, 0.65625], "texture": "#1"},
				"south": {"uv": [4.03125, 0.65625, 4.34375, 0.78125], "rotation": 90, "texture": "#1"},
				"west": {"uv": [4.03125, 0.65625, 4.28125, 0.34375], "texture": "#1"},
				"up": {"uv": [4.03125, 0.65625, 3.78125, 0.78125], "rotation": 90, "texture": "#1"},
				"down": {"uv": [4.3125, 0.9375, 4.0625, 1.4375], "texture": "#1"}
			}
		},
		{
			"name": "right_arm",
			"from": [0.53512, 11.03921, 3.06214],
			"to": [5.53512, 11.03921, 6.06214],
			"rotation": {"angle": 37.5, "axis": "z", "origin": [3.03512, 11.03921, 8.06214]},
			"faces": {
				"north": {"uv": [3.46875, 0, 3.46875, 0.3125], "rotation": 270, "texture": "#1"},
				"east": {"uv": [3.46875, 0.1875, 3.46875, 0], "rotation": 90, "texture": "#1"},
				"south": {"uv": [3.46875, 0, 3.46875, 0.3125], "rotation": 90, "texture": "#1"},
				"west": {"uv": [3.46875, 0, 3.46875, 0.1875], "rotation": 90, "texture": "#1"},
				"up": {"uv": [3.53125, 0.40625, 3.625, 0.5625], "rotation": 90, "texture": "#1"},
				"down": {"uv": [3.53125, 0.40625, 3.625, 0.5625], "rotation": 90, "texture": "#1"}
			}
		},
		{
			"name": "left_arm",
			"from": [0.53512, 11.03921, 10.06214],
			"to": [5.53512, 11.03921, 13.06214],
			"rotation": {"angle": 37.5, "axis": "z", "origin": [3.03512, 11.03921, 8.06214]},
			"faces": {
				"north": {"uv": [3.46875, 0, 3.46875, 0.3125], "rotation": 270, "texture": "#1"},
				"east": {"uv": [3.46875, 0, 3.46875, 0.1875], "rotation": 90, "texture": "#1"},
				"south": {"uv": [3.46875, 0, 3.46875, 0.3125], "rotation": 90, "texture": "#1"},
				"west": {"uv": [3.46875, 0, 3.46875, 0.1875], "rotation": 90, "texture": "#1"},
				"up": {"uv": [3.625, 0.40625, 3.71875, 0.5625], "rotation": 90, "texture": "#1"},
				"down": {"uv": [3.625, 0.40625, 3.71875, 0.5625], "rotation": 90, "texture": "#1"}
			}
		},
		{
			"name": "left_gills",
			"from": [6.20455, 12.26055, 11.96064],
			"to": [6.20455, 19.11845, 14.89974],
			"rotation": {"angle": 0, "axis": "z", "origin": [5.46977, 16.6692, 8.04184]},
			"faces": {
				"north": {"uv": [3.46875, 0, 3.46875, 0.4375], "texture": "#1"},
				"east": {"uv": [3.90625, 1.25, 3.8125, 1.46875], "texture": "#1"},
				"south": {"uv": [3.46875, 0, 3.46875, 0.4375], "texture": "#1"},
				"west": {"uv": [3.8125, 1.25, 3.90625, 1.46875], "texture": "#1"},
				"up": {"uv": [3.46875, 0, 3.46875, 0.1875], "texture": "#1"},
				"down": {"uv": [3.46875, 0, 3.46875, 0.1875], "texture": "#1"}
			}
		},
		{
			"name": "right_gills",
			"from": [6.20455, 12.26055, 1.18394],
			"to": [6.20455, 19.11845, 4.12304],
			"rotation": {"angle": 0, "axis": "z", "origin": [5.46977, 16.6692, 8.04184]},
			"faces": {
				"north": {"uv": [3.46875, 0, 3.46875, 0.4375], "texture": "#1"},
				"east": {"uv": [3.5625, 1.25, 3.46875, 1.46875], "texture": "#1"},
				"south": {"uv": [3.46875, 0, 3.46875, 0.4375], "texture": "#1"},
				"west": {"uv": [3.46875, 1.25, 3.5625, 1.46875], "texture": "#1"},
				"up": {"uv": [3.46875, 0, 3.46875, 0.1875], "texture": "#1"},
				"down": {"uv": [3.46875, 0, 3.46875, 0.1875], "texture": "#1"}
			}
		},
		{
			"name": "top_gills",
			"from": [6.20455, 17.15905, 4.12304],
			"to": [6.20455, 20.09815, 11.96064],
			"rotation": {"angle": 0, "axis": "z", "origin": [5.46977, 16.6692, 8.04184]},
			"faces": {
				"north": {"uv": [3.46875, 0, 3.46875, 0.1875], "texture": "#1"},
				"east": {"uv": [3.5625, 1.15625, 3.8125, 1.25], "texture": "#1"},
				"south": {"uv": [3.46875, 0, 3.46875, 0.1875], "texture": "#1"},
				"west": {"uv": [3.5625, 1.15625, 3.8125, 1.25], "texture": "#1"},
				"up": {"uv": [3.46875, 0, 3.46875, 0.5], "texture": "#1"},
				"down": {"uv": [3.46875, 0, 3.46875, 0.5], "texture": "#1"}
			}
		},
		{
			"name": "head",
			"from": [2.28575, 12.46055, 4.04804],
			"to": [7.18425, 17.35905, 12.08564],
			"rotation": {"angle": -2.5, "axis": "z", "origin": [5.46977, 16.8692, 8.04184]},
			"faces": {
				"north": {"uv": [2.3125, 0.1875, 2.46875, 0.34375], "texture": "#1"},
				"east": {"uv": [2.875, 0.1875, 3.125, 0.34375], "texture": "#1"},
				"south": {"uv": [2.71875, 0.1875, 2.875, 0.34375], "texture": "#1"},
				"west": {"uv": [2.46875, 0.1875, 2.71875, 0.34375], "texture": "#1"},
				"up": {"uv": [2.71875, 0.03125, 2.46875, 0.1875], "rotation": 90, "texture": "#1"},
				"down": {"uv": [2.96875, 0.03125, 2.71875, 0.1875], "rotation": 90, "texture": "#1"}
			}
		},
		{
			"name": "body",
			"from": [3.26854, 5.11862, 8.06214],
			"to": [8.36854, 13.11862, 8.06214],
			"rotation": {"angle": 22.5, "axis": "z", "origin": [6.0203, 13.6643, 8.04184]},
			"faces": {
				"north": {"uv": [2.375, 0.96875, 2.65625, 0.8125], "rotation": 90, "texture": "#1"},
				"east": {"uv": [2.3125, 0, 2.3125, 0.5], "texture": "#1"},
				"south": {"uv": [2.375, 0.8125, 2.65625, 0.96875], "rotation": 90, "texture": "#1"},
				"west": {"uv": [2.3125, 0, 2.3125, 0.5], "texture": "#1"},
				"up": {"uv": [2.625, 0, 2.3125, 0], "texture": "#1"},
				"down": {"uv": [2.3125, 0, 2.625, 0], "texture": "#1"}
			}
		},
		{
			"name": "body",
			"from": [3.16854, 3.12134, 4.06214],
			"to": [7.16854, 13.12134, 12.06214],
			"rotation": {"angle": 22.5, "axis": "z", "origin": [5.0203, 13.6643, 8.04184]},
			"faces": {
				"north": {"uv": [2.625, 0.78125, 2.3125, 0.65625], "rotation": 90, "texture": "#1"},
				"east": {"uv": [2.625, 0.34375, 2.875, 0.65625], "texture": "#1"},
				"south": {"uv": [2.875, 0.65625, 3.1875, 0.78125], "rotation": 90, "texture": "#1"},
				"west": {"uv": [2.875, 0.65625, 3.125, 0.34375], "texture": "#1"},
				"up": {"uv": [2.875, 0.65625, 2.625, 0.78125], "rotation": 90, "texture": "#1"},
				"down": {"uv": [3.15625, 0.9375, 2.90625, 1.4375], "texture": "#1"}
			}
		},
		{
			"name": "right_arm",
			"from": [0.53512, 11.03921, 3.06214],
			"to": [5.53512, 11.03921, 6.06214],
			"rotation": {"angle": 42.5, "axis": "z", "origin": [3.03512, 11.03921, 8.06214]},
			"faces": {
				"north": {"uv": [2.3125, 0, 2.3125, 0.3125], "rotation": 270, "texture": "#1"},
				"east": {"uv": [2.3125, 0.1875, 2.3125, 0], "rotation": 90, "texture": "#1"},
				"south": {"uv": [2.3125, 0, 2.3125, 0.3125], "rotation": 90, "texture": "#1"},
				"west": {"uv": [2.3125, 0, 2.3125, 0.1875], "rotation": 90, "texture": "#1"},
				"up": {"uv": [2.375, 0.40625, 2.46875, 0.5625], "rotation": 90, "texture": "#1"},
				"down": {"uv": [2.375, 0.40625, 2.46875, 0.5625], "rotation": 90, "texture": "#1"}
			}
		},
		{
			"name": "left_arm",
			"from": [0.53512, 11.03921, 10.06214],
			"to": [5.53512, 11.03921, 13.06214],
			"rotation": {"angle": 42.5, "axis": "z", "origin": [3.03512, 11.03921, 8.06214]},
			"faces": {
				"north": {"uv": [2.3125, 0, 2.3125, 0.3125], "rotation": 270, "texture": "#1"},
				"east": {"uv": [2.3125, 0, 2.3125, 0.1875], "rotation": 90, "texture": "#1"},
				"south": {"uv": [2.3125, 0, 2.3125, 0.3125], "rotation": 90, "texture": "#1"},
				"west": {"uv": [2.3125, 0, 2.3125, 0.1875], "rotation": 90, "texture": "#1"},
				"up": {"uv": [2.46875, 0.40625, 2.5625, 0.5625], "rotation": 90, "texture": "#1"},
				"down": {"uv": [2.46875, 0.40625, 2.5625, 0.5625], "rotation": 90, "texture": "#1"}
			}
		},
		{
			"name": "left_gills",
			"from": [6.20455, 12.46055, 11.96064],
			"to": [6.20455, 19.31845, 14.89974],
			"rotation": {"angle": -2.5, "axis": "z", "origin": [5.46977, 16.8692, 8.04184]},
			"faces": {
				"north": {"uv": [2.3125, 0, 2.3125, 0.4375], "texture": "#1"},
				"east": {"uv": [2.75, 1.25, 2.65625, 1.46875], "texture": "#1"},
				"south": {"uv": [2.3125, 0, 2.3125, 0.4375], "texture": "#1"},
				"west": {"uv": [2.65625, 1.25, 2.75, 1.46875], "texture": "#1"},
				"up": {"uv": [2.3125, 0, 2.3125, 0.1875], "texture": "#1"},
				"down": {"uv": [2.3125, 0, 2.3125, 0.1875], "texture": "#1"}
			}
		},
		{
			"name": "right_gills",
			"from": [6.20455, 12.46055, 1.18394],
			"to": [6.20455, 19.31845, 4.12304],
			"rotation": {"angle": -2.5, "axis": "z", "origin": [5.46977, 16.8692, 8.04184]},
			"faces": {
				"north": {"uv": [2.3125, 0, 2.3125, 0.4375], "texture": "#1"},
				"east": {"uv": [2.40625, 1.25, 2.3125, 1.46875], "texture": "#1"},
				"south": {"uv": [2.3125, 0, 2.3125, 0.4375], "texture": "#1"},
				"west": {"uv": [2.3125, 1.25, 2.40625, 1.46875], "texture": "#1"},
				"up": {"uv": [2.3125, 0, 2.3125, 0.1875], "texture": "#1"},
				"down": {"uv": [2.3125, 0, 2.3125, 0.1875], "texture": "#1"}
			}
		},
		{
			"name": "top_gills",
			"from": [6.20455, 17.35905, 4.12304],
			"to": [6.20455, 20.29815, 11.96064],
			"rotation": {"angle": -2.5, "axis": "z", "origin": [5.46977, 16.8692, 8.04184]},
			"faces": {
				"north": {"uv": [2.3125, 0, 2.3125, 0.1875], "texture": "#1"},
				"east": {"uv": [2.40625, 1.15625, 2.65625, 1.25], "texture": "#1"},
				"south": {"uv": [2.3125, 0, 2.3125, 0.1875], "texture": "#1"},
				"west": {"uv": [2.40625, 1.15625, 2.65625, 1.25], "texture": "#1"},
				"up": {"uv": [2.3125, 0, 2.3125, 0.5], "texture": "#1"},
				"down": {"uv": [2.3125, 0, 2.3125, 0.5], "texture": "#1"}
			}
		},
		{
			"name": "head",
			"from": [2.18575, 12.66055, 4.04804],
			"to": [7.08425, 17.55905, 12.08564],
			"rotation": {"angle": 0, "axis": "z", "origin": [5.36978, 17.0692, 8.04184]},
			"faces": {
				"north": {"uv": [0, 0.1875, 0.15625, 0.34375], "texture": "#1"},
				"east": {"uv": [0.5625, 0.1875, 0.8125, 0.34375], "texture": "#1"},
				"south": {"uv": [0.40625, 0.1875, 0.5625, 0.34375], "texture": "#1"},
				"west": {"uv": [0.15625, 0.1875, 0.40625, 0.34375], "texture": "#1"},
				"up": {"uv": [0.40625, 0.03125, 0.15625, 0.1875], "rotation": 90, "texture": "#1"},
				"down": {"uv": [0.65625, 0.03125, 0.40625, 0.1875], "rotation": 90, "texture": "#1"}
			}
		},
		{
			"name": "body",
			"from": [3.26854, 5.31862, 8.06214],
			"to": [8.36854, 13.31862, 8.06214],
			"rotation": {"angle": 22.5, "axis": "z", "origin": [6.0203, 13.8643, 8.04184]},
			"faces": {
				"north": {"uv": [0.0625, 0.96875, 0.34375, 0.8125], "rotation": 90, "texture": "#1"},
				"east": {"uv": [0, 0, 0, 0.5], "texture": "#1"},
				"south": {"uv": [0.0625, 0.8125, 0.34375, 0.96875], "rotation": 90, "texture": "#1"},
				"west": {"uv": [0, 0, 0, 0.5], "texture": "#1"},
				"up": {"uv": [0.3125, 0.03125, 0, 0.03125], "texture": "#1"},
				"down": {"uv": [0, 0.03125, 0.3125, 0.03125], "texture": "#1"}
			}
		},
		{
			"name": "body",
			"from": [3.16854, 3.32134, 4.06214],
			"to": [7.16854, 13.32134, 12.06214],
			"rotation": {"angle": 22.5, "axis": "z", "origin": [5.0203, 13.8643, 8.04184]},
			"faces": {
				"north": {"uv": [0.3125, 0.78125, 0, 0.65625], "rotation": 90, "texture": "#1"},
				"east": {"uv": [0.3125, 0.34375, 0.5625, 0.65625], "texture": "#1"},
				"south": {"uv": [0.5625, 0.65625, 0.875, 0.78125], "rotation": 90, "texture": "#1"},
				"west": {"uv": [0.5625, 0.65625, 0.8125, 0.34375], "texture": "#1"},
				"up": {"uv": [0.5625, 0.65625, 0.34375, 0.78125], "rotation": 90, "texture": "#1"},
				"down": {"uv": [0.84375, 0.9375, 0.59375, 1.4375], "texture": "#1"}
			}
		},
		{
			"name": "right_arm",
			"from": [6.85649, 5.16379, 3.06214],
			"to": [6.85649, 10.16379, 6.06214],
			"rotation": {"angle": -45, "axis": "z", "origin": [9.0203, 13.9643, 5.74184]},
			"faces": {
				"north": {"uv": [0, 0, 0, 0.3125], "texture": "#1"},
				"east": {"uv": [0.0625, 0.40625, 0.15625, 0.5625], "texture": "#1"},
				"south": {"uv": [0, 0, 0, 0.3125], "texture": "#1"},
				"west": {"uv": [0.0625, 0.40625, 0.15625, 0.5625], "texture": "#1"},
				"up": {"uv": [0, 0.1875, 0, 0], "texture": "#1"},
				"down": {"uv": [0, 0, 0, 0.1875], "texture": "#1"}
			}
		},
		{
			"name": "left_arm",
			"from": [6.85649, 5.16379, 10.06214],
			"to": [6.85649, 10.16379, 13.06214],
			"rotation": {"angle": -45, "axis": "z", "origin": [9.0203, 13.9643, 5.74184]},
			"faces": {
				"north": {"uv": [0, 0, 0, 0.3125], "texture": "#1"},
				"east": {"uv": [0.15625, 0.40625, 0.25, 0.5625], "texture": "#1"},
				"south": {"uv": [0, 0, 0, 0.3125], "texture": "#1"},
				"west": {"uv": [0.15625, 0.40625, 0.25, 0.5625], "texture": "#1"},
				"up": {"uv": [0, 0, 0, 0.1875], "texture": "#1"},
				"down": {"uv": [0, 0, 0, 0.1875], "texture": "#1"}
			}
		},
		{
			"name": "left_gills",
			"from": [6.10455, 12.66055, 11.96064],
			"to": [6.10455, 19.51845, 14.89974],
			"rotation": {"angle": 0, "axis": "z", "origin": [5.36978, 17.0692, 8.04184]},
			"faces": {
				"north": {"uv": [0, 0, 0, 0.4375], "texture": "#1"},
				"east": {"uv": [0.4375, 1.25, 0.34375, 1.46875], "texture": "#1"},
				"south": {"uv": [0, 0, 0, 0.4375], "texture": "#1"},
				"west": {"uv": [0.34375, 1.25, 0.4375, 1.46875], "texture": "#1"},
				"up": {"uv": [0, 0, 0, 0.1875], "texture": "#1"},
				"down": {"uv": [0, 0, 0, 0.1875], "texture": "#1"}
			}
		},
		{
			"name": "right_gills",
			"from": [6.10455, 12.66055, 1.18394],
			"to": [6.10455, 19.51845, 4.12304],
			"rotation": {"angle": 0, "axis": "z", "origin": [5.36978, 17.0692, 8.04184]},
			"faces": {
				"north": {"uv": [0, 0, 0, 0.4375], "texture": "#1"},
				"east": {"uv": [0.09375, 1.25, 0, 1.46875], "texture": "#1"},
				"south": {"uv": [0, 0, 0, 0.4375], "texture": "#1"},
				"west": {"uv": [0, 1.25, 0.09375, 1.46875], "texture": "#1"},
				"up": {"uv": [0, 0, 0, 0.1875], "texture": "#1"},
				"down": {"uv": [0, 0, 0, 0.1875], "texture": "#1"}
			}
		},
		{
			"name": "top_gills",
			"from": [6.10455, 17.55905, 4.12304],
			"to": [6.10455, 20.49815, 11.96064],
			"rotation": {"angle": 0, "axis": "z", "origin": [5.36978, 17.0692, 8.04184]},
			"faces": {
				"north": {"uv": [0, 0, 0, 0.1875], "texture": "#1"},
				"east": {"uv": [0.09375, 1.15625, 0.34375, 1.25], "texture": "#1"},
				"south": {"uv": [0, 0, 0, 0.1875], "texture": "#1"},
				"west": {"uv": [0.09375, 1.15625, 0.34375, 1.25], "texture": "#1"},
				"up": {"uv": [0, 0, 0, 0.5], "texture": "#1"},
				"down": {"uv": [0, 0, 0, 0.5], "texture": "#1"}
			}
		},
		{
			"from": [4, 10, 4],
			"to": [12, 10, 12],
			"rotation": {"angle": 0, "axis": "y", "origin": [8, 8, 4]},
			"faces": {
				"north": {"uv": [0, 0, 8, 0], "texture": "#3"},
				"east": {"uv": [0, 0, 8, 0], "texture": "#3"},
				"south": {"uv": [0, 0, 8, 0], "texture": "#3"},
				"west": {"uv": [0, 0, 8, 0], "texture": "#3"},
				"up": {"uv": [16, 8, 12, 4], "texture": "#3"},
				"down": {"uv": [16, 4, 12, 8], "texture": "#3"}
			}
		},
		{
			"from": [3, 2, 3],
			"to": [12, 11, 4],
			"rotation": {"angle": 0, "axis": "y", "origin": [3, 1, 3]},
			"faces": {
				"north": {"uv": [4.5, 0, 9, 4.5], "texture": "#3"},
				"east": {"uv": [1, 9, 1.5, 13.5], "texture": "#3"},
				"south": {"uv": [0, 0, 4.5, 4.5], "texture": "#3"},
				"west": {"uv": [0, 9, 0.5, 13.5], "texture": "#3"},
				"up": {"uv": [9, 4.5, 9.5, 0], "rotation": 90, "texture": "#3"},
				"down": {"uv": [3.5, 9.5, 3, 10], "texture": "#3"}
			}
		},
		{
			"from": [3, 2, 4],
			"to": [4, 11, 13],
			"rotation": {"angle": 0, "axis": "y", "origin": [3, 1, 13]},
			"faces": {
				"north": {"uv": [1.5, 9, 2, 13.5], "texture": "#3"},
				"east": {"uv": [0, 0, 4.5, 4.5], "texture": "#3"},
				"south": {"uv": [0, 9, 0.5, 13.5], "texture": "#3"},
				"west": {"uv": [0, 4.5, 4.5, 9], "texture": "#3"},
				"up": {"uv": [9.5, 4.5, 9, 0], "texture": "#3"},
				"down": {"uv": [1, 9, 0.5, 13.5], "texture": "#3"}
			}
		},
		{
			"from": [4, 2, 12],
			"to": [13, 11, 13],
			"rotation": {"angle": 0, "axis": "y", "origin": [13, 1, 13]},
			"faces": {
				"north": {"uv": [0, 0, 4.5, 4.5], "texture": "#3"},
				"east": {"uv": [0, 9, 0.5, 13.5], "texture": "#3"},
				"south": {"uv": [0, 4.5, 4.5, 9], "texture": "#3"},
				"west": {"uv": [1.5, 9, 2, 13.5], "texture": "#3"},
				"up": {"uv": [9, 0, 9.5, 4.5], "rotation": 90, "texture": "#3"},
				"down": {"uv": [1, 9.5, 0.5, 9], "texture": "#3"}
			}
		},
		{
			"from": [12, 2, 3],
			"to": [13, 11, 12],
			"rotation": {"angle": 0, "axis": "y", "origin": [12, 1, 13]},
			"faces": {
				"north": {"uv": [2, 9, 2.5, 13.5], "texture": "#3"},
				"east": {"uv": [0, 4.5, 4.5, 9], "texture": "#3"},
				"south": {"uv": [2.5, 9, 3, 13.5], "texture": "#3"},
				"west": {"uv": [0, 0, 4.5, 4.5], "texture": "#3"},
				"up": {"uv": [9.5, 0, 9, 4.5], "texture": "#3"},
				"down": {"uv": [3.5, 9, 3, 13.5], "texture": "#3"}
			}
		},
		{
			"from": [4, 0, 4],
			"to": [12, 2, 12],
			"rotation": {"angle": 0, "axis": "y", "origin": [4, 0, 4]},
			"faces": {
				"north": {"uv": [0, 13.5, 4, 14.5], "texture": "#3"},
				"east": {"uv": [0, 13.5, 4, 14.5], "texture": "#3"},
				"south": {"uv": [0, 13.5, 4, 14.5], "texture": "#3"},
				"west": {"uv": [0, 13.5, 4, 14.5], "texture": "#3"},
				"up": {"uv": [8.5, 8.5, 4.5, 4.5], "texture": "#3"},
				"down": {"uv": [8.5, 8.5, 4.5, 12.5], "texture": "#3"}
			}
		}
	],
	"display": {
		"thirdperson_righthand": {
			"rotation": [68, -90, 0],
			"translation": [-0.05, 0.5, -1.5],
			"scale": [0.57, 0.59, 0.57]
		},
		"thirdperson_lefthand": {
			"rotation": [68, 90, 0],
			"translation": [-0.05, 0.5, -1.5],
			"scale": [0.57, 0.59, 0.57]
		},
		"firstperson_righthand": {
			"rotation": [1.08, 22.22, 0.99],
			"translation": [-2.5, 4.5, 3.75],
			"scale": [0.31, 0.38, 0.31]
		},
		"firstperson_lefthand": {
			"rotation": [-178.96, -21.01, 179.34],
			"translation": [-2.5, 4.5, 3.75],
			"scale": [0.31, 0.38, 0.31]
		}
	},
	"groups": [
		{
			"name": "1",
			"origin": [0, -4, 0],
			"color": 0,
			"children": [0, 1, 2, 3, 4, 5, 6, 7]
		},
		{
			"name": "5",
			"origin": [0, -4, 0],
			"color": 0,
			"children": [8, 9, 10, 11, 12, 13, 14, 15]
		},
		{
			"name": "4",
			"origin": [0, -4, 0],
			"color": 0,
			"children": [16, 17, 18, 19, 20, 21, 22, 23]
		},
		{
			"name": "3.5",
			"origin": [0, -4, 0],
			"color": 0,
			"children": [24, 25, 26, 27, 28, 29, 30, 31]
		},
		{
			"name": "3",
			"origin": [0, -4, 0],
			"color": 0,
			"children": [32, 33, 34, 35, 36, 37, 38, 39]
		},
		{
			"name": "2",
			"origin": [0, -4, 0],
			"color": 0,
			"children": [40, 41, 42, 43, 44, 45, 46, 47]
		},
		{
			"name": "1",
			"origin": [0, -4, 0],
			"color": 0,
			"children": [48, 49, 50, 51, 52, 53, 54, 55]
		},
		56,
		{
			"name": "bucket",
			"origin": [4, 0, 4],
			"color": 0,
			"children": [57, 58, 59, 60, 61]
		}
	]
}