{
	"format_version": "1.21.6",
	"credit": "Made with Blockbench",
	"textures": {
		"2": "item/bat_spawn_egg_hand"
	},
	"elements": [
		{
			"name": "egg",
			"from": [5, 0, 5],
			"to": [11, 7, 11],
			"rotation": {"angle": 0, "axis": "y", "origin": [5, 0, 5]},
			"faces": {
				"north": {"uv": [0, 0, 3, 3.5], "texture": "#2"},
				"east": {"uv": [3, 0, 6, 3.5], "texture": "#2"},
				"south": {"uv": [3, 0, 6, 3.5], "texture": "#2"},
				"west": {"uv": [3, 0, 6, 3.5], "texture": "#2"},
				"up": {"uv": [6, 6.5, 3, 3.5], "texture": "#2"},
				"down": {"uv": [9, 0, 6, 3], "texture": "#2"}
			}
		},
		{
			"name": "wing",
			"from": [3.6, 1, 10.625],
			"to": [3.6, 7, 13.625],
			"rotation": {"angle": -22.5, "axis": "y", "origin": [3.6, 4, 10.625]},
			"faces": {
				"north": {"uv": [0, 0, 0, 3], "texture": "#2"},
				"east": {"uv": [8.5, 3, 7, 6], "texture": "#2"},
				"south": {"uv": [0, 0, 0, 3], "texture": "#2"},
				"west": {"uv": [7, 3, 8.5, 6], "texture": "#2"},
				"up": {"uv": [2.5, 0, 1, 0], "rotation": 270, "texture": "#2"},
				"down": {"uv": [0, 0, 1.5, 0], "rotation": 90, "texture": "#2"}
			}
		},
		{
			"name": "wing",
			"from": [3.75, 1, 11],
			"to": [5.75, 7, 11],
			"rotation": {"angle": 45, "axis": "y", "origin": [3.25, 4, 11]},
			"faces": {
				"north": {"uv": [6, 3, 7, 6], "texture": "#2"},
				"east": {"uv": [0, 0, 0, 3], "texture": "#2"},
				"south": {"uv": [7, 3, 6, 6], "texture": "#2"},
				"west": {"uv": [0, 0, 0, 3], "texture": "#2"},
				"up": {"uv": [1, 0, 0, 0], "texture": "#2"},
				"down": {"uv": [1.5, 0, 2.5, 0], "texture": "#2"}
			}
		},
		{
			"name": "wing",
			"from": [12.4, 1, 10.625],
			"to": [12.4, 7, 13.625],
			"rotation": {"angle": 22.5, "axis": "y", "origin": [12.4, 4, 10.625]},
			"faces": {
				"north": {"uv": [0, 0, 0, 3], "texture": "#2"},
				"east": {"uv": [8.5, 3, 7, 6], "texture": "#2"},
				"south": {"uv": [0, 0, 0, 3], "texture": "#2"},
				"west": {"uv": [7, 3, 8.5, 6], "texture": "#2"},
				"up": {"uv": [2.5, 0, 1, 0], "rotation": 270, "texture": "#2"},
				"down": {"uv": [0, 0, 1.5, 0], "rotation": 90, "texture": "#2"}
			}
		},
		{
			"name": "wing",
			"from": [10.25, 1, 11],
			"to": [12.25, 7, 11],
			"rotation": {"angle": -45, "axis": "y", "origin": [12.75, 4, 11]},
			"faces": {
				"north": {"uv": [7, 3, 6, 6], "texture": "#2"},
				"east": {"uv": [0, 0, 0, 3], "texture": "#2"},
				"south": {"uv": [6, 3, 7, 6], "texture": "#2"},
				"west": {"uv": [0, 0, 0, 3], "texture": "#2"},
				"up": {"uv": [0, 0, 1, 0], "texture": "#2"},
				"down": {"uv": [2.5, 0, 1.5, 0], "texture": "#2"}
			}
		},
		{
			"name": "wing",
			"from": [2, 5, 7],
			"to": [7, 11, 7],
			"rotation": {"angle": 22.5, "axis": "y", "origin": [7, 8, 7]},
			"faces": {
				"north": {"uv": [9, 0, 11.5, 3], "texture": "#2"},
				"east": {"uv": [0, 0, 0, 3], "texture": "#2"},
				"south": {"uv": [11.5, 0, 9, 3], "texture": "#2"},
				"west": {"uv": [0, 0, 0, 3], "texture": "#2"},
				"up": {"uv": [2.5, 0, 0, 0], "texture": "#2"},
				"down": {"uv": [0, 0, 2.5, 0], "texture": "#2"}
			}
		},
		{
			"name": "wing",
			"from": [9, 5, 7],
			"to": [14, 11, 7],
			"rotation": {"angle": -22.5, "axis": "y", "origin": [9, 8, 7]},
			"faces": {
				"north": {"uv": [11.5, 0, 9, 3], "texture": "#2"},
				"east": {"uv": [0, 0, 0, 3], "texture": "#2"},
				"south": {"uv": [9, 0, 11.5, 3], "texture": "#2"},
				"west": {"uv": [0, 0, 0, 3], "texture": "#2"},
				"up": {"uv": [0, 0, 2.5, 0], "texture": "#2"},
				"down": {"uv": [2.5, 0, 0, 0], "texture": "#2"}
			}
		}
	],
	"display": {
		"thirdperson_righthand": {
			"rotation": [0, 90, 0],
			"translation": [0, 4.95, 1.5],
			"scale": [0.62, 0.62, 0.62]
		},
		"thirdperson_lefthand": {
			"rotation": [0, 90, 0],
			"translation": [0, 4.95, 1.5],
			"scale": [0.62, 0.62, 0.62]
		},
		"firstperson_righthand": {
			"rotation": [0.73, 114, -0.13],
			"translation": [-3.75, 6.75, 5],
			"scale": [0.31, 0.35, 0.31]
		},
		"firstperson_lefthand": {
			"rotation": [0.73, 114, -0.13],
			"translation": [-3.75, 6.75, 5],
			"scale": [0.31, 0.35, 0.31]
		}
	}
}