{
	"format_version": "1.21.6",
	"credit": "Made with Blockbench",
	"texture_size": [32, 32],
	"textures": {
		"0": "item/blaze_powder_hand",
		"3": "item/blaze_flame",
		"particle": "item/blaze_powder_hand"
	},
	"elements": [
		{
			"from": [8.125, -0.025, 5.74086],
			"to": [10.125, 1, 7.74086],
			"shade": false,
			"light_emission": 15,
			"rotation": {"angle": 20, "axis": "y", "origin": [8.125, 0, 7.74086]},
			"faces": {
				"north": {"uv": [5, 0, 6, 0.5], "texture": "#0"},
				"east": {"uv": [5, 0.5, 6, 1], "texture": "#0"},
				"south": {"uv": [5, 1, 6, 1.5], "texture": "#0"},
				"west": {"uv": [4, 1, 5, 1.5], "texture": "#0"},
				"up": {"uv": [1, 3, 0, 2], "texture": "#0"},
				"down": {"uv": [5, 0, 4, 1], "texture": "#0"}
			}
		},
		{
			"from": [4.75, 0, 6.04086],
			"to": [8.75, 3, 11.04086],
			"shade": false,
			"light_emission": 15,
			"rotation": {"angle": 0, "axis": "y", "origin": [7.25, 1.25, 8.54086]},
			"faces": {
				"north": {"uv": [0, 5.5, 2, 7], "texture": "#0"},
				"east": {"uv": [4, 4, 6.5, 5.5], "texture": "#0"},
				"south": {"uv": [4.5, 5.5, 6.5, 7], "texture": "#0"},
				"west": {"uv": [2, 5.5, 4.5, 7], "texture": "#0"},
				"up": {"uv": [4, 5.5, 2, 3], "texture": "#0"},
				"down": {"uv": [2, 3, 0, 5.5], "texture": "#0"}
			}
		},
		{
			"from": [7.75, 0, 7.04086],
			"to": [10.75, 4, 12.04086],
			"shade": false,
			"light_emission": 15,
			"rotation": {"angle": 0, "axis": "y", "origin": [9.25, 1.25, 9.54086]},
			"faces": {
				"north": {"uv": [2.5, 9.5, 4, 11.5], "texture": "#0"},
				"east": {"uv": [0, 9.5, 2.5, 11.5], "texture": "#0"},
				"south": {"uv": [3, 7.5, 4.5, 9.5], "texture": "#0"},
				"west": {"uv": [4, 9.5, 6.5, 11.5], "texture": "#0"},
				"up": {"uv": [3, 9.5, 1.5, 7], "texture": "#0"},
				"down": {"uv": [1.5, 7, 0, 9.5], "texture": "#0"}
			}
		},
		{
			"from": [10.75, 0, 8.04086],
			"to": [11.75, 1, 11.04086],
			"shade": false,
			"light_emission": 15,
			"rotation": {"angle": 0, "axis": "y", "origin": [12.25, 1.25, 9.54086]},
			"faces": {
				"north": {"uv": [1, 1, 1.5, 1.5], "texture": "#0"},
				"east": {"uv": [1, 0, 2.5, 0.5], "texture": "#0"},
				"south": {"uv": [1.5, 1, 2, 1.5], "texture": "#0"},
				"west": {"uv": [1, 0.5, 2.5, 1], "texture": "#0"},
				"up": {"uv": [0.5, 2, 0, 0.5], "texture": "#0"},
				"down": {"uv": [1, 0.5, 0.5, 2], "texture": "#0"}
			}
		},
		{
			"from": [5.75, 2.4, 7.26586],
			"to": [8.75, 5.4, 10.24086],
			"shade": false,
			"light_emission": 15,
			"rotation": {"angle": 12.5, "axis": "z", "origin": [7.25, 3.65, 8.74086]},
			"faces": {
				"north": {"uv": [4, 1.5, 5.5, 3], "texture": "#0"},
				"east": {"uv": [2.5, 1.5, 4, 3], "texture": "#0"},
				"south": {"uv": [1, 1.5, 2.5, 3], "texture": "#0"},
				"west": {"uv": [5.5, 1.5, 7, 3], "texture": "#0"},
				"up": {"uv": [4, 1.5, 2.5, 0], "texture": "#0"},
				"down": {"uv": [7, 2, 5.5, 3], "texture": "#0"}
			}
		},
		{
			"from": [5.66228, 2.31078, 7.17609],
			"to": [8.84378, 5.49228, 10.33108],
			"shade": false,
			"light_emission": 15,
			"rotation": {"angle": 12.5, "axis": "z", "origin": [7.25303, 3.6364, 8.74033]},
			"faces": {
				"north": {"uv": [10, 1.5, 11.5, 3], "texture": "#0"},
				"east": {"uv": [8.5, 1.5, 10, 3], "texture": "#0"},
				"south": {"uv": [7, 1.5, 8.5, 3], "texture": "#0"},
				"west": {"uv": [11.5, 1.5, 13, 3], "texture": "#0"},
				"up": {"uv": [10, 1.5, 8.5, 0], "texture": "#0"},
				"down": {"uv": [13, 2, 11.5, 3], "texture": "#0"}
			}
		},
		{
			"from": [7.65, -0.1, 6.94086],
			"to": [10.85, 4.1, 12.14086],
			"shade": false,
			"light_emission": 15,
			"rotation": {"angle": 0, "axis": "y", "origin": [9.25, 1.25, 9.54086]},
			"faces": {
				"north": {"uv": [9, 9.5, 10.5, 11.5], "texture": "#0"},
				"east": {"uv": [6.5, 9.5, 9, 11.5], "texture": "#0"},
				"south": {"uv": [9.5, 7.5, 11, 9.5], "texture": "#0"},
				"west": {"uv": [10.5, 9.5, 13, 11.5], "texture": "#0"},
				"up": {"uv": [9.5, 9.5, 8, 7], "texture": "#0"},
				"down": {"uv": [8, 7, 6.5, 9.5], "texture": "#0"}
			}
		},
		{
			"from": [4.65, -0.1, 5.94086],
			"to": [8.85, 3.1, 11.14086],
			"shade": false,
			"light_emission": 15,
			"rotation": {"angle": 0, "axis": "y", "origin": [7.25, 1.25, 8.54086]},
			"faces": {
				"north": {"uv": [6.5, 5.5, 8.5, 7], "texture": "#0"},
				"east": {"uv": [10.5, 4, 13, 5.5], "texture": "#0"},
				"south": {"uv": [11, 5.5, 13, 7], "texture": "#0"},
				"west": {"uv": [8.5, 5.5, 11, 7], "texture": "#0"},
				"up": {"uv": [10.5, 5.5, 8.5, 3], "texture": "#0"},
				"down": {"uv": [8.5, 3, 6.5, 5.5], "texture": "#0"}
			}
		},
		{
			"name": "cube_outline",
			"from": [8.84378, 5.49228, 10.33108],
			"to": [5.66228, 2.31078, 7.17609],
			"shade": false,
			"light_emission": 15,
			"rotation": {"angle": 12.5, "axis": "z", "origin": [7.25303, 3.6364, 8.74033]},
			"faces": {
				"north": {"uv": [7, 1.5, 8.5, 3], "rotation": 180, "texture": "#0"},
				"east": {"uv": [11.5, 1.5, 13, 3], "rotation": 180, "texture": "#0"},
				"south": {"uv": [11.5, 1.5, 10, 3], "rotation": 180, "texture": "#0"},
				"west": {"uv": [10, 1.5, 8.5, 3], "rotation": 180, "texture": "#0"},
				"up": {"uv": [13, 2, 11.5, 3], "rotation": 180, "texture": "#0"},
				"down": {"uv": [10, 0, 8.5, 1.5], "rotation": 180, "texture": "#0"}
			}
		},
		{
			"name": "cube_outline",
			"from": [8.85, 3.1, 11.14086],
			"to": [4.65, -0.1, 5.94086],
			"shade": false,
			"light_emission": 15,
			"rotation": {"angle": 0, "axis": "y", "origin": [7.25, 1.25, 8.54086]},
			"faces": {
				"north": {"uv": [13, 5.5, 11, 7], "rotation": 180, "texture": "#0"},
				"east": {"uv": [11, 5.5, 8.5, 7], "rotation": 180, "texture": "#0"},
				"south": {"uv": [8.5, 5.5, 6.5, 7], "rotation": 180, "texture": "#0"},
				"west": {"uv": [13, 4, 10.5, 5.5], "rotation": 180, "texture": "#0"},
				"up": {"uv": [8.5, 5.5, 6.5, 3], "rotation": 180, "texture": "#0"},
				"down": {"uv": [10.5, 3, 8.5, 5.5], "rotation": 180, "texture": "#0"}
			}
		},
		{
			"name": "cube_outline",
			"from": [10.85, 4.1, 12.14086],
			"to": [7.65, -0.1, 6.94086],
			"shade": false,
			"light_emission": 15,
			"rotation": {"angle": 0, "axis": "y", "origin": [9.25, 1.25, 9.54086]},
			"faces": {
				"north": {"uv": [11, 7.5, 9.5, 9.5], "rotation": 180, "texture": "#0"},
				"east": {"uv": [13, 9.5, 10.5, 11.5], "rotation": 180, "texture": "#0"},
				"south": {"uv": [10.5, 9.5, 9, 11.5], "rotation": 180, "texture": "#0"},
				"west": {"uv": [9, 9.5, 6.5, 11.5], "rotation": 180, "texture": "#0"},
				"up": {"uv": [8, 9.5, 6.5, 7], "rotation": 180, "texture": "#0"},
				"down": {"uv": [9.5, 7, 8, 9.5], "rotation": 180, "texture": "#0"}
			}
		},
		{
			"from": [3.70641, 2.81131, 10.83806],
			"to": [11.51091, 13.98869, 10.83806],
			"shade": false,
			"light_emission": 15,
			"rotation": {"angle": 22.5, "axis": "y", "origin": [7.80866, 8.4, 8.33806]},
			"faces": {
				"north": {"uv": [7.05, 0, 0, 10], "texture": "#3"},
				"east": {"uv": [0, 0, 0, 3], "texture": "#3"},
				"south": {"uv": [0, 0, 7.05, 10], "texture": "#3"},
				"west": {"uv": [0, 0, 0, 3], "texture": "#3"},
				"up": {"uv": [0, 0, 0, 0], "rotation": 270, "texture": "#3"},
				"down": {"uv": [0, 0, 0, 0], "rotation": 90, "texture": "#3"}
			}
		}
	],
	"display": {
		"thirdperson_righthand": {
			"rotation": [0, -180, 0],
			"translation": [0, 5.5, 1.25],
			"scale": [0.69, 0.69, 0.69]
		},
		"thirdperson_lefthand": {
			"rotation": [0, -180, 0],
			"translation": [0, 5.5, 1.25],
			"scale": [0.69, 0.69, 0.69]
		},
		"firstperson_righthand": {
			"rotation": [-179.46, 55.25, -179.9],
			"translation": [-3.25, 7.25, 4.5],
			"scale": [0.45, 0.45, 0.45]
		},
		"firstperson_lefthand": {
			"rotation": [-179.46, 55.25, -179.9],
			"translation": [-3.25, 7.25, 4.5],
			"scale": [0.45, 0.45, 0.45]
		}
	},
	"groups": [
		{
			"name": "dust",
			"origin": [8.125, 0, 7.74086],
			"color": 0,
			"children": [
				0,
				1,
				2,
				3,
				4,
				{
					"name": "group",
					"origin": [7.25303, 3.6364, 8.74033],
					"color": 0,
					"children": [5, 6, 7, 8, 9, 10]
				}
			]
		},
		11
	]
}