{
	"format_version": "1.21.6",
	"credit": "Made with Blockbench",
	"textures": {
		"3": "item/blaze_rod_hand"
	},
	"elements": [
		{
			"name": "handle",
			"from": [7.2, 0, 7.2],
			"to": [8.8, 11, 8.8],
			"light_emission": 15,
			"rotation": {"angle": 0, "axis": "y", "origin": [8, -1, 8]},
			"faces": {
				"north": {"uv": [0, 0, 2, 11], "texture": "#3"},
				"east": {"uv": [2, 0, 0, 11], "texture": "#3"},
				"south": {"uv": [0, 0, 2, 11], "texture": "#3"},
				"west": {"uv": [2, 0, 0, 11], "texture": "#3"},
				"up": {"uv": [2, 1, 0, 0], "rotation": 270, "texture": "#3"},
				"down": {"uv": [2, 0, 0, 1], "rotation": 90, "texture": "#3"}
			}
		},
		{
			"name": "handle_outline",
			"from": [9, 11.2, 9],
			"to": [7, -0.2, 7],
			"light_emission": 15,
			"rotation": {"angle": 0, "axis": "y", "origin": [8, -1, 8]},
			"faces": {
				"north": {"uv": [2, 0, 4, 2], "rotation": 180, "texture": "#3"},
				"east": {"uv": [2, 0, 4, 2], "rotation": 180, "texture": "#3"},
				"south": {"uv": [2, 0, 4, 2], "rotation": 180, "texture": "#3"},
				"west": {"uv": [2, 0, 4, 2], "rotation": 180, "texture": "#3"},
				"up": {"uv": [4, 0, 2, 2], "rotation": 180, "texture": "#3"},
				"down": {"uv": [4, 2, 2, 0], "rotation": 180, "texture": "#3"}
			}
		}
	],
	"display": {
		"thirdperson_righthand": {
			"translation": [0, 4.25, 1.5],
			"scale": [0.81, 0.81, 0.81]
		},
		"thirdperson_lefthand": {
			"translation": [0, 4.25, 1.5],
			"scale": [0.81, 0.81, 0.81]
		},
		"firstperson_righthand": {
			"rotation": [0.73, -78, -0.13],
			"translation": [-2.25, 6.25, 4.25],
			"scale": [0.48, 0.53, 0.48]
		},
		"firstperson_lefthand": {
			"rotation": [0.73, -78, -0.13],
			"translation": [-2.25, 6.25, 4.25],
			"scale": [0.48, 0.53, 0.48]
		},
		"ground": {
			"rotation": [0, 90, 0],
			"translation": [0, 2.5, 0],
			"scale": [0.5, 0.5, 0.5]
		},
		"gui": {
			"rotation": [0, 0, -45],
			"translation": [-2, -2.75, 0],
			"scale": [0.85, 0.85, 0.85]
		},
		"head": {
			"rotation": [0, 90, 0],
			"translation": [0.5, 14.5, 0]
		},
		"fixed": {
			"translation": [0.5, -2, 0],
			"scale": [0.75, 0.75, 0.75]
		}
	}
}