{
	"format_version": "1.21.6",
	"credit": "Made with Blockbench",
	"textures": {
		"2": "item/blue_egg_hand",
		"particle": "item/blue_egg_hand"
	},
	"elements": [
		{
			"from": [5.5, 0, 5.5],
			"to": [10.5, 7, 10.5],
			"rotation": {"angle": 0, "axis": "y", "origin": [6.5, 0, 4.5]},
			"faces": {
				"north": {"uv": [0, 0, 5, 7], "texture": "#2"},
				"east": {"uv": [0, 0, 5, 7], "texture": "#2"},
				"south": {"uv": [0, 0, 5, 7], "texture": "#2"},
				"west": {"uv": [0, 0, 5, 7], "texture": "#2"},
				"up": {"uv": [10, 5, 5, 0], "texture": "#2"},
				"down": {"uv": [10, 5, 5, 10], "texture": "#2"}
			}
		}
	],
	"display": {
		"thirdperson_righthand": {
			"rotation": [0, -90, 0],
			"translation": [0, 5.4, 1.5],
			"scale": [0.71, 0.67, 0.71]
		},
		"thirdperson_lefthand": {
			"rotation": [0, -90, 0],
			"translation": [0, 5.4, 1.5],
			"scale": [0.71, 0.67, 0.71]
		},
		"firstperson_righthand": {
			"rotation": [-1.1, 0.52, -0.29],
			"translation": [-1, 5.75, 3],
			"scale": [0.45, 0.48, 0.45]
		},
		"firstperson_lefthand": {
			"rotation": [-1.1, 0.52, -0.29],
			"translation": [-1, 5.75, 3],
			"scale": [0.45, 0.48, 0.45]
		},
		"ground": {
			"translation": [0, 4, 0],
			"scale": [0.56, 0.54, 0.56]
		}
	}
}