{
	"format_version": "1.21.6",
	"credit": "Made with Blockbench",
	"texture_size": [32, 32],
	"textures": {
		"3": "item/bogged_spawn_egg_hand"
	},
	"elements": [
		{
			"name": "egg",
			"from": [5, 0, 5],
			"to": [11, 7, 11],
			"rotation": {"angle": 0, "axis": "y", "origin": [5, 0, 5]},
			"faces": {
				"north": {"uv": [0, 0, 3, 3.5], "texture": "#3"},
				"east": {"uv": [3, 0, 6, 3.5], "texture": "#3"},
				"south": {"uv": [0, 3.5, 3, 7], "texture": "#3"},
				"west": {"uv": [6, 0, 3, 3.5], "texture": "#3"},
				"up": {"uv": [6, 6.5, 3, 3.5], "texture": "#3"},
				"down": {"uv": [9, 0, 6, 3], "texture": "#3"}
			}
		},
		{
			"name": "egg",
			"from": [4.97, -0.035, 4.97],
			"to": [11.03, 7.035, 11.03],
			"rotation": {"angle": 0, "axis": "y", "origin": [4.97, -0.035, 4.97]},
			"faces": {
				"north": {"uv": [0, 8, 3, 11.5], "texture": "#3"},
				"east": {"uv": [6, 11, 9, 14.5], "texture": "#3"},
				"south": {"uv": [0, 11.5, 3, 15], "texture": "#3"},
				"west": {"uv": [3, 8, 6, 11.5], "texture": "#3"},
				"up": {"uv": [6, 14.5, 3, 11.5], "texture": "#3"},
				"down": {"uv": [9, 8, 6, 11], "texture": "#3"}
			}
		},
		{
			"from": [9, 5, 4],
			"to": [12, 6, 7],
			"rotation": {"angle": 0, "axis": "y", "origin": [9, 5, 4]},
			"faces": {
				"north": {"uv": [7.5, 4, 9, 4.5], "texture": "#3"},
				"east": {"uv": [7.5, 4, 9, 4.5], "texture": "#3"},
				"south": {"uv": [7.5, 4, 9, 4.5], "texture": "#3"},
				"west": {"uv": [7.5, 4, 9, 4.5], "texture": "#3"},
				"up": {"uv": [7.5, 4.5, 6, 3], "texture": "#3"},
				"down": {"uv": [7.5, 4.5, 6, 6], "texture": "#3"}
			}
		},
		{
			"from": [9.8, 3, 5.9],
			"to": [12.8, 4, 8.9],
			"rotation": {"angle": 0, "axis": "y", "origin": [9.8, 3, 5.9]},
			"faces": {
				"north": {"uv": [7.5, 4, 9, 4.5], "texture": "#3"},
				"east": {"uv": [7.5, 4, 9, 4.5], "texture": "#3"},
				"south": {"uv": [7.5, 4, 9, 4.5], "texture": "#3"},
				"west": {"uv": [7.5, 4, 9, 4.5], "texture": "#3"},
				"up": {"uv": [7.5, 4.5, 6, 3], "texture": "#3"},
				"down": {"uv": [7.5, 4.5, 6, 6], "texture": "#3"}
			}
		},
		{
			"from": [4, 6.2, 7],
			"to": [7, 7.9, 10],
			"rotation": {"angle": 25, "axis": "z", "origin": [5.5, 7.2, 8.5]},
			"faces": {
				"north": {"uv": [4.5, 6.5, 6, 7.5], "texture": "#3"},
				"east": {"uv": [0, 7, 1.5, 8], "texture": "#3"},
				"south": {"uv": [1.5, 7, 3, 8], "texture": "#3"},
				"west": {"uv": [7.5, 3, 9, 4], "texture": "#3"},
				"up": {"uv": [7.5, 7.5, 6, 6], "texture": "#3"},
				"down": {"uv": [4.5, 6.5, 3, 8], "texture": "#3"}
			}
		},
		{
			"from": [4.97, -1.03, 4.97],
			"to": [11.03, -0.02, 11.03],
			"rotation": {"angle": 0, "axis": "y", "origin": [4.97, -1.03, 4.97]},
			"faces": {
				"north": {"uv": [7.5, 4.5, 10.5, 5], "texture": "#3"},
				"east": {"uv": [9, 3, 12, 3.5], "texture": "#3"},
				"south": {"uv": [9, 4, 12, 4.5], "texture": "#3"},
				"west": {"uv": [9, 3.5, 12, 4], "texture": "#3"},
				"up": {"uv": [7.5, 5, 10.5, 8], "texture": "#3"},
				"down": {"uv": [7.5, 5, 10.5, 8], "texture": "#3"}
			}
		}
	],
	"display": {
		"thirdperson_righthand": {
			"rotation": [0, 90, 0],
			"translation": [0, 4.95, 1.5],
			"scale": [0.62, 0.62, 0.62]
		},
		"thirdperson_lefthand": {
			"rotation": [0, 90, 0],
			"translation": [0, 4.95, 1.5],
			"scale": [0.62, 0.62, 0.62]
		},
		"firstperson_righthand": {
			"rotation": [0.73, 114, -0.13],
			"translation": [-3.5, 6.75, 5],
			"scale": [0.31, 0.35, 0.31]
		},
		"firstperson_lefthand": {
			"rotation": [0.73, 114, -0.13],
			"translation": [-3.5, 6.75, 5],
			"scale": [0.31, 0.35, 0.31]
		}
	}
}