{
	"format_version": "1.21.6",
	"credit": "Made with Blockbench",
	"texture_size": [32, 32],
	"textures": {
		"3": "item/book_hand"
	},
	"elements": [
		{
			"from": [3.95, 0, 1.5],
			"to": [12.95, 0.5, 14.5],
			"rotation": {"angle": 0, "axis": "y", "origin": [9.95, 0, 2.5]},
			"faces": {
				"north": {"uv": [10, 4, 14.5, 4.5], "texture": "#3"},
				"east": {"uv": [9, 3.5, 15.5, 4], "texture": "#3"},
				"south": {"uv": [10, 4.5, 14.5, 5], "texture": "#3"},
				"west": {"uv": [9, 3.5, 15.5, 4], "texture": "#3"},
				"up": {"uv": [4.5, 0, 9, 6.5], "texture": "#3"},
				"down": {"uv": [4.5, 0, 9, 6.5], "texture": "#3"}
			}
		},
		{
			"from": [3.95, 2.5, 1.5],
			"to": [12.95, 3, 14.5],
			"rotation": {"angle": 0, "axis": "y", "origin": [8.95, 2.75, 8]},
			"faces": {
				"north": {"uv": [10, 4, 14.5, 4.5], "texture": "#3"},
				"east": {"uv": [9, 3.5, 15.5, 4], "texture": "#3"},
				"south": {"uv": [10, 4.5, 14.5, 5], "texture": "#3"},
				"west": {"uv": [9, 3.5, 15.5, 4], "texture": "#3"},
				"up": {"uv": [4.5, 6.5, 0, 0], "texture": "#3"},
				"down": {"uv": [4.5, 6.5, 9, 0], "texture": "#3"}
			}
		},
		{
			"from": [2.95, 0, 1.5],
			"to": [3.95, 3, 14.5],
			"rotation": {"angle": 0, "axis": "y", "origin": [1.95, 0, 12.5]},
			"faces": {
				"north": {"uv": [9, 4, 9.5, 5.5], "texture": "#3"},
				"east": {"uv": [9, 0, 15.5, 1.5], "texture": "#3"},
				"south": {"uv": [9, 4, 9.5, 5.5], "texture": "#3"},
				"west": {"uv": [9, 0, 15.5, 1.5], "texture": "#3"},
				"up": {"uv": [9.5, 10.5, 9, 4], "texture": "#3"},
				"down": {"uv": [9.5, 4, 9, 10.5], "texture": "#3"}
			}
		},
		{
			"from": [3.95, 0.5, 2],
			"to": [12.45, 2.5, 14],
			"rotation": {"angle": 0, "axis": "y", "origin": [2.95, 0, 12.5]},
			"faces": {
				"north": {"uv": [13.5, 2.5, 9, 3.5], "texture": "#3"},
				"east": {"uv": [9, 1.5, 15, 2.5], "texture": "#3"},
				"south": {"uv": [9, 2.5, 13.5, 3.5], "texture": "#3"},
				"west": {"uv": [9, 1.5, 15, 2.5], "texture": "#3"},
				"up": {"uv": [4.5, 12.5, 0, 6.5], "texture": "#3"},
				"down": {"uv": [9, 6.5, 4.5, 12.5], "texture": "#3"}
			}
		}
	],
	"display": {
		"thirdperson_righthand": {
			"rotation": [90, 0, 90],
			"translation": [-3.75, -1.75, -0.5],
			"scale": [0.55, 0.55, 0.55]
		},
		"thirdperson_lefthand": {
			"rotation": [90, 0, 90],
			"translation": [-3.5, -1.75, -0.5],
			"scale": [0.55, 0.55, 0.55]
		},
		"firstperson_righthand": {
			"rotation": [85.73, -2.53, 87.11],
			"translation": [-3, 3.5, 1.25],
			"scale": [0.47, 0.47, 0.47]
		},
		"firstperson_lefthand": {
			"rotation": [85.73, -2.53, 87.11],
			"translation": [-3, 3.5, 1.25],
			"scale": [0.47, 0.47, 0.47]
		}
	},
	"groups": [
		{
			"name": "book base",
			"origin": [4.75, 0, 12.5],
			"color": 0,
			"children": [0, 1, 2, 3]
		}
	]
}