{
	"format_version": "1.21.6",
	"credit": "Made with Blockbench",
	"textures": {
		"1": "item/breeze_spawn_egg_hand",
		"2": "item/breeze_egg_hand"
	},
	"elements": [
		{
			"name": "egg",
			"from": [5, 0, 5],
			"to": [11, 7, 11],
			"shade": false,
			"light_emission": 5,
			"rotation": {"angle": 0, "axis": "y", "origin": [5, 0, 5]},
			"faces": {
				"north": {"uv": [0, 0, 6, 7], "texture": "#1"},
				"east": {"uv": [6, 0, 12, 7], "texture": "#1"},
				"south": {"uv": [6, 0, 12, 7], "texture": "#1"},
				"west": {"uv": [6, 0, 12, 7], "texture": "#1"},
				"up": {"uv": [6, 13, 0, 7], "texture": "#1"},
				"down": {"uv": [12, 7, 6, 13], "texture": "#1"}
			}
		},
		{
			"from": [4.8, 2.4, 4.9],
			"to": [4.8, 5.4, 5.9],
			"shade": false,
			"rotation": {"angle": -30, "axis": "y", "origin": [4.8, 3.9, 4.9]},
			"faces": {
				"north": {"uv": [0, 0, 0, 2], "texture": "#1"},
				"east": {"uv": [3, 13, 2, 16], "texture": "#1"},
				"south": {"uv": [0, 0, 0, 2], "texture": "#1"},
				"west": {"uv": [2, 13, 3, 16], "texture": "#1"},
				"up": {"uv": [0.85714, 0, 0.57143, 0], "rotation": 270, "texture": "#1"},
				"down": {"uv": [0.85714, 0, 0.57143, 0], "rotation": 90, "texture": "#1"}
			}
		},
		{
			"from": [4.8, 2.4, 5.9],
			"to": [4.8, 5.4, 9.9],
			"shade": false,
			"rotation": {"angle": -30, "axis": "y", "origin": [4.8, 3.9, 4.9]},
			"faces": {
				"north": {"uv": [0, 0, 0, 2], "texture": "#1"},
				"east": {"uv": [7, 13, 3, 16], "texture": "#1"},
				"south": {"uv": [0, 0, 0, 2], "texture": "#1"},
				"west": {"uv": [3, 13, 7, 16], "texture": "#1"},
				"up": {"uv": [2, 0, 0.85714, 0], "rotation": 270, "texture": "#1"},
				"down": {"uv": [2, 0, 0.85714, 0], "rotation": 90, "texture": "#1"}
			}
		},
		{
			"from": [4.8, 2.4, 4.9],
			"to": [6.8, 5.4, 4.9],
			"shade": false,
			"rotation": {"angle": 0, "axis": "y", "origin": [1.8, 2.4, 4.9]},
			"faces": {
				"north": {"uv": [0, 13, 2, 16], "texture": "#1"},
				"east": {"uv": [0, 0, 0, 2], "texture": "#1"},
				"south": {"uv": [2, 13, 0, 16], "texture": "#1"},
				"west": {"uv": [0, 0, 0, 2], "texture": "#1"},
				"up": {"uv": [0.57143, 0, 0, 0], "texture": "#1"},
				"down": {"uv": [0.57143, 0, 0, 0], "texture": "#1"}
			}
		},
		{
			"from": [11.2, 2.4, 4.9],
			"to": [11.2, 5.4, 5.9],
			"shade": false,
			"rotation": {"angle": 30, "axis": "y", "origin": [11.2, 3.9, 4.9]},
			"faces": {
				"north": {"uv": [0, 0, 0, 2], "texture": "#1"},
				"east": {"uv": [3, 13, 2, 16], "texture": "#1"},
				"south": {"uv": [0, 0, 0, 2], "texture": "#1"},
				"west": {"uv": [2, 13, 3, 16], "texture": "#1"},
				"up": {"uv": [0.85714, 0, 0.57143, 0], "rotation": 270, "texture": "#1"},
				"down": {"uv": [0.85714, 0, 0.57143, 0], "rotation": 90, "texture": "#1"}
			}
		},
		{
			"from": [11.2, 2.4, 5.9],
			"to": [11.2, 5.4, 9.9],
			"shade": false,
			"rotation": {"angle": 30, "axis": "y", "origin": [11.2, 3.9, 4.9]},
			"faces": {
				"north": {"uv": [0, 0, 0, 2], "texture": "#1"},
				"east": {"uv": [7, 13, 3, 16], "texture": "#1"},
				"south": {"uv": [0, 0, 0, 2], "texture": "#1"},
				"west": {"uv": [3, 13, 7, 16], "texture": "#1"},
				"up": {"uv": [2, 0, 0.85714, 0], "rotation": 270, "texture": "#1"},
				"down": {"uv": [2, 0, 0.85714, 0], "rotation": 90, "texture": "#1"}
			}
		},
		{
			"from": [9.2, 2.4, 4.9],
			"to": [11.2, 5.4, 4.9],
			"shade": false,
			"rotation": {"angle": 0, "axis": "y", "origin": [14.2, 2.4, 4.9]},
			"faces": {
				"north": {"uv": [2, 13, 0, 16], "texture": "#1"},
				"east": {"uv": [0, 0, 0, 2], "texture": "#1"},
				"south": {"uv": [0, 13, 2, 16], "texture": "#1"},
				"west": {"uv": [0, 0, 0, 2], "texture": "#1"},
				"up": {"uv": [0, 0, 0.57143, 0], "texture": "#1"},
				"down": {"uv": [0, 0, 0.57143, 0], "texture": "#1"}
			}
		},
		{
			"from": [4.22, -0.02, 4.22],
			"to": [11.78, 2.02, 11.78],
			"shade": false,
			"light_emission": 15,
			"rotation": {"angle": 0, "axis": "y", "origin": [8, -0.5, 8]},
			"faces": {
				"north": {"uv": [1.5, 3.75, 3, 4.25], "texture": "#2"},
				"east": {"uv": [0, 3.75, 1.5, 4.25], "texture": "#2"},
				"south": {"uv": [4.5, 3.75, 6, 4.25], "texture": "#2"},
				"west": {"uv": [3, 3.75, 4.5, 4.25], "texture": "#2"}
			}
		},
		{
			"name": "cube_outline",
			"from": [11.78, 2.02, 11.78],
			"to": [4.22, -0.02, 4.22],
			"shade": false,
			"light_emission": 15,
			"rotation": {"angle": 0, "axis": "y", "origin": [8, -0.5, 8]},
			"faces": {
				"north": {"uv": [6, 3.75, 4.5, 4.25], "rotation": 180, "texture": "#2"},
				"east": {"uv": [4.5, 3.75, 3, 4.25], "rotation": 180, "texture": "#2"},
				"south": {"uv": [3, 3.75, 1.5, 4.25], "rotation": 180, "texture": "#2"},
				"west": {"uv": [1.5, 3.75, 0, 4.25], "rotation": 180, "texture": "#2"}
			}
		}
	],
	"display": {
		"thirdperson_righthand": {
			"rotation": [0, 90, 0],
			"translation": [0, 4.95, 1.5],
			"scale": [0.62, 0.62, 0.62]
		},
		"thirdperson_lefthand": {
			"rotation": [0, 90, 0],
			"translation": [0, 4.95, 1.5],
			"scale": [0.62, 0.62, 0.62]
		},
		"firstperson_righthand": {
			"rotation": [0.73, 114, -0.13],
			"translation": [-3.5, 6.75, 5],
			"scale": [0.31, 0.35, 0.31]
		},
		"firstperson_lefthand": {
			"rotation": [0.73, 114, -0.13],
			"translation": [-3.5, 6.75, 5],
			"scale": [0.31, 0.35, 0.31]
		},
		"ground": {
			"translation": [0, 5, 0]
		},
		"gui": {
			"rotation": [30, -135, 0],
			"translation": [0, 5.5, 0]
		},
		"head": {
			"translation": [0, 25.5, 0],
			"scale": [4, 4, 4]
		},
		"fixed": {
			"translation": [0, 6, -1]
		}
	},
	"groups": [
		0,
		{
			"name": "group",
			"origin": [1.8, 2.4, 4.9],
			"color": 0,
			"children": [1, 2, 3]
		},
		{
			"name": "group",
			"origin": [1.8, 2.4, 4.9],
			"color": 0,
			"children": [4, 5, 6]
		},
		7,
		8
	]
}