{
	"format_version": "1.21.6",
	"credit": "Made with Blockbench",
	"texture_size": [32, 32],
	"textures": {
		"3": "item/bucket_hand"
	},
	"elements": [
		{
			"from": [3, 2, 3],
			"to": [12, 11, 4],
			"shade": false,
			"rotation": {"angle": 0, "axis": "y", "origin": [3, 1, 3]},
			"faces": {
				"north": {"uv": [4.5, 0, 9, 4.5], "texture": "#3"},
				"east": {"uv": [1, 9, 1.5, 13.5], "texture": "#3"},
				"south": {"uv": [0, 0, 4.5, 4.5], "texture": "#3"},
				"west": {"uv": [0, 9, 0.5, 13.5], "texture": "#3"},
				"up": {"uv": [9, 4.5, 9.5, 0], "rotation": 90, "texture": "#3"},
				"down": {"uv": [3.5, 9.5, 3, 10], "texture": "#3"}
			}
		},
		{
			"from": [3, 2, 4],
			"to": [4, 11, 13],
			"shade": false,
			"rotation": {"angle": 0, "axis": "y", "origin": [3, 1, 13]},
			"faces": {
				"north": {"uv": [1.5, 9, 2, 13.5], "texture": "#3"},
				"east": {"uv": [0, 0, 4.5, 4.5], "texture": "#3"},
				"south": {"uv": [0, 9, 0.5, 13.5], "texture": "#3"},
				"west": {"uv": [0, 4.5, 4.5, 9], "texture": "#3"},
				"up": {"uv": [9.5, 4.5, 9, 0], "texture": "#3"},
				"down": {"uv": [1, 9, 0.5, 13.5], "texture": "#3"}
			}
		},
		{
			"from": [4, 2, 12],
			"to": [13, 11, 13],
			"shade": false,
			"rotation": {"angle": 0, "axis": "y", "origin": [13, 1, 13]},
			"faces": {
				"north": {"uv": [0, 0, 4.5, 4.5], "texture": "#3"},
				"east": {"uv": [0, 9, 0.5, 13.5], "texture": "#3"},
				"south": {"uv": [0, 4.5, 4.5, 9], "texture": "#3"},
				"west": {"uv": [1.5, 9, 2, 13.5], "texture": "#3"},
				"up": {"uv": [9, 0, 9.5, 4.5], "rotation": 90, "texture": "#3"},
				"down": {"uv": [1, 9.5, 0.5, 9], "texture": "#3"}
			}
		},
		{
			"from": [12, 2, 3],
			"to": [13, 11, 12],
			"shade": false,
			"rotation": {"angle": 0, "axis": "y", "origin": [12, 1, 13]},
			"faces": {
				"north": {"uv": [2, 9, 2.5, 13.5], "texture": "#3"},
				"east": {"uv": [0, 4.5, 4.5, 9], "texture": "#3"},
				"south": {"uv": [2.5, 9, 3, 13.5], "texture": "#3"},
				"west": {"uv": [0, 0, 4.5, 4.5], "texture": "#3"},
				"up": {"uv": [9.5, 0, 9, 4.5], "texture": "#3"},
				"down": {"uv": [3.5, 9, 3, 13.5], "texture": "#3"}
			}
		},
		{
			"from": [4, 0, 4],
			"to": [12, 2, 12],
			"shade": false,
			"rotation": {"angle": 0, "axis": "y", "origin": [4, 0, 4]},
			"faces": {
				"north": {"uv": [0, 13.5, 4, 14.5], "texture": "#3"},
				"east": {"uv": [0, 13.5, 4, 14.5], "texture": "#3"},
				"south": {"uv": [0, 13.5, 4, 14.5], "texture": "#3"},
				"west": {"uv": [0, 13.5, 4, 14.5], "texture": "#3"},
				"up": {"uv": [8.5, 8.5, 4.5, 4.5], "texture": "#3"},
				"down": {"uv": [8.5, 8.5, 4.5, 12.5], "texture": "#3"}
			}
		}
	],
	"display": {
		"thirdperson_righthand": {
			"rotation": [68, 0, 0],
			"translation": [-0.05, 0.5, -1.5],
			"scale": [0.57, 0.59, 0.57]
		},
		"thirdperson_lefthand": {
			"rotation": [68, 0, 0],
			"translation": [-0.05, 0.5, -1.5],
			"scale": [0.57, 0.59, 0.57]
		},
		"firstperson_righthand": {
			"rotation": [-178.96, -21.01, 179.34],
			"translation": [-2.5, 4.5, 3.75],
			"scale": [0.31, 0.38, 0.31]
		},
		"firstperson_lefthand": {
			"rotation": [-178.96, -21.01, 179.34],
			"translation": [-2.5, 4.5, 3.75],
			"scale": [0.31, 0.38, 0.31]
		}
	}
}