{
	"format_version": "1.21.6",
	"credit": "Made with Blockbench",
	"texture_size": [32, 32],
	"textures": {
		"1": "item/camel_husk_spawn_egg_hand",
		"particle": "item/camel_husk_spawn_egg_hand"
	},
	"elements": [
		{
			"name": "egg",
			"from": [5, 0, 5],
			"to": [11, 7, 11],
			"rotation": {"angle": 0, "axis": "y", "origin": [5, 0, 5]},
			"faces": {
				"north": {"uv": [0, 0, 3, 3.5], "texture": "#1"},
				"east": {"uv": [6, 0, 3, 3.5], "texture": "#1"},
				"south": {"uv": [0, 3.5, 3, 7], "texture": "#1"},
				"west": {"uv": [3, 0, 6, 3.5], "texture": "#1"},
				"up": {"uv": [6, 6.5, 3, 3.5], "texture": "#1"},
				"down": {"uv": [9, 0, 6, 3], "texture": "#1"}
			}
		},
		{
			"from": [6, 0, 3],
			"to": [10, 3, 5],
			"rotation": {"angle": 0, "axis": "y", "origin": [5, 0, 3]},
			"faces": {
				"north": {"uv": [6, 3, 8, 4.5], "texture": "#1"},
				"east": {"uv": [5, 6.5, 6, 8], "texture": "#1"},
				"south": {"uv": [6, 3, 8, 4.5], "texture": "#1"},
				"west": {"uv": [6, 6.5, 5, 8], "texture": "#1"},
				"up": {"uv": [8, 7, 6, 6], "texture": "#1"},
				"down": {"uv": [5, 6.5, 3, 7.5], "texture": "#1"}
			}
		},
		{
			"from": [4.4, 6.075, 7],
			"to": [5.4, 9.075, 9],
			"rotation": {"angle": 32.5, "axis": "z", "origin": [4.9, 7.075, 8]},
			"faces": {
				"north": {"uv": [1.5, 7, 2, 8.5], "texture": "#1"},
				"east": {"uv": [1, 7, 2, 8.5], "texture": "#1"},
				"south": {"uv": [1.5, 7, 2, 8.5], "texture": "#1"},
				"west": {"uv": [0, 7, 1, 8.5], "texture": "#1"},
				"up": {"uv": [2.5, 8, 2, 7], "texture": "#1"},
				"down": {"uv": [3, 7, 2.5, 8], "texture": "#1"}
			}
		},
		{
			"from": [10.6, 6.075, 7],
			"to": [11.6, 9.075, 9],
			"rotation": {"angle": -32.5, "axis": "z", "origin": [11.1, 7.075, 8]},
			"faces": {
				"north": {"uv": [2, 7, 1.5, 8.5], "texture": "#1"},
				"east": {"uv": [1, 7, 0, 8.5], "texture": "#1"},
				"south": {"uv": [2, 7, 1.5, 8.5], "texture": "#1"},
				"west": {"uv": [2, 7, 1, 8.5], "texture": "#1"},
				"up": {"uv": [2, 8, 2.5, 7], "texture": "#1"},
				"down": {"uv": [2.5, 7, 3, 8], "texture": "#1"}
			}
		}
	],
	"display": {
		"thirdperson_righthand": {
			"rotation": [0, 90, 0],
			"translation": [0, 4.95, 1.5],
			"scale": [0.62, 0.62, 0.62]
		},
		"thirdperson_lefthand": {
			"rotation": [0, 90, 0],
			"translation": [0, 4.95, 1.5],
			"scale": [0.62, 0.62, 0.62]
		},
		"firstperson_righthand": {
			"rotation": [0.73, 114, -0.13],
			"translation": [-3.5, 6.75, 5],
			"scale": [0.31, 0.35, 0.31]
		},
		"firstperson_lefthand": {
			"rotation": [0.73, 114, -0.13],
			"translation": [-3.5, 6.75, 5],
			"scale": [0.31, 0.35, 0.31]
		}
	}
}