{
	"format_version": "1.21.6",
	"credit": "Made with Blockbench",
	"textures": {
		"1": "item/campfire_hand",
		"2": "item/campfire_fire_hand",
		"particle": "item/campfire_fire_hand"
	},
	"elements": [
		{
			"from": [10, 1.5, 2],
			"to": [13, 4.5, 14],
			"rotation": {"angle": 0, "axis": "y", "origin": [11.5, 3, 8]},
			"faces": {
				"north": {"uv": [3, 3, 6, 6], "texture": "#1"},
				"east": {"uv": [12, 0, 0, 3], "texture": "#1"},
				"south": {"uv": [3, 3, 6, 6], "texture": "#1"},
				"west": {"uv": [0, 3, 12, 0], "texture": "#1"},
				"up": {"uv": [0, 0, 12, 3], "rotation": 90, "texture": "#1"},
				"down": {"uv": [0, 0, 12, 3], "rotation": 270, "texture": "#1"}
			}
		},
		{
			"from": [2, 0, 3],
			"to": [14, 3, 6],
			"rotation": {"angle": 0, "axis": "y", "origin": [2, 0, 3]},
			"faces": {
				"north": {"uv": [12, 0, 0, 3], "texture": "#1"},
				"east": {"uv": [3, 3, 6, 6], "texture": "#1"},
				"south": {"uv": [0, 3, 12, 0], "texture": "#1"},
				"west": {"uv": [3, 3, 6, 6], "texture": "#1"},
				"up": {"uv": [0, 0, 12, 3], "texture": "#1"},
				"down": {"uv": [0, 0, 12, 3], "texture": "#1"}
			}
		},
		{
			"from": [2, 0, 10],
			"to": [14, 3, 13],
			"rotation": {"angle": 0, "axis": "y", "origin": [2, 0, 10]},
			"faces": {
				"north": {"uv": [12, 0, 0, 3], "texture": "#1"},
				"east": {"uv": [3, 3, 6, 6], "texture": "#1"},
				"south": {"uv": [0, 3, 12, 0], "texture": "#1"},
				"west": {"uv": [3, 3, 6, 6], "texture": "#1"},
				"up": {"uv": [0, 0, 12, 3], "texture": "#1"},
				"down": {"uv": [0, 0, 12, 3], "texture": "#1"}
			}
		},
		{
			"from": [3, 1.5, 2],
			"to": [6, 4.5, 14],
			"rotation": {"angle": 0, "axis": "y", "origin": [4.5, 3, 8]},
			"faces": {
				"north": {"uv": [3, 3, 6, 6], "texture": "#1"},
				"east": {"uv": [12, 0, 0, 3], "texture": "#1"},
				"south": {"uv": [3, 3, 6, 6], "texture": "#1"},
				"west": {"uv": [0, 3, 12, 0], "texture": "#1"},
				"up": {"uv": [0, 0, 12, 3], "rotation": 90, "texture": "#1"},
				"down": {"uv": [0, 0, 12, 3], "rotation": 270, "texture": "#1"}
			}
		},
		{
			"from": [1.92, 0.92, 8],
			"to": [14.08, 13.08, 8],
			"rotation": {"angle": 0, "axis": "y", "origin": [8, 7, 8]},
			"faces": {
				"north": {"uv": [0, 0, 16, 16], "texture": "#2"},
				"east": {"uv": [0, 0, 0, 16], "texture": "#2"},
				"south": {"uv": [0, 0, 16, 16], "texture": "#2"},
				"west": {"uv": [0, 0, 0, 16], "texture": "#2"},
				"up": {"uv": [0, 0, 16, 0], "rotation": 180, "texture": "#2"},
				"down": {"uv": [0, 0, 16, 0], "rotation": 180, "texture": "#2"}
			}
		},
		{
			"from": [8, 0.92, 1.92],
			"to": [8, 13.08, 14.08],
			"rotation": {"angle": 0, "axis": "y", "origin": [8, 7, 8]},
			"faces": {
				"north": {"uv": [0, 0, 0, 16], "texture": "#2"},
				"east": {"uv": [0, 0, 16, 16], "texture": "#2"},
				"south": {"uv": [0, 0, 0, 16], "texture": "#2"},
				"west": {"uv": [0, 0, 16, 16], "texture": "#2"},
				"up": {"uv": [0, 0, 16, 0], "rotation": 270, "texture": "#2"},
				"down": {"uv": [0, 0, 16, 0], "rotation": 90, "texture": "#2"}
			}
		},
		{
			"from": [2, 0, 6],
			"to": [14, 1, 10],
			"rotation": {"angle": 0, "axis": "y", "origin": [12, 0, 6]},
			"faces": {
				"north": {"uv": [0, 9, 12, 10], "texture": "#1"},
				"east": {"uv": [4, 7, 8, 8], "texture": "#1"},
				"south": {"uv": [0, 9, 12, 10], "texture": "#1"},
				"west": {"uv": [5, 8, 9, 9], "texture": "#1"},
				"up": {"uv": [0, 6, 12, 10], "texture": "#1"},
				"down": {"uv": [0, 10, 12, 6], "texture": "#1"}
			}
		}
	],
	"display": {
		"thirdperson_righthand": {
			"rotation": [68, 0, 0],
			"translation": [-0.05, 2.25, 1.5],
			"scale": [0.47, 0.48, 0.47]
		},
		"thirdperson_lefthand": {
			"rotation": [68, 0, 0],
			"translation": [-0.05, 2.25, 1.5],
			"scale": [0.47, 0.48, 0.47]
		},
		"firstperson_righthand": {
			"rotation": [0.73, 114, -0.13],
			"translation": [-3.5, 5.75, 5],
			"scale": [0.31, 0.34, 0.31]
		},
		"firstperson_lefthand": {
			"rotation": [0.73, 114, -0.13],
			"translation": [-3.5, 5.75, 5],
			"scale": [0.31, 0.34, 0.31]
		}
	},
	"groups": [
		{
			"name": "logs",
			"origin": [11.5, 3.5, 8],
			"color": 0,
			"children": [0, 1, 2, 3]
		},
		{
			"name": "fire",
			"origin": [8, 8, 8],
			"color": 0,
			"children": [4, 5]
		},
		6
	]
}