{
	"format_version": "1.21.11",
	"credit": "Made with Blockbench",
	"texture_size": [32, 32],
	"textures": {
		"0": "item/clock_hand",
		"particle": "item/clock_hand"
	},
	"elements": [
		{
			"from": [3, 0, 9.25],
			"to": [4, 3, 18.25],
			"rotation": {"x": -90, "y": 0, "z": 0, "origin": [3, 0, 9.25]},
			"faces": {
				"north": {"uv": [9.5, 1.5, 10, 3], "texture": "#0"},
				"east": {"uv": [5.9, 1.5, 9.5, 2], "texture": "#0"},
				"south": {"uv": [5, 0, 5.5, 1.5], "texture": "#0"},
				"west": {"uv": [10, 1.5, 5.5, 3], "texture": "#0"},
				"up": {"uv": [5, 5, 4.5, 0.5], "texture": "#0"},
				"down": {"uv": [5, 5.5, 4.5, 10], "texture": "#0"}
			}
		},
		{
			"from": [4, 0, 9.25],
			"to": [12, 3, 10.25],
			"rotation": {"x": -90, "y": 0, "z": 0, "origin": [3, 0, 9.25]},
			"faces": {
				"north": {"uv": [5.5, 0, 9.5, 1.5], "texture": "#0"},
				"east": {"uv": [9.5, 0, 10, 1.5], "texture": "#0"},
				"south": {"uv": [9.5, 0, 5.5, 1.5], "texture": "#0"},
				"west": {"uv": [5, 0, 5.5, 1.5], "texture": "#0"},
				"up": {"uv": [4.5, 5, 0.5, 4.5], "texture": "#0"},
				"down": {"uv": [4.5, 9.5, 0.5, 10], "texture": "#0"}
			}
		},
		{
			"from": [4, 5, 3.2],
			"to": [12, 5, 11.2],
			"rotation": {"x": -90, "y": 0, "z": -50.625, "origin": [8, 5, 7.2]},
			"faces": {
				"north": {"uv": [0, 0, 5, 0], "texture": "#0"},
				"east": {"uv": [0, 0, 5, 0], "texture": "#0"},
				"south": {"uv": [0, 0, 5, 0], "texture": "#0"},
				"west": {"uv": [0, 0, 5, 0], "texture": "#0"},
				"up": {"uv": [10, 5, 14.975, 10], "texture": "#0"},
				"down": {"uv": [10, 5, 14.975, 10], "texture": "#0"}
			}
		},
		{
			"from": [3.225, 5, 3.225],
			"to": [12.3, 5, 7.225],
			"rotation": {"x": -90, "y": 0, "z": -50.625, "origin": [8, 5, 7.225]},
			"faces": {
				"north": {"uv": [0, 0, 5, 0], "texture": "#0"},
				"east": {"uv": [2.5, 0, 5, 0], "texture": "#0"},
				"south": {"uv": [0, 0, 5, 0], "texture": "#0"},
				"west": {"uv": [0, 0, 2.5, 0], "texture": "#0"},
				"up": {"uv": [0, 10, 4.975, 12.5], "texture": "#0"},
				"down": {"uv": [0, 12.5, 4.975, 15], "texture": "#0"}
			}
		},
		{
			"from": [2.775, 5, 7.225],
			"to": [12.3, 5, 7.675],
			"rotation": {"x": -90, "y": 0, "z": -50.625, "origin": [8, 5, 7.225]},
			"faces": {
				"north": {"uv": [0, 0, 5, 0], "texture": "#0"},
				"east": {"uv": [2.21875, 0, 2.5, 0], "texture": "#0"},
				"south": {"uv": [0, 0, 5, 0], "texture": "#0"},
				"west": {"uv": [2.5, 0, 2.78125, 0], "texture": "#0"},
				"up": {"uv": [0, 12.5, 4.975, 12.78125], "texture": "#0"},
				"down": {"uv": [0, 12.21875, 4.975, 12.5], "texture": "#0"}
			}
		},
		{
			"from": [3.225, 5, 7.675],
			"to": [12.3, 5, 11.225],
			"rotation": {"x": -90, "y": 0, "z": -50.625, "origin": [8, 5, 7.225]},
			"faces": {
				"north": {"uv": [0, 0, 5, 0], "texture": "#0"},
				"east": {"uv": [0, 0, 2.21875, 0], "texture": "#0"},
				"south": {"uv": [0, 0, 5, 0], "texture": "#0"},
				"west": {"uv": [2.78125, 0, 5, 0], "texture": "#0"},
				"up": {"uv": [0, 12.78125, 4.975, 15], "texture": "#0"},
				"down": {"uv": [0, 10, 4.975, 12.21875], "texture": "#0"}
			}
		},
		{
			"from": [3, 0, 18.25],
			"to": [12, 3, 19.25],
			"rotation": {"x": -90, "y": 0, "z": 0, "origin": [3, 0, 9.25]},
			"faces": {
				"north": {"uv": [9.5, 4.5, 5, 5], "texture": "#0"},
				"east": {"uv": [5, 0, 5.5, 1.5], "texture": "#0"},
				"south": {"uv": [5, 4.5, 9.5, 6], "texture": "#0"},
				"west": {"uv": [5, 0, 5.5, 1.5], "texture": "#0"},
				"up": {"uv": [5, 0.5, 0.5, 0], "texture": "#0"},
				"down": {"uv": [5, 5, 0.5, 5.5], "texture": "#0"}
			}
		},
		{
			"from": [12, 0, 9.25],
			"to": [13, 3, 19.25],
			"rotation": {"x": -90, "y": 0, "z": 0, "origin": [3, 0, 9.25]},
			"faces": {
				"north": {"uv": [5, 3, 5.5, 4.5], "texture": "#0"},
				"east": {"uv": [10, 3, 5, 4.5], "texture": "#0"},
				"south": {"uv": [9.5, 0, 10, 1.5], "texture": "#0"},
				"west": {"uv": [5, 3, 10, 3.5], "texture": "#0"},
				"up": {"uv": [0.5, 5, 0, 0], "texture": "#0"},
				"down": {"uv": [0.5, 5, 0, 10], "texture": "#0"}
			}
		},
		{
			"from": [4, 1, 6.25],
			"to": [12, 4, 7.25],
			"rotation": {"x": 0, "y": 0, "z": 0, "origin": [10, 2, 6.25]},
			"faces": {
				"north": {"uv": [5, 6, 9, 7.5], "texture": "#0"},
				"east": {"uv": [5.5, 6, 6, 7.5], "texture": "#0"},
				"south": {"uv": [5, 6, 9, 7.5], "texture": "#0"},
				"west": {"uv": [5, 6, 5.5, 7.5], "texture": "#0"},
				"up": {"uv": [9, 6, 5, 6.5], "texture": "#0"},
				"down": {"uv": [5, 6.5, 9, 7], "texture": "#0"}
			}
		},
		{
			"from": [7, 3, 6.25],
			"to": [9, 5, 7.25],
			"rotation": {"x": 0, "y": 0, "z": -90, "origin": [8, 4, 6.75]},
			"faces": {
				"north": {"uv": [5, 7.5, 6, 8.5], "texture": "#0"},
				"east": {"uv": [5, 7.5, 5.5, 8.5], "texture": "#0"},
				"south": {"uv": [0, 0, 1, 0.5], "texture": "#0"},
				"west": {"uv": [5.5, 7.5, 6, 8.5], "texture": "#0"},
				"up": {"uv": [5.5, 8.5, 6, 7.5], "rotation": 90, "texture": "#0"},
				"down": {"uv": [6, 8, 5, 8.5], "texture": "#0"}
			}
		},
		{
			"from": [4, 1, 7.25],
			"to": [12, 9, 9.25],
			"rotation": {"x": 0, "y": 0, "z": 0, "origin": [4, 1, 7.25]},
			"faces": {
				"north": {"uv": [10, 1.1, 15, 3.45], "rotation": 90, "texture": "#0"},
				"east": {"uv": [0, 0, 1, 1], "texture": "#0"},
				"south": {"uv": [0.5, 5.5, 4.5, 9.5], "texture": "#0"},
				"west": {"uv": [0, 0, 1, 1], "texture": "#0"},
				"up": {"uv": [0, 0, 4, 1], "texture": "#0"},
				"down": {"uv": [0, 0, 4, 1], "texture": "#0"}
			}
		}
	],
	"display": {
		"thirdperson_righthand": {
			"rotation": [0, -180, 0],
			"translation": [0, 3.9, 1.5],
			"scale": [0.49, 0.49, 0.49]
		},
		"thirdperson_lefthand": {
			"rotation": [0, -180, 0],
			"translation": [0, 3.9, 1.5],
			"scale": [0.49, 0.49, 0.49]
		},
		"firstperson_righthand": {
			"rotation": [-180, 44.75, -180],
			"translation": [-0.75, 4.9, 1.5],
			"scale": [0.42, 0.45, 0.45]
		},
		"firstperson_lefthand": {
			"rotation": [-180, 44.75, -180],
			"translation": [-0.75, 4.9, 1.5],
			"scale": [0.42, 0.45, 0.45]
		}
	},
	"groups": [
		0,
		1,
		{
			"name": "group",
			"origin": [8, 5, 7.2],
			"color": 0,
			"children": [2, 3, 4, 5]
		},
		6,
		7,
		8,
		9,
		10
	]
}