{
	"credit": "Made with Blockbench by Zentheon",
	"textures": {
		"2": "block/acacia_handle",
		"side": "block/acacia_sides",
		"particle": "block/acacia_trapdoor",
		"main": "block/acacia_trapdoor"
	},
	"elements": [
		{
			"from": [2, 13, 13],
			"to": [14, 16, 16],
			"rotation": {"angle": 0, "axis": "y", "origin": [8, 8, 21]},
			"faces": {
				"north": {"uv": [2, 3, 14, 0], "rotation": 180, "texture": "#main"},
				"south": {"uv": [2, 3, 14, 0], "rotation": 180, "texture": "#main", "cullface": "south"},
				"up": {"uv": [6, 2, 3, 14], "rotation": 90, "texture": "#side", "cullface": "up"},
				"down": {"uv": [2, 3, 14, 0], "texture": "#main"}
			}
		},
		{
			"from": [0, 0, 13],
			"to": [2, 16, 16],
			"rotation": {"angle": 0, "axis": "y", "origin": [8, 8, 21]},
			"faces": {
				"north": {"uv": [0, 16, 2, 0], "rotation": 180, "texture": "#main"},
				"east": {"uv": [15, 1, 12, 11], "texture": "#side"},
				"south": {"uv": [14, 16, 16, 0], "rotation": 180, "texture": "#main", "cullface": "south"},
				"west": {"uv": [15, 0, 12, 16], "rotation": 180, "texture": "#side", "cullface": "west"},
				"up": {"uv": [6, 14, 3, 16], "rotation": 90, "texture": "#side", "cullface": "up"},
				"down": {"uv": [15, 0, 12, 2], "rotation": 270, "texture": "#side", "cullface": "down"}
			}
		},
		{
			"from": [14, 0, 13],
			"to": [16, 16, 16],
			"rotation": {"angle": 0, "axis": "y", "origin": [8, 8, 21]},
			"faces": {
				"north": {"uv": [14, 16, 16, 0], "rotation": 180, "texture": "#main"},
				"east": {"uv": [12, 0, 9, 16], "texture": "#side", "cullface": "east"},
				"south": {"uv": [0, 16, 2, 0], "rotation": 180, "texture": "#main", "cullface": "south"},
				"west": {"uv": [6, 0, 3, 16], "texture": "#side"},
				"up": {"uv": [6, 0, 3, 2], "rotation": 90, "texture": "#side", "cullface": "up"},
				"down": {"uv": [15, 14, 12, 16], "rotation": 270, "texture": "#side", "cullface": "down"}
			}
		},
		{
			"from": [2, 0, 13],
			"to": [14, 3, 16],
			"rotation": {"angle": 0, "axis": "y", "origin": [8, 8, 21]},
			"faces": {
				"north": {"uv": [2, 16, 14, 13], "rotation": 180, "texture": "#main"},
				"south": {"uv": [2, 16, 14, 13], "rotation": 180, "texture": "#main", "cullface": "south"},
				"up": {"uv": [2, 3, 14, 0], "rotation": 180, "texture": "#main"},
				"down": {"uv": [15, 2, 12, 14], "rotation": 270, "texture": "#side", "cullface": "down"}
			}
		},
		{
			"from": [4, 3, 13],
			"to": [7, 13, 16],
			"rotation": {"angle": 0, "axis": "y", "origin": [8, 8, 21]},
			"faces": {
				"north": {"uv": [4, 13, 7, 3], "rotation": 180, "texture": "#main"},
				"east": {"uv": [15, 0, 12, 10], "texture": "#side"},
				"south": {"uv": [9, 13, 12, 3], "rotation": 180, "texture": "#main", "cullface": "south"},
				"west": {"uv": [6, 6, 3, 16], "rotation": 180, "texture": "#side"}
			}
		},
		{
			"from": [9, 3, 13],
			"to": [12, 13, 16],
			"rotation": {"angle": 0, "axis": "y", "origin": [8, 8, 21]},
			"faces": {
				"north": {"uv": [9, 13, 12, 3], "rotation": 180, "texture": "#main"},
				"east": {"uv": [15, 4, 12, 14], "texture": "#side"},
				"south": {"uv": [4, 13, 7, 3], "rotation": 180, "texture": "#main", "cullface": "south"},
				"west": {"uv": [6, 3, 3, 13], "rotation": 180, "texture": "#side"}
			}
		},
		{
			"from": [5, 0.008, 12.5],
			"to": [11, 2.008, 16.5],
			"rotation": {"angle": 0, "axis": "y", "origin": [8, 8, 23]},
			"faces": {
				"north": {"uv": [12, 4, 6, 2], "rotation": 180, "texture": "#2"},
				"east": {"uv": [7, 4, 6, 6], "texture": "#2"},
				"south": {"uv": [6, 4, 12, 2], "rotation": 180, "texture": "#2", "cullface": "south"},
				"west": {"uv": [7, 4, 6, 6], "texture": "#2"},
				"up": {"uv": [0, 5, 6, 4], "rotation": 180, "texture": "#2"},
				"down": {"uv": [0, 5, 6, 4], "texture": "#2"}
			}
		}
	]
}
