{
	"credit": "Made with Blockbench by Zentheon",
	"textures": {
		"1": "block/crimson_sides",
		"particle": "block/crimson_sides",
		"main": "block/crimson_trapdoor"
	},
	"elements": [
		{
			"from": [0, 0, 13],
			"to": [16, 3, 16],
			"rotation": {"angle": 0, "axis": "y", "origin": [5, 8, 8]},
			"faces": {
				"north": {"uv": [3, 0, 13, 3], "rotation": 180, "texture": "#main"},
				"east": {"uv": [9, 13, 12, 16], "texture": "#1", "cullface": "east"},
				"south": {"uv": [9, 0, 12, 16], "rotation": 90, "texture": "#1", "cullface": "south"},
				"west": {"uv": [3, 0, 6, 3], "rotation": 90, "texture": "#1", "cullface": "west"},
				"up": {"uv": [0, 0, 16, 3], "rotation": 180, "texture": "#main"},
				"down": {"uv": [0, 0, 16, 3], "texture": "#main", "cullface": "down"}
			}
		},
		{
			"from": [0, 0, 3],
			"to": [3, 3, 13],
			"faces": {
				"north": {"uv": [14, 13, 16, 16], "texture": "#main", "cullface": "north"},
				"east": {"uv": [3, 0, 13, 3], "texture": "#main"},
				"south": {"uv": [0, 13, 2, 16], "texture": "#main", "cullface": "south"},
				"west": {"uv": [3, 3, 6, 13], "rotation": 90, "texture": "#1", "cullface": "west"},
				"up": {"uv": [13, 3, 16, 13], "rotation": 180, "texture": "#main"},
				"down": {"uv": [0, 3, 3, 13], "texture": "#main", "cullface": "down"}
			}
		},
		{
			"from": [13, 0, 3],
			"to": [16, 3, 13],
			"faces": {
				"north": {"uv": [0, 13, 2, 16], "texture": "#main", "cullface": "north"},
				"east": {"uv": [9, 3, 12, 13], "rotation": 90, "texture": "#1", "cullface": "east"},
				"south": {"uv": [14, 13, 16, 16], "texture": "#main", "cullface": "south"},
				"west": {"uv": [3, 0, 13, 3], "texture": "#main"},
				"up": {"uv": [0, 3, 3, 13], "rotation": 180, "texture": "#main"},
				"down": {"uv": [13, 3, 16, 13], "texture": "#main", "cullface": "down"}
			}
		},
		{
			"from": [0, 0, 0],
			"to": [16, 3, 3],
			"rotation": {"angle": 0, "axis": "y", "origin": [5, 8, 8]},
			"faces": {
				"north": {"uv": [9, 0, 12, 16], "rotation": 90, "texture": "#1", "cullface": "north"},
				"east": {"uv": [9, 0, 12, 3], "texture": "#1", "cullface": "east"},
				"south": {"uv": [0, 0, 16, 3], "rotation": 180, "texture": "#main"},
				"west": {"uv": [3, 13, 6, 16], "rotation": 90, "texture": "#1", "cullface": "west"},
				"up": {"uv": [0, 13, 16, 16], "rotation": 180, "texture": "#main"},
				"down": {"uv": [0, 13, 16, 16], "texture": "#main", "cullface": "down"}
			}
		},
		{
			"from": [3, 0, 9],
			"to": [13, 3, 12],
			"rotation": {"angle": 0, "axis": "y", "origin": [20, 8, 18]},
			"faces": {
				"north": {"uv": [3, 4, 13, 7], "texture": "#main"},
				"south": {"uv": [3, 4, 13, 7], "texture": "#main"},
				"up": {"uv": [3, 4, 13, 7], "texture": "#main"},
				"down": {"uv": [3, 4, 13, 7], "texture": "#main", "cullface": "down"}
			}
		},
		{
			"from": [3, 0, 4],
			"to": [13, 3, 7],
			"rotation": {"angle": 0, "axis": "y", "origin": [20, 8, 13]},
			"faces": {
				"north": {"uv": [3, 9, 13, 12], "texture": "#main"},
				"south": {"uv": [2, 9, 12, 12], "texture": "#main"},
				"up": {"uv": [3, 9, 13, 12], "texture": "#main"},
				"down": {"uv": [3, 9, 13, 12], "texture": "#main", "cullface": "down"}
			}
		}
	],
	"display": {
		"thirdperson_righthand": {
			"rotation": [70, -45, 0],
			"translation": [0, 1.75, 2.25],
			"scale": [0.35, 0.35, 0.35]
		},
		"thirdperson_lefthand": {
			"rotation": [70, -45, 0],
			"translation": [0, 1.75, 2.25],
			"scale": [0.35, 0.35, 0.35]
		},
		"firstperson_righthand": {
			"rotation": [1, 43, 0],
			"translation": [3, 3.5, 0],
			"scale": [0.65, 0.65, 0.65]
		},
		"firstperson_lefthand": {
			"rotation": [1, 43, 0],
			"translation": [3, 3.5, 0],
			"scale": [0.65, 0.65, 0.65]
		},
		"ground": {
			"translation": [0, 3, 0],
			"scale": [0.23, 0.23, 0.23]
		},
		"gui": {
			"rotation": [35, -135, 0],
			"translation": [0, 0.5, 0],
			"scale": [0.65, 0.65, 0.65]
		},
		"head": {
			"translation": [0, 13, 0]
		},
		"fixed": {
			"rotation": [89.5, 0, 0],
			"translation": [0, 0, 5],
			"scale": [0.75, 0.75, 0.75]
		}
	}
}