{
	"format_version": "1.9.0",
	"credit": "Made with Blockbench",
	"texture_size": [32, 32],
	"textures": {
		"0": "enderscape:item/stasis_armor_trim_smithing_template3d",
		"particle": "enderscape:item/stasis_armor_trim_smithing_template3d"
	},
	"elements": [
		{
			"from": [4, 0, 6],
			"to": [12, 11, 10],
			"rotation": {"angle": 0, "axis": "y", "origin": [6, 0, 7]},
			"faces": {
				"north": {"uv": [0, 0, 4, 5.5], "texture": "#0"},
				"east": {"uv": [0, 5.5, 2, 11], "texture": "#0"},
				"south": {"uv": [4, 0, 8, 5.5], "texture": "#0"},
				"west": {"uv": [2, 5.5, 4, 11], "texture": "#0"},
				"up": {"uv": [8, 7.5, 4, 5.5], "texture": "#0"},
				"down": {"uv": [8, 7.5, 4, 9.5], "texture": "#0"}
			}
		},
		{
			"from": [12.15, 11.15, 10.15],
			"to": [3.85, -0.15, 5.85],
			"rotation": {"angle": 0, "axis": "y", "origin": [16.25, 16.75, 12.25]},
			"faces": {
				"north": {"uv": [8, 0, 8.5, 0.5], "texture": "#0"},
				"east": {"uv": [8, 0, 8.5, 0.5], "texture": "#0"},
				"south": {"uv": [8, 0, 8.5, 0.5], "texture": "#0"},
				"west": {"uv": [8, 0, 8.5, 0.5], "texture": "#0"},
				"up": {"uv": [8.5, 0.5, 8, 0], "texture": "#0"},
				"down": {"uv": [8.5, 0, 8, 0.5], "texture": "#0"}
			}
		},
		{
			"from": [11, 9, 6.05],
			"to": [11, 5, 5.75],
			"rotation": {"angle": 0, "axis": "y", "origin": [11, 9, 6.05]},
			"faces": {
				"north": {"uv": [8, 0, 8.5, 0.5], "texture": "#0"},
				"south": {"uv": [8, 0, 8.5, 0.5], "texture": "#0"},
				"west": {"uv": [8, 0, 8.5, 0.5], "texture": "#0"},
				"up": {"uv": [8, 0, 8.5, 0.5], "texture": "#0"},
				"down": {"uv": [8, 0, 8.5, 0.5], "texture": "#0"}
			}
		},
		{
			"from": [9, 9, 6.05],
			"to": [9, 6, 5.75],
			"rotation": {"angle": 0, "axis": "y", "origin": [9, 9, 6.05]},
			"faces": {
				"north": {"uv": [8, 0, 8.5, 0.5], "texture": "#0"},
				"east": {"uv": [8, 0, 8.5, 0.5], "texture": "#0"},
				"south": {"uv": [8, 0, 8.5, 0.5], "texture": "#0"},
				"up": {"uv": [8, 0, 8.5, 0.5], "texture": "#0"},
				"down": {"uv": [8, 0, 8.5, 0.5], "texture": "#0"}
			}
		},
		{
			"from": [5, 7, 6.05],
			"to": [5, 3, 5.75],
			"rotation": {"angle": 0, "axis": "y", "origin": [5, 7, 6.05]},
			"faces": {
				"north": {"uv": [8, 0, 8.5, 0.5], "texture": "#0"},
				"east": {"uv": [8, 0, 8.5, 0.5], "texture": "#0"},
				"south": {"uv": [8, 0, 8.5, 0.5], "texture": "#0"},
				"up": {"uv": [8, 0, 8.5, 0.5], "texture": "#0"},
				"down": {"uv": [8, 0, 8.5, 0.5], "texture": "#0"}
			}
		},
		{
			"from": [7, 7, 6.05],
			"to": [7, 6, 5.75],
			"rotation": {"angle": 0, "axis": "y", "origin": [7, 7, 6.05]},
			"faces": {
				"north": {"uv": [8, 0, 8.5, 0.5], "texture": "#0"},
				"south": {"uv": [8, 0, 8.5, 0.5], "texture": "#0"},
				"west": {"uv": [8, 0, 8.5, 0.5], "texture": "#0"},
				"up": {"uv": [8, 0, 8.5, 0.5], "texture": "#0"},
				"down": {"uv": [8, 0, 8.5, 0.5], "texture": "#0"}
			}
		},
		{
			"from": [7, 4, 6.05],
			"to": [7, 3, 5.75],
			"rotation": {"angle": 0, "axis": "y", "origin": [7, 4, 6.05]},
			"faces": {
				"north": {"uv": [8, 0, 8.5, 0.5], "texture": "#0"},
				"south": {"uv": [8, 0, 8.5, 0.5], "texture": "#0"},
				"west": {"uv": [8, 0, 8.5, 0.5], "texture": "#0"},
				"up": {"uv": [8, 0, 8.5, 0.5], "texture": "#0"},
				"down": {"uv": [8, 0, 8.5, 0.5], "texture": "#0"}
			}
		},
		{
			"from": [9, 5, 6.05],
			"to": [9, 4, 5.75],
			"rotation": {"angle": 0, "axis": "y", "origin": [9, 5, 6.05]},
			"faces": {
				"north": {"uv": [8, 0, 8.5, 0.5], "texture": "#0"},
				"south": {"uv": [8, 0, 8.5, 0.5], "texture": "#0"},
				"west": {"uv": [8, 0, 8.5, 0.5], "texture": "#0"},
				"up": {"uv": [8, 0, 8.5, 0.5], "texture": "#0"},
				"down": {"uv": [8, 0, 8.5, 0.5], "texture": "#0"}
			}
		},
		{
			"from": [11, 9, 6.05],
			"to": [9, 9, 5.75],
			"rotation": {"angle": 0, "axis": "y", "origin": [11, 9, 6.05]},
			"faces": {
				"north": {"uv": [8, 0, 8.5, 0.5], "texture": "#0"},
				"east": {"uv": [8, 0, 8.5, 0.5], "texture": "#0"},
				"south": {"uv": [8, 0, 8.5, 0.5], "texture": "#0"},
				"west": {"uv": [8, 0, 8.5, 0.5], "texture": "#0"},
				"down": {"uv": [8, 0, 8.5, 0.5], "texture": "#0"}
			}
		},
		{
			"from": [7, 7, 6.05],
			"to": [5, 7, 5.75],
			"rotation": {"angle": 0, "axis": "y", "origin": [7, 7, 6.05]},
			"faces": {
				"north": {"uv": [8, 0, 8.5, 0.5], "texture": "#0"},
				"east": {"uv": [8, 0, 8.5, 0.5], "texture": "#0"},
				"south": {"uv": [8, 0, 8.5, 0.5], "texture": "#0"},
				"west": {"uv": [8, 0, 8.5, 0.5], "texture": "#0"},
				"down": {"uv": [8, 0, 8.5, 0.5], "texture": "#0"}
			}
		},
		{
			"from": [9, 6, 6.05],
			"to": [7, 6, 5.75],
			"rotation": {"angle": 0, "axis": "y", "origin": [9, 6, 6.05]},
			"faces": {
				"north": {"uv": [8, 0, 8.5, 0.5], "texture": "#0"},
				"east": {"uv": [8, 0, 8.5, 0.5], "texture": "#0"},
				"south": {"uv": [8, 0, 8.5, 0.5], "texture": "#0"},
				"west": {"uv": [8, 0, 8.5, 0.5], "texture": "#0"},
				"down": {"uv": [8, 0, 8.5, 0.5], "texture": "#0"}
			}
		},
		{
			"from": [9, 4, 6.05],
			"to": [7, 4, 5.75],
			"rotation": {"angle": 0, "axis": "y", "origin": [9, 4, 6.05]},
			"faces": {
				"north": {"uv": [8, 0, 8.5, 0.5], "texture": "#0"},
				"east": {"uv": [8, 0, 8.5, 0.5], "texture": "#0"},
				"south": {"uv": [8, 0, 8.5, 0.5], "texture": "#0"},
				"west": {"uv": [8, 0, 8.5, 0.5], "texture": "#0"},
				"up": {"uv": [8, 0, 8.5, 0.5], "texture": "#0"}
			}
		},
		{
			"from": [7, 3, 6.05],
			"to": [5, 3, 5.75],
			"rotation": {"angle": 0, "axis": "y", "origin": [7, 3, 6.05]},
			"faces": {
				"north": {"uv": [8, 0, 8.5, 0.5], "texture": "#0"},
				"east": {"uv": [8, 0, 8.5, 0.5], "texture": "#0"},
				"south": {"uv": [8, 0, 8.5, 0.5], "texture": "#0"},
				"west": {"uv": [8, 0, 8.5, 0.5], "texture": "#0"},
				"up": {"uv": [8, 0, 8.5, 0.5], "texture": "#0"}
			}
		},
		{
			"from": [11, 5, 6.05],
			"to": [9, 5, 5.75],
			"rotation": {"angle": 0, "axis": "y", "origin": [11, 5, 6.05]},
			"faces": {
				"north": {"uv": [8, 0, 8.5, 0.5], "texture": "#0"},
				"east": {"uv": [8, 0, 8.5, 0.5], "texture": "#0"},
				"south": {"uv": [8, 0, 8.5, 0.5], "texture": "#0"},
				"west": {"uv": [8, 0, 8.5, 0.5], "texture": "#0"},
				"up": {"uv": [8, 0, 8.5, 0.5], "texture": "#0"}
			}
		}
	],
	"display": {
		"thirdperson_righthand": {
			"rotation": [156, 85, -162.5],
			"translation": [0, -0.25, -2.5],
			"scale": [0.64102, 0.64102, 0.64102]
		},
		"thirdperson_lefthand": {
			"rotation": [156, 85, -162.5],
			"translation": [0, -0.25, -2.5],
			"scale": [0.64102, 0.64102, 0.64102]
		},
		"firstperson_righthand": {
			"rotation": [137.89, 66.36, -141.16],
			"translation": [-0.25, 5.5, 1.5],
			"scale": [0.51953, 0.51953, 0.51953]
		},
		"firstperson_lefthand": {
			"rotation": [137.89, 66.36, -141.16],
			"translation": [-0.25, 5.5, 1.5],
			"scale": [0.51953, 0.51953, 0.51953]
		},
		"head": {
			"translation": [0, 2.75, -8.5]
		},
		"fixed": {
			"translation": [0, 2.5, -1]
		}
	}
}