{
  "parent": "minecraft:item/handheld",
  "textures": {
    "layer0": "minecraft:item/golden_apple"
  },
  "overrides": [
    { "predicate": { "pommel:first_third_person": 0.5 }, "model": "minecraft:item/enchanted_golden_apple_3d_firstperson" },
    { "predicate": { "pommel:first_third_person": 1.0 }, "model": "minecraft:item/enchanted_golden_apple_3d_thirdperson" },
    { "predicate": { "eating": 1.0, "eat": 0.10 }, "model": "minecraft:item/eatinganimation/enchanted_golden_apple_thirdperson/enchanted_golden_apple_eat_0" },
    { "predicate": { "eating": 1.0, "eat": 0.30 }, "model": "minecraft:item/eatinganimation/enchanted_golden_apple_thirdperson/enchanted_golden_apple_eat_1" },
    { "predicate": { "eating": 1.0, "eat": 0.50 }, "model": "minecraft:item/eatinganimation/enchanted_golden_apple_thirdperson/enchanted_golden_apple_eat_2" },
    { "predicate": { "eating": 1.0, "eat": 0.75 }, "model": "minecraft:item/eatinganimation/enchanted_golden_apple_thirdperson/enchanted_golden_apple_eat_3" },
    { "predicate": { "eating": 1.0, "eat": 0.90 }, "model": "minecraft:item/eatinganimation/enchanted_golden_apple_thirdperson/enchanted_golden_apple_eat_4" }
  ]
}
